pathway_id,step_id,substrate_smiles,product,product_smiles,"initial PFAS concentration
(μM)",pH,"temperature
(℃)",system,UV(nm),organic matter content（％）,cation exchange capacity（cmol/kg）,TP(mg/g),TN(mg/g),TOC(mg/g),moisture content(％),TTS(g/L),sludge_volume(mL),DO(mg/L),reaction time(d)
PFHxS-1,1,FC(C(F)(C(F)(C(F)(C(F)(C(S(=O)(O)=O)(F)F)F)F)F)F)(F)F,C5HF11O3S,FC(C(F)(F)F)(F)C(C(C(F)(F)S(=O)(O)=O)(F)F)(F)F,12.5,,25,IR/HOCCO-,,,,,,,,,,,
PFHxS-1,2,FC(C(F)(F)F)(F)C(C(C(F)(F)S(=O)(O)=O)(F)F)(F)F,C4HF9O3S,FC(F)(C(F)(F)C(F)(F)C(F)(S(=O)(O)=O)F)F,12.5,,25,IR/HOCCO-,,,,,,,,,,,
PFHxS-1,3,FC(F)(C(F)(F)C(F)(F)C(F)(S(=O)(O)=O)F)F,C3H3F3O5S,FC(F)(S(=O)(O)=O)C(F)C(O)=O,12.5,,25,IR/HOCCO-,,,,,,,,,,,
PFHxS-2,1,FC(S(=O)(O)=O)(C(C(O)=O)F)F,C2H3F3O4S,OC(F)C(F)(S(=O)(O)=O)F,12.5,,25,IR/HOCCO-,,,,,,,,,,,
PFHxS-2,2,FC(S(=O)(O)=O)(C(C(O)=O)F)F,C3HF3O2,FC(F)C(F)C(O)=O,12.5,,25,IR/HOCCO-,,,,,,,,,,,
PFHxS-2,4,FC(F)(O)C(F)C(O)=O,C2H4O3,[H]C([H])(C(O)=O)O,12.5,,25,IR/HOCCO-,,,,,,,,,,,
PFHxS-2,5,OC(F)C(F)(S(=O)(O)=O)F,C2H4O3,[H]C([H])(C(O)=O)O,12.5,,25,IR/HOCCO-,,,,,,,,,,,
PFHxS-3,1,FC(C(F)(C(F)(C(F)(C(F)(C(S(=O)(O)=O)(F)F)F)F)F)F)(F)F,C6H11FO3,[H]C(C([H])(C([H])(C(O)(F)[H])[H])[H])(C(C(O)=O)[H])[H],12.5,,25,IR/HOCCO-,,,,,,,,,,,
PFHxS-3,2,FC(C(F)(F)F)(F)C(C(C(F)(F)S(=O)(O)=O)(F)F)(F)F,C6H11FO3,[H]C(C([H])(C([H])(C(O)(F)[H])[H])[H])(C(C(O)=O)[H])[H],12.5,,25,IR/HOCCO-,,,,,,,,,,,
PFHxS-3,3,[H]C(C([H])(C([H])(C(O)(F)[H])[H])[H])(C(C(O)=O)[H])[H],C2H2O4,OC(C(O)=O)=O,12.5,,25,IR/HOCCO-,,,,,,,,,,,
PFHxS-3,4,FC(F)(C(F)(F)C(F)(F)C(F)(S(=O)(O)=O)F)F,C5H10O3,[H]C(C([H])(C([H])(C(O)([H])[H])[H])[H])(C(O)=O)[H],12.5,,25,IR/HOCCO-,,,,,,,,,,,
PFHxS-3,5,[H]C(C([H])(C([H])(C(O)([H])[H])[H])[H])(C(O)=O)[H],C2H2O4,OC(C(O)=O)=O,12.5,,25,IR/HOCCO-,,,,,,,,,,,
GenX-1,1,FC(F)(C(F)(F)C(F)(F)O[C@](C([O-])=O)(F)C(F)(F)F)F,C3F7OH,FC(C(F)(F)C(F)(O)F)(F)F,160,10,,UV/SO32-,253.7,,,,,,,,,,
GenX-1,2,FC(C(F)(F)C(F)(O)F)(F)F,CF3CF2COF,FC(C(F)(F)C(F)=O)(F)F,160,10,,UV/SO32-,253.7,,,,,,,,,,
GenX-1,3,FC(C(F)(F)C(F)=O)(F)F,C2F5COO-,FC(C(F)(F)C([O-])=O)(F)F,160,10,,UV/SO32-,253.7,,,,,,,,,,
GenX-1,4,FC(C(F)(F)C([O-])=O)(F)F,CO2,C(=O)=O,160,10,,UV/SO32-,253.7,,,,,,,,,,
GenX-1,5,FC(C(F)(F)C([O-])=O)(F)F,CF3CFO,FC(C(F)=O)(F)F,160,10,,UV/SO32-,253.7,,,,,,,,,,
GenX-1,6,FC(C(F)=O)(F)F,CF3COO-,FC(C([O-])=O)(F)F,160,10,,UV/SO32-,253.7,,,,,,,,,,
GenX-1,7,FC(C(F)(F)C([O-])=O)(F)F,CF3H2COO-,FC(C([H])([H])C([O-])=O)(F)F,160,10,,UV/SO32-,253.7,,,,,,,,,,
GenX-1,8,FC(C([H])([H])C([O-])=O)(F)F,CF3COO-,FC(C([O-])=O)(F)F,160,10,,UV/SO32-,253.7,,,,,,,,,,
GenX-2,1,FC(F)(C(F)(F)C(F)(F)O[C@](C([O-])=O)(F)C(F)(F)F)F,CF3CFOOH-,FC(C(O)([O-])F)(F)F,160,10,,UV/SO32-,253.7,,,,,,,,,,
GenX-2,2,FC(C(O)([O-])F)(F)F,CF3CFO,FC(C(F)=O)(F)F,160,10,,UV/SO32-,253.7,,,,,,,,,,
GenX-2,3,FC(C(F)=O)(F)F,CF3COO-,FC(C([O-])=O)(F)F,160,10,,UV/SO32-,253.7,,,,,,,,,,
TFA,1,FC(F)(F)C([O-])=O,C2HF2O2-,FC([H])(F)C([O-])=O,25,12,20,UV/SO32-,254,,,,,,,,,,
TFA,2,FC([H])(F)C([O-])=O,C2H2FO2-,FC([H])([H])C([O-])=O,25,12,20,UV/SO32-,254,,,,,,,,,,
TFA,3,FC([H])([H])C([O-])=O,C2H3O2-,[H]C([H])([H])C([O-])=O,25,12,20,UV/SO32-,254,,,,,,,,,,
PFPrA-1,1,FC(F)(C(C([O-])=O)(F)F)F,CF3CFHCOO-,FC(F)(C(C([O-])=O)(F)[H])F,250,12,20,UV/SO32-,254,,,,,,,,,,
PFPrA-1,2,FC(F)(C(C([O-])=O)(F)[H])F,CF3CH2COO-,FC(F)(C(C([O-])=O)([H])[H])F,250,12,20,UV/SO32-,254,,,,,,,,,,
PFPrA-2,1,FC(F)(C(C([O-])=O)(F)F)F,CF3COO-,FC(C([O-])=O)(F)F,250,12,20,UV/SO32-,254,,,,,,,,,,
PFPrA-2,2,FC(C([O-])=O)(F)F,C2HF2O2-,FC([H])(F)C([O-])=O,250,12,20,UV/SO32-,254,,,,,,,,,,
PFPrA-2,3,FC([H])(F)C([O-])=O,C2H2FO2-,FC([H])([H])C([O-])=O,250,12,20,UV/SO32-,254,,,,,,,,,,
PFPrA-2,5,FC([H])([H])C([O-])=O,F-,[F-],250,12,20,UV/SO32-,254,,,,,,,,,,
H-PFPrA,2,[H]C(F)(C(C([O-])=O)(F)F)F,C2F3H2COO-,[H]C(F)(C(C([O-])=O)(F)[H])F,250,12,20,UV/SO32-,254,,,,,,,,,,
H-PFPrA,3,[H]C(F)(C(C([O-])=O)(F)[H])F,C2F2H3COO-,[H]C(F)(C(C([O-])=O)([H])[H])F,250,12,20,UV/SO32-,254,,,,,,,,,,
PFOA-1,1,FC(C(F)(C(F)(C(F)(C(F)(C(C(C([O-])=O)(F)F)(F)F)F)F)F)F)(F)F,C7F13O2-,FC(F)(F)C(F)(C(F)(C(F)(C(C(C([O-])=O)(F)F)(F)F)F)F)F,25,12,20,UV/SO32-,254,,,,,,,,,,
PFOA-1,2,FC(F)(F)C(F)(C(F)(C(F)(C(C(C([O-])=O)(F)F)(F)F)F)F)F,C6F11O2-,FC(F)(C(F)(C(C(C([O-])=O)(F)F)(F)F)F)C(F)(F)F,25,12,20,UV/SO32-,254,,,,,,,,,,
PFOA-2,1,FC(C(F)(C(F)(C(F)(C(F)(C(C(C([O-])=O)(F)F)(F)F)F)F)F)F)(F)F,C8F14O2-,FC(C(F)(C(F)(C(F)(C(F)(C(C(C([O-])=O)([H])F)(F)F)F)F)F)F)(F)F,25,12,20,UV/SO32-,254,,,,,,,,,,
H-PFPA-1,1,[H]C(C(F)(C(F)(C(F)(C(F)(C(C(C([O-])=O)(F)F)(F)F)F)F)F)F)(F)F,,[H]C(C(F)(C(F)(C(F)(C(F)(C(C(C([O-])=O)([H])F)(F)F)F)F)F)F)(F)F,25,12,20,UV/SO32-,254,,,,,,,,,,
H-PFPA-2,3,FC(F)(C(F)(C(C(C([O-])=O)(F)F)(F)F)F)C(F)([H])F,,FC(F)(C(C(C([O-])=O)(F)F)(F)F)C(F)([H])F,25,12,20,UV/SO32-,254,,,,,,,,,,
H-PFPA-2,4,FC(F)(C(C(C([O-])=O)(F)F)(F)F)C(F)([H])F,,FC(C(C([O-])=O)(F)F)(F)C(F)([H])F,25,12,20,UV/SO32-,254,,,,,,,,,,
H-PFPA-2,5,FC(C(C([O-])=O)(F)F)(F)C(F)([H])F,,FC(C([O-])=O)(F)C(F)([H])F,25,12,20,UV/SO32-,254,,,,,,,,,,
PFOS-1,1,C(C(C(C(C(F)(F)S(=O)(=O)O)(F)F)(F)F)(F)F)(C(C(C(F)(F)F)(F)F)(F)F)(F)F,,C(C(C(C(C(F)(F)F)(F)F)(F)F)(F)F)(C(C(C(O)(F)F)(F)F)(F)F)(F)F,37.2,10,25,UV/SO32-,185,,,,,,,,,,
PFOS-1,2,C(C(C(C(C(F)(F)F)(F)F)(F)F)(F)F)(C(C(C(O)(F)F)(F)F)(F)F)(F)F,,?C(=O)(C(C(C(C(C(C(C(F)(F)F)(F)F)(F)F)(F)F)(F)F)(F)F)(F)F)O,37.2,10,25,UV/SO32-,185,,,,,,,,,,
PFOS-1,3,C(=O)(C(C(C(C(C(C(C(F)(F)F)(F)F)(F)F)(F)F)(F)F)(F)F)(F)F)O,,C(=O)(C(C(C(C(C(C(F)(F)F)(F)F)(F)F)(F)F)(F)F)(F)F)O,37.2,10,25,UV/SO32-,185,,,,,,,,,,
PFOS-1,4,C(=O)(C(C(C(C(C(C(F)(F)F)(F)F)(F)F)(F)F)(F)F)(F)F)O,,C(=O)(C(C(C(C(C(F)(F)F)(F)F)(F)F)(F)F)(F)F)O,37.2,10,25,UV/SO32-,185,,,,,,,,,,
F-53B-1,1,FC(F)(Cl)C(F)(F)C(F)(F)C(F)(F)C(F)(F)C(F)(F)OC(F)(F)C(F)(F)S(=O)([O-])=O,,[O-]C(C(F)(S([O-])(=O)=O)F)(F)F,0.16,10,25,UV/SO32-,253.7,,,,,,,,,,
F-53B-1,2,[O-]C(C(F)(S([O-])(=O)=O)F)(F)F,,FC(C(F)(S(=O)([O-])=O)F)(C([O-])=O)F,0.16,10,25,UV/SO32-,253.7,,,,,,,,,,
F-53B-1,3,FC(C(F)(S(=O)([O-])=O)F)(C([O-])=O)F,,FC(S(=O)([O-])=O)(F)C([O-])=O,0.16,10,25,UV/SO32-,253.7,,,,,,,,,,
HFPO-TeA,1,FC(F)(F)C(C(O[C@](F)(C(F)(F)O[C@](F)(C(F)(O[C@@](F)(C([O-])=O)C(F)(F)F)F)C(F)(F)F)C(F)(F)F)(F)F)(F)F,HFPO-TA,FC(C(C(O[C@@](F)(C(F)(F)F)C(F)(O[C@@](F)(C(F)(F)F)CC([O-])=O)F)(F)F)(F)F)(F)F,0.16,10,25,UV/SO32-,253.7,,,,,,,,,,
HFPO-TeA,2,FC(C(C(O[C@@](F)(C(F)(F)F)C(F)(O[C@@](F)(C(F)(F)F)CC([O-])=O)F)(F)F)(F)F)(F)F,HFPO-DA,FC(C(F)(C(F)(O[C@@](F)(C([O-])=O)C(F)(F)F)F)F)(F)F,0.16,10,25,UV/SO32-,253.7,,,,,,,,,,
HFPO-TeA,3,FC(C(F)(C(F)(O[C@@](F)(C([O-])=O)C(F)(F)F)F)F)(F)F,PFA,FC(C(F)(C([O-])=O)F)(F)F,0.16,10,25,UV/SO32-,253.7,,,,,,,,,,
HFPO-TeA,4,FC(C(F)(C([O-])=O)F)(F)F,TFA,FC(C([O-])=O)(F)F,0.16,10,25,UV/SO32-,253.7,,,,,,,,,,
HFPO-TeA-1,1,FC(F)(F)C(C(O[C@](F)(C(F)(F)O[C@](F)(C(F)(O[C@@](F)(C([O-])=O)C(F)(F)F)F)C(F)(F)F)C(F)(F)F)(F)F)(F)F,,FC(F)(F)C(C(O[C@](F)(C(F)(F)O[C@](F)(C(F)(OC(C([O-])=O)([H])[H])F)C(F)(F)F)C(F)(F)F)(F)F)(F)F,25,9.5,20,UV/SO32-,254,,,,,,,,,,
HFPO-TeA-1,2,FC(F)(F)C(C(O[C@](F)(C(F)(F)O[C@](F)(C(F)(OC(C([O-])=O)([H])[H])F)C(F)(F)F)C(F)(F)F)(F)F)(F)F,,FC(F)(F)C(C(O[C@](F)(C(F)(F)OC([H])([H])C(F)(OC(C([O-])=O)([H])[H])F)C(F)(F)F)(F)F)(F)F,25,9.5,20,UV/SO32-,254,,,,,,,,,,
HFPO-TeA-2,1,FC(F)(F)C(C(O[C@](F)(C(F)(F)O[C@](F)(C(F)(O[C@@](F)(C([O-])=O)C(F)(F)F)F)C(F)(F)F)C(F)(F)F)(F)F)(F)F,HFPO-TrA,FC(C(C(OC(C(F)(F)F)(F)C(F)(OC(C(F)(F)F)(F)C([O-])=O)F)(F)F)(F)F)(F)F,25,9.5,20,UV/SO32-,254,,,,,,,,,,
HFPO-TeA-2,2,FC(C(C(OC(C(F)(F)F)(F)C(F)(OC(C(F)(F)F)(F)C([O-])=O)F)(F)F)(F)F)(F)F,,FC(C(C(OC(C(F)(F)F)(F)C(F)(OC(C(F)(F)F)([H])C([O-])=O)F)(F)F)(F)F)(F)F,25,9.5,20,UV/SO32-,254,,,,,,,,,,
HFPO-TeA-2,3,FC(C(C(OC(C(F)(F)F)(F)C(F)(OC(C(F)(F)F)([H])C([O-])=O)F)(F)F)(F)F)(F)F,,FC(C(C(OC(C(F)(F)F)([H])C(F)(OC(C(F)(F)F)([H])C([O-])=O)F)(F)F)(F)F)(F)F,25,9.5,20,UV/SO32-,254,,,,,,,,,,
HFPO-TeA-2,4,FC(C(C(OC(C(F)(F)F)(F)C(F)(OC(C(F)(F)F)([H])C([O-])=O)F)(F)F)(F)F)(F)F,,FC(C(C(OC(C(F)(F)F)(F)C(F)(OC([H])([H])C([O-])=O)F)(F)F)(F)F)(F)F,25,9.5,20,UV/SO32-,254,,,,,,,,,,
HFPO-TeA-3,2,FC(C(F)(C(F)(OC(C([O-])=O)(F)C(F)(F)F)F)F)(F)F,,FC(C(F)(C(F)(OC(C([O-])=O)([H])C(F)(F)F)F)F)(F)F,25,9.5,20,UV/SO32-,254,,,,,,,,,,
HFPO-TeA-4,1,FC(C(F)(C(F)(OC(C([O-])=O)(F)C(F)(F)F)F)F)(F)F,,FC(F)(C(O)(F)C([O-])=O)F,25,9.5,20,UV/SO32-,254,,,,,,,,,,
HFPO-TeA-4,2,FC(F)(C(O)(F)C([O-])=O)F,,FC(C(C([O-])=O)=O)(F)F,25,9.5,20,UV/SO32-,254,,,,,,,,,,
HFPO-TeA-4,3,FC(C(C([O-])=O)=O)(F)F,,FC(C([O-])=O)(F)F,25,9.5,20,UV/SO32-,254,,,,,,,,,,
HFPO-TeA-4,4,FC(C([O-])=O)(F)F,,FC(O)(F)F,25,9.5,20,UV/SO32-,254,,,,,,,,,,
HFPO-TeA-4,5,FC(O)(F)F,,O=C(F)F,25,9.5,20,UV/SO32-,254,,,,,,,,,,
HFPO-TeA-4,6,O=C(F)F,HF,F,25,9.5,20,UV/SO32-,254,,,,,,,,,,
HFPO-TeA-4,7,O=C(F)F,CO2,C(=O)=O,25,9.5,20,UV/SO32-,254,,,,,,,,,,
HFPO-TeA-5,1,FC(C(F)(C(F)(OC(C([O-])=O)(F)C(F)(F)F)F)F)(F)F,,FC(C(F)(C(F)(O)F)F)(F)F,25,9.5,20,UV/SO32-,254,,,,,,,,,,
HFPO-TeA-5,2,FC(C(F)(C(F)(O)F)F)(F)F,,FC(C(F)(C(F)=O)F)(F)F,25,9.5,20,UV/SO32-,254,,,,,,,,,,
HFPO-TeA-5,3,FC(C(F)(C(F)=O)F)(F)F,,FC(F)(F)C(F)(C([O-])=O)F,25,9.5,20,UV/SO32-,254,,,,,,,,,,
HFPO-TeA-5,4,FC(F)(F)C(F)(C([O-])=O)F,,FC(F)(F)C(F)(C([O-])=O)[H],25,9.5,20,UV/SO32-,254,,,,,,,,,,
HFPO-TeA-5,5,FC(F)(F)C(F)(C([O-])=O)[H],,FC(F)(F)C([H])(C([O-])=O)[H],25,9.5,20,UV/SO32-,254,,,,,,,,,,
B3-1,1,FC(OC(F)(C(F)(C(F)(C([O-])=O)F)F)F)(F)F,,FC(OC(F)(C(F)(C([H])(C([O-])=O)F)F)F)(F)F,25,9.5,20,UV/SO32-,254,,,,,,,,,,
B3-1,2,FC(OC(F)(C(F)(C([H])(C([O-])=O)F)F)F)(F)F,,FC(OC(F)(C(F)(C([H])(C([O-])=O)[H])F)F)(F)F,25,9.5,20,UV/SO32-,254,,,,,,,,,,
B3-2,1,FC(OC(F)(C(F)(C(F)(C([O-])=O)F)F)F)(F)F,,OC(F)(C(F)(C(F)(C([O-])=O)F)F)F,25,9.5,20,UV/SO32-,254,,,,,,,,,,
B3-3,1,FC(OC(F)(C(F)(C(F)(C([O-])=O)F)F)F)(F)F,,FC(F)(OC(F)(C(F)(C([O-])=O)F)F)F,25,9.5,20,UV/SO32-,254,,,,,,,,,,
C2-1,1,FC(C(OC(F)(F)F)(F)F)(OC(F)(C(F)(OC(F)(C([O-])=O)F)F)F)F,,FC(C(OC(F)(F)F)(F)F)(OC(F)(C(F)(OC([H])(C([O-])=O)F)F)F)F,25,9.5,20,UV/SO32-,254,,,,,,,,,,
C2-1,2,FC(C(OC(F)(F)F)(F)F)(OC(F)(C(F)(OC([H])(C([O-])=O)F)F)F)F,,FC(C(OC(F)(F)F)(F)F)(OC(F)(C(F)(OC([H])(C([O-])=O)[H])F)F)F,25,9.5,20,UV/SO32-,254,,,,,,,,,,
C2-2,1,FC(C(OC(F)(F)F)(F)F)(OC(F)(C(F)(OC(F)(C([O-])=O)F)F)F)F,,FC(F)(OC(F)(F)C(OC(F)(F)F)(F)F)C([O-])=O,25,9.5,20,UV/SO32-,254,,,,,,,,,,
C2-3,1,FC(C(OC(F)(F)F)(F)F)(OC(F)(C(F)(OC(F)(C([O-])=O)F)F)F)F,,FC(OC(F)(C(F)(F)OC(F)(F)F)F)(C(F)(OC([O-])=O)F)F,25,9.5,20,UV/SO32-,254,,,,,,,,,,
C2-3,2,FC(OC(F)(C(F)(F)OC(F)(F)F)F)(C(F)(OC([O-])=O)F)F,,FC(OC(F)(C(F)(F)OC(F)(F)F)F)(C(F)(O)F)F,25,9.5,20,UV/SO32-,254,,,,,,,,,,
D2-1,1,FC(F)(C(F)(C(F)(C(F)(OC(F)(C(F)(OC(F)(C(F)(OC(F)(C([O-])=O)F)F)F)F)F)F)F)F)F,,FC(F)(C(F)(C(F)(C(F)(OC(F)(C(F)(OC(F)(C(F)(OC([H])(C([O-])=O)F)F)F)F)F)F)F)F)F,25,9.5,20,UV/SO32-,254,,,,,,,,,,
D2-1,2,FC(F)(C(F)(C(F)(C(F)(OC(F)(C(F)(OC(F)(C(F)(OC([H])(C([O-])=O)F)F)F)F)F)F)F)F)F,,FC(F)(C(F)(C(F)(C(F)(OC(F)(C(F)(OC(F)(C(F)(OC([H])(C([O-])=O)[H])F)F)F)F)F)F)F)F,25,9.5,20,UV/SO32-,254,,,,,,,,,,
D2-2,1,FC(F)(C(F)(C(F)(C(F)(OC(F)(C(F)(OC(F)(C(F)(OC(F)(C([O-])=O)F)F)F)F)F)F)F)F)F,D1,FC(F)(OC(F)(C(F)(OC(F)(C(F)(C(F)(C(F)(F)F)F)F)F)F)F)C([O-])=O,25,9.5,20,UV/SO32-,254,,,,,,,,,,
D2-3,1,FC(F)(C(F)(C(F)(C(F)(OC(F)(C(F)(OC(F)(C(F)(OC(F)(C([O-])=O)F)F)F)F)F)F)F)F)F,,FC(OC(C(OC(C(C(C(F)(F)F)(F)F)(F)F)(F)F)(F)F)(F)F)(C(F)(OC([O-])=O)F)F,25,9.5,20,UV/SO32-,254,,,,,,,,,,
D2-3,2,FC(OC(C(OC(C(C(C(F)(F)F)(F)F)(F)F)(F)F)(F)F)(F)F)(C(F)(OC([O-])=O)F)F,,FC(OC(C(OC(C(C(C(F)(F)F)(F)[H])([H])[H])(F)F)(F)F)(F)F)(C(F)(OC([O-])=O)F)F,25,9.5,20,UV/SO32-,254,,,,,,,,,,
C7 HFPO-TA-1,2,FC(OC(F)(C(F)(OC([H])(C(O)=O)C(F)(F)F)F)C(F)(F)F)(F)F,C6HF12O5S-,FC(OC(F)(C(F)(OC([H])(S(=O)([O-])=O)C(F)(F)F)F)C(F)(F)F)(F)F,2,12,,UV/SO32-,184.9,,,,,,,,,,
C7 HFPO-TA-2,1,FC(OC(F)(C(F)(OC(F)(C(O)=O)C(F)(F)F)F)C(F)(F)F)(F)F,C6H2F10O3,[H]C(F)(C(F)(OC(F)(C(O)=O)C(F)(F)F)F)C(F)(F)F,2,12,,UV/SO32-,184.9,,,,,,,,,,
C7 HFPO-TA-2,2,[H]C(F)(C(F)(OC(F)(C(O)=O)C(F)(F)F)F)C(F)(F)F,C6H3F9O3,[H]C(F)(C(F)(OC([H])(C(O)=O)C(F)(F)F)F)C(F)(F)F,2,12,,UV/SO32-,184.9,,,,,,,,,,
C7 HFPO-TA-3,1,FC(OC(F)(C(F)(OC(F)(C(O)=O)C(F)(F)F)F)C(F)(F)F)(F)F,C4HF9O2,FC(OC(F)(C(F)(O)F)C(F)(F)F)(F)F,2,12,,UV/SO32-,184.9,,,,,,,,,,
C7 HFPO-TA-3,2,FC(OC(F)(C(F)(O)F)C(F)(F)F)(F)F,C4HF7O3,FC(OC(F)(C(O)=O)C(F)(F)F)(F)F,2,12,,UV/SO32-,184.9,,,,,,,,,,
C7 HFPO-TA-3,3,FC(OC(F)(C(O)=O)C(F)(F)F)(F)F,C4H2F6O3,FC(OC([H])(C(O)=O)C(F)(F)F)(F)F,2,12,,UV/SO32-,184.9,,,,,,,,,,
C7 HFPO-TA-3,4,FC(OC(F)(C(O)=O)C(F)(F)F)(F)F,,OC(F)(C(O)=O)C(F)(F)F,2,12,,UV/SO32-,184.9,,,,,,,,,,
C7 HFPO-TA-3,5,OC(F)(C(O)=O)C(F)(F)F,,O=C(C(O)=O)C(F)(F)F,2,12,,UV/SO32-,184.9,,,,,,,,,,
C7 HFPO-TA-3,6,O=C(C(O)=O)C(F)(F)F,,OC(C(F)(F)F)=O,2,12,,UV/SO32-,184.9,,,,,,,,,,
C7 HFPO-TA-3,7,OC(C(F)(F)F)=O,,OC(F)(F)F,2,12,,UV/SO32-,184.9,,,,,,,,,,
C7 HFPO-TA-3,8,OC(F)(F)F,,O=C(F)F,2,12,,UV/SO32-,184.9,,,,,,,,,,
10:2 FTOH,,C(CO)C(C(C(C(C(C(C(C(C(C(F)(F)F)(F)F)(F)F)(F)F)(F)F)(F)F)(F)F)(F)F)(F)F)(F)F,,C(=O)(C(C(C(C(C(C(C(C(C(F)(F)F)(F)F)(F)F)(F)F)(F)F)(F)F)(F)F)(F)F)(F)F)O,0.187,7.67,21,biotransformation,,4.11,38.47,,,,65,,,,
10:2 FTOH,,C(=O)(C(C(C(C(C(C(C(C(C(F)(F)F)(F)F)(F)F)(F)F)(F)F)(F)F)(F)F)(F)F)(F)F)O,,C(=O)(C(C(C(C(C(C(C(C(F)(F)F)(F)F)(F)F)(F)F)(F)F)(F)F)(F)F)(F)F)O,0.187,7.67,21,biotransformation,,4.11,38.47,,,,65,,,,
10:2 FTOH,,C(=O)(C(C(C(C(C(C(C(C(F)(F)F)(F)F)(F)F)(F)F)(F)F)(F)F)(F)F)(F)F)O,,C(=O)(C(C(C(C(C(C(C(F)(F)F)(F)F)(F)F)(F)F)(F)F)(F)F)(F)F)O,0.187,7.67,21,biotransformation,,4.11,38.47,,,,65,,,,
10:2 monoPAP,,C(COP(=O)(O)O)C(C(C(C(C(C(C(C(C(C(F)(F)F)(F)F)(F)F)(F)F)(F)F)(F)F)(F)F)(F)F)(F)F)(F)F,,C(CO)C(C(C(C(C(C(C(C(C(C(F)(F)F)(F)F)(F)F)(F)F)(F)F)(F)F)(F)F)(F)F)(F)F)(F)F,1.55,7,20,biotransformation,,,,,,,,,,,92
1:3 FTCA,,C(CC(F)(F)F)C(=O)[O-],,C(C(C(=O)[O-])O)C(F)(F)F,3.52,7.7,20,biotransformation,,,,,,,,,,,4
1:3 FTCA,,C(C(=O)[O-])(C(F)(F)F)O,,C(=O)C(F)(F)F,3.52,7.7,20,biotransformation,,,,,,,,0.88,30,0,4
1:3 FTCA,,C(C(C(=O)[O-])O)C(F)(F)F,,C(C=O)C(F)(F)F,3.52,7.7,20,biotransformation,,,,,,,,0.88,30,0,4
1:3 FTCA,,C(CC(F)(F)F)C(=O)[O-],,C(=C\C(F)(F)F)/C(=O)[O-],3.52,7.7,20,biotransformation,,,,,,,,0.88,30,0,4
1:3 FTCA,,C(=O)C(F)(F)F,,C(=O)(C(F)(F)F)[O-],3.52,7.7,20,biotransformation,,,,,,,,0.88,30,0,4
1:3 FTCA,,C(C=O)C(F)(F)F,,C(C(=O)[O-])C(F)(F)F,3.52,7.7,20,biotransformation,,,,,,,,0.88,30,0,4
1:3 FTCA,,C(C(=O)[O-])C(F)(F)F,,C(C(=O)[O-])(C(F)(F)F)O,3.52,7.7,20,biotransformation,,,,,,,,0.88,30,0,4
1:3 FTCA,,C(C(=O)C(F)(F)F)C(=O)[O-],,C(=O)(C(F)(F)F)[O-],3.52,7.7,20,biotransformation,,,,,,,,0.88,30,0,4
1:3 FTCA,,C(=C\C(F)(F)F)/C(=O)[O-],,C(C(C(F)(F)F)O)C(=O)[O-],3.52,7.7,20,biotransformation,,,,,,,,0.88,30,0,4
1:3 FTCA,,C(C(C(F)(F)F)O)C(=O)[O-],,C(C(=O)C(F)(F)F)C(=O)[O-],3.52,7.7,20,biotransformation,,,,,,,,0.88,30,0,4
1:4 FTCA,,C(CC(F)(F)F)C(=O)[O-],,C(=C\C(F)(F)F)/C(=O)[O-],3.2,7.7,20,biotransformation,,,,,,,,0.88,30,0,4
1:4 FTCA,,C(C(=O)[O-])(C(F)(F)F)O,,C(=O)C(F)(F)F,3.2,7.7,20,biotransformation,,,,,,,,0.88,30,0,4
1:4 FTCA,,C(C(=O)CC(F)(F)F)C(=O)[O-],,C(C(=O)[O-])C(F)(F)F,3.2,7.7,20,biotransformation,,,,,,,,0.88,30,0,4
1:4 FTCA,,C(CC(F)(F)F)C(=O)[O-],,C(C(C(=O)[O-])O)C(F)(F)F,3.2,7.7,20,biotransformation,,,,,,,,0.88,30,0,4
1:4 FTCA,,C(C(C(=O)[O-])O)C(F)(F)F,,C(C=O)C(F)(F)F,3.2,7.7,20,biotransformation,,,,,,,,0.88,30,0,4
1:4 FTCA,,C(CC(=O)[O-])CC(F)(F)F,,C(=C\C(=O)[O-])/CC(F)(F)F,3.2,7.7,20,biotransformation,,,,,,,,0.88,30,0,4
1:4 FTCA,,C(C(CC(F)(F)F)O)C(=O)[O-],,C(CC(F)(F)F)C=O,3.2,7.7,20,biotransformation,,,,,,,,0.88,30,0,4
1:4 FTCA,,C(=C\C(=O)[O-])/CC(F)(F)F,,C(C(CC(F)(F)F)O)C(=O)[O-],3.2,7.7,20,biotransformation,,,,,,,,0.88,30,0,4
1:4 FTCA,,C(C=O)C(F)(F)F,,C(C(=O)[O-])C(F)(F)F,3.2,7.7,20,biotransformation,,,,,,,,0.88,30,0,4
1:4 FTCA,,C(C(C(=O)[O-])O)C(F)(F)F,,C(C(=O)C(F)(F)F)C(=O)[O-],3.2,7.7,20,biotransformation,,,,,,,,0.88,30,0,4
1:4 FTCA,,C(C(=O)[O-])C(F)(F)F,,C(C(=O)[O-])(C(F)(F)F)O,3.2,7.7,20,biotransformation,,,,,,,,0.88,30,0,4
1:4 FTCA,,C(CC(F)(F)F)C=O,,C(CC(F)(F)F)C(=O)[O-],3.2,7.7,20,biotransformation,,,,,,,,0.88,30,0,4
1:4 FTCA,,C(=C\C(F)(F)F)/C(=O)[O-],,C(C(C(=O)[O-])O)C(F)(F)F,3.2,7.7,20,biotransformation,,,,,,,,0.88,30,0,4
1:4 FTCA,,C(=O)C(F)(F)F,,C(=O)(C(F)(F)F)[O-],3.2,7.7,20,biotransformation,,,,,,,,0.88,30,0,4
1:4 FTCA,,C(C(CC(F)(F)F)O)C(=O)[O-],,C(C(=O)CC(F)(F)F)C(=O)[O-],3.2,7.7,20,biotransformation,,,,,,,,0.88,30,0,4
1:4 FTCA,,C(CC(=O)[O-])CC(F)(F)F,,C(C(CC(F)(F)F)O)C(=O)[O-],3.2,7.7,20,biotransformation,,,,,,,,0.88,30,0,4
1:4 FTCA,,C(C(=O)C(F)(F)F)C(=O)[O-],,C(=O)(C(F)(F)F)[O-],3.2,7.7,20,biotransformation,,,,,,,,0.88,30,0,4
2-(perfluoroethoxy)acetic acid (E7),,C(=O)(C(O)OC(C(F)(F)F)(F)F)[O-],,C(C(F)(F)O)(F)(F)F,50,,20,biotransformation,,,,,,,,4.4,50,3,28
2-(perfluoroethoxy)acetic acid (E7),,C(C(F)(F)O)(F)(F)F,,C(=O)(C(F)(F)F)O,50,,20,biotransformation,,,,,,,,4.4,50,3,28
2-(perfluoroethoxy)acetic acid (E7),,C(C(=O)[O-])OC(C(F)(F)F)(F)F,,C(=O)(C(O)OC(C(F)(F)F)(F)F)[O-],50,,20,biotransformation,,,,,,,,4.4,50,3,28
2-(perfluoroethoxy)acetic acid (E7),,C(=O)(C(O)OC(C(F)(F)F)(F)F)[O-],,C(=O)(C(=O)[O-])[O-],50,,20,biotransformation,,,,,,,,4.4,50,3,28
2-(perfluoroethoxy)acetic acid (E7),,C(C(F)(F)O)(F)(F)F,,[F-],50,,20,biotransformation,,,,,,,,4.4,50,3,28
2-(trifluoromethoxy)acetic acid (E1),,C(=O)(C(O)OC(F)(F)F)[O-],,C(=O)(C(=O)[O-])[O-],100,,20,biotransformation,,,,,,,,4.4,50,3,28
2-(trifluoromethoxy)acetic acid (E1),,C(F)(F)(F)O,,[F-],100,,20,biotransformation,,,,,,,,4.4,50,3,28
2-(trifluoromethoxy)acetic acid (E1),,C(=O)(C(O)OC(F)(F)F)[O-],,C(F)(F)(F)O,100,,20,biotransformation,,,,,,,,4.4,50,3,28
2-(trifluoromethoxy)acetic acid (E1),,C(C(=O)[O-])OC(F)(F)F,,C(=O)(C(O)OC(F)(F)F)[O-],100,,20,biotransformation,,,,,,,,4.4,50,3,28
"3,3,3-trifluoropropionic acid (C3a)",,CC(C)(COP(=O)(O)OP(=O)(O)OC[C@@H]1[C@H]([C@H]([C@H](N2C=NC3=C2N=CN=C3N)O1)O)OP(=O)(O)O)C(C(=O)NCCC(=O)NCCSC(=O)CC(F)(F)O)O,,F,50,,20,biotransformation,,,,,,,,4.4,50,3,3
"3,3,3-trifluoropropionic acid (C3a)",,CC(C)(COP(=O)(O)OP(=O)(O)OC[C@@H]1[C@H]([C@H]([C@H](N2C=NC3=C2N=CN=C3N)O1)O)OP(=O)(O)O)C(C(=O)NCCC(=O)NCCSC(=O)CC(F)(F)F)O,,F,50,,20,biotransformation,,,,,,,,4.4,50,3,3
"3,3,3-trifluoropropionic acid (C3a)",,CC(C)(COP(=O)(O)OP(=O)(O)OC[C@@H]1[C@H]([C@H]([C@H](N2C=NC3=C2N=CN=C3N)O1)O)OP(=O)(O)O)C(C(=O)NCCC(=O)NCCSC(=O)CC(F)(F)F)O,,CC(C)(COP(=O)(O)OP(=O)(O)OC[C]1[C]([C]([C](N2C=NC3=C2N=CN=C3N)O1)O)OP(=O)(O)O)C(C(=O)NCCC(=O)NCCSC(=O)/C=C(/F)\F)O,50,,20,biotransformation,,,,,,,,4.4,50,3,3
"3,3,3-trifluoropropionic acid (C3a)",,CC(C)(COP(=O)(O)OP(=O)(O)OC[C]1[C]([C]([C](N2C=NC3=C2N=CN=C3N)O1)O)OP(=O)(O)O)C(C(=O)NCCC(=O)NCCSC(=O)/C=C(/F)\F)O,,CC(C)(COP(=O)(O)OP(=O)(O)OC[C@@H]1[C@H]([C@H]([C@H](N2C=NC3=C2N=CN=C3N)O1)O)OP(=O)(O)O)C(C(=O)NCCC(=O)NCCSC(=O)CC(F)(F)O)O,50,,20,biotransformation,,,,,,,,4.4,50,3,3
"3,3,3-trifluoropropionic acid (C3a)",,C(C(=O)O)C(F)(F)F,,CC(C)(COP(=O)(O)OP(=O)(O)OC[C@@H]1[C@H]([C@H]([C@H](N2C=NC3=C2N=CN=C3N)O1)O)OP(=O)(O)O)C(C(=O)NCCC(=O)NCCSC(=O)CC(F)(F)F)O,50,,20,biotransformation,,,,,,,,4.4,50,3,3
"3,3,3-trifluoropropionic acid (C3a)",,CC(C)(COP(=O)(O)OP(=O)(O)OC[C@@H]1[C@H]([C@H]([C@H](N2C=NC3=C2N=CN=C3N)O1)O)OP(=O)(O)O)C(C(=O)NCCC(=O)NCCSC(=O)CC(F)(F)O)O,,CC(C)(COP(=O)(O)OP(=O)(O)OC[C]1[C]([C]([C](N2C=NC3=C2N=CN=C3N)O1)O)OP(=O)(O)O)C(C(=O)NCCC(=O)NCCSC(=O)CC(=O)F)O,50,,20,biotransformation,,,,,,,,4.4,50,3,3
"3,3,3-trifluoropropionic acid (C3a)",,CC(C)(COP(=O)(O)OP(=O)(O)OC[C]1[C]([C]([C](N2C=NC3=C2N=CN=C3N)O1)O)OP(=O)(O)O)C(C(=O)NCCC(=O)NCCSC(=O)CC(=O)F)O,,CC(C)(COP(=O)(O)OP(=O)(O)OC[C@@H]1[C@H]([C@H]([C@H](N2C=NC3=C2N=CN=C3N)O1)O)OP(=O)(O)O)C(C(=O)NCCC(=O)NCCSC(=O)CC(=O)[O-])O,50,,20,biotransformation,,,,,,,,4.4,50,3,3
3-(trifluoromethoxy)propanoic acid (E5),,C(C(=O)[O-])C(O)OC(F)(F)F,,C(C(=O)[O-])C(=O)[O-],100,,20,biotransformation,,,,,,,,4.4,50,3,7
3-(trifluoromethoxy)propanoic acid (E5),,C(F)(F)(F)O,,[F-],100,,20,biotransformation,,,,,,,,4.4,50,3,7
3-(trifluoromethoxy)propanoic acid (E5),,C(COC(F)(F)F)C(=O)[O-],,C(C(=O)[O-])C(O)OC(F)(F)F,100,,20,biotransformation,,,,,,,,4.4,50,3,7
3-(trifluoromethoxy)propanoic acid (E5),,C(C(=O)[O-])C(O)OC(F)(F)F,,C(F)(F)(F)O,100,,20,biotransformation,,,,,,,,4.4,50,3,7
3:3 FTCA,,C(=C(\C(C(F)(F)F)(F)F)/F)/C(=O)[O-],,C(=C\C(C(F)(F)F)(F)F)/C(=O)[O-],2.07,7.7,20,biotransformation,,,,,,,,0.88,30,0,4
3:3 FTCA,,C(CC(C(C(F)(F)F)(F)F)(F)F)C(=O)[O-],,C(=C\C(C(C(F)(F)F)(F)F)(F)F)/C(=O)[O-],2.07,7.7,20,biotransformation,,,,,,,,0.88,30,0,4
3:3 FTCA,,C(=C\C(C(C(F)(F)F)(F)F)(F)F)/C(=O)[O-],,C(C(C(=O)[O-])O)C(C(C(F)(F)F)(F)F)(F)F,2.07,7.7,20,biotransformation,,,,,,,,0.88,30,0,4
3:3 FTCA,,C(C(C(=O)[O-])O)C(C(C(F)(F)F)(F)F)(F)F,,C(C=O)C(C(C(F)(F)F)(F)F)(F)F,2.07,7.7,20,biotransformation,,,,,,,,0.88,30,0,4
3:3 FTCA,,C(C(=O)[O-])(C(C(F)(F)F)(F)F)O,,C(=O)C(C(F)(F)F)(F)F,2.07,7.7,20,biotransformation,,,,,,,,0.88,30,0,4
3:3 FTCA,,C(C(=O)[O-])C(C(C(F)(F)F)(F)F)(F)F,,C(=C(\C(C(F)(F)F)(F)F)/F)/C(=O)[O-],2.07,7.7,20,biotransformation,,,,,,,,0.88,30,0,4
3:3 FTCA,,C(C(C(=O)[O-])O)C(C(F)(F)F)(F)F,,C(C(=O)C(C(F)(F)F)(F)F)C(=O)[O-],2.07,7.7,20,biotransformation,,,,,,,,0.88,30,0,4
3:3 FTCA,,C(=C\C(C(F)(F)F)(F)F)/C(=O)[O-],,C(CC(C(F)(F)F)(F)F)C(=O)[O-],2.07,7.7,20,biotransformation,,,,,,,,0.88,30,0,4
3:3 FTCA,,C(=C\C(C(F)(F)F)(F)F)/C(=O)[O-],,C(C(C(=O)[O-])O)C(C(F)(F)F)(F)F,2.07,7.7,20,biotransformation,,,,,,,,0.88,30,0,4
3:3 FTCA,,C(C(C(=O)[O-])O)C(C(C(F)(F)F)(F)F)(F)F,,C(C(=O)C(C(C(F)(F)F)(F)F)(F)F)C(=O)[O-],2.07,7.7,20,biotransformation,,,,,,,,0.88,30,0,4
3:3 FTCA,,C(CC(C(F)(F)F)(F)F)C(=O)[O-],,C(=C\C(C(F)(F)F)(F)F)/C(=O)[O-],2.07,7.7,20,biotransformation,,,,,,,,0.88,30,0,4
3:3 FTCA,,C(C(=O)C(C(C(F)(F)F)(F)F)(F)F)C(=O)[O-],,C(=O)(C(C(C(F)(F)F)(F)F)(F)F)[O-],2.07,7.7,20,biotransformation,,,,,,,,0.88,30,0,4
3:3 FTCA,,C(=O)C(C(C(F)(F)F)(F)F)(F)F,,C(=O)(C(C(C(F)(F)F)(F)F)(F)F)[O-],2.07,7.7,20,biotransformation,,,,,,,,0.88,30,0,4
3:3 FTCA,,C(=O)C(C(F)(F)F)(F)F,,C(C(=O)[O-])C(C(F)(F)F)(F)F,2.07,7.7,20,biotransformation,,,,,,,,0.88,30,0,4
3:3 FTCA,,C(CC(C(C(F)(F)F)(F)F)(F)F)C(=O)[O-],,C(C(C(=O)[O-])O)C(C(C(F)(F)F)(F)F)(F)F,2.07,7.7,20,biotransformation,,,,,,,,0.88,30,0,4
3:3 FTCA,,C(C(=O)[O-])(C(C(C(F)(F)F)(F)F)(F)F)O,,C(=O)C(C(C(F)(F)F)(F)F)(F)F,2.07,7.7,20,biotransformation,,,,,,,,0.88,30,0,4
3:3 FTCA,,C(C(=O)[O-])C(C(F)(F)F)(F)F,,C(C(=O)[O-])(C(C(F)(F)F)(F)F)O,2.07,7.7,20,biotransformation,,,,,,,,0.88,30,0,4
3:3 FTCA,,C(C(=O)[O-])C(C(C(F)(F)F)(F)F)(F)F,,C(C(=O)[O-])(C(C(C(F)(F)F)(F)F)(F)F)O,2.07,7.7,20,biotransformation,,,,,,,,0.88,30,0,4
3:3 FTCA,,C(=O)C(C(F)(F)F)(F)F,,C(=O)(C(C(F)(F)F)(F)F)[O-],2.07,7.7,20,biotransformation,,,,,,,,0.88,30,0,4
3:3 FTCA,,C(CC(C(F)(F)F)(F)F)C(=O)[O-],,C(C(C(=O)[O-])O)C(C(F)(F)F)(F)F,2.07,7.7,20,biotransformation,,,,,,,,0.88,30,0,4
3:3 FTCA,,C(C(=O)C(C(F)(F)F)(F)F)C(=O)[O-],,C(=O)(C(C(F)(F)F)(F)F)[O-],2.07,7.7,20,biotransformation,,,,,,,,0.88,30,0,4
3:3 FTCA,,C(C=O)C(C(C(F)(F)F)(F)F)(F)F,,C(C(=O)[O-])C(C(C(F)(F)F)(F)F)(F)F,2.07,7.7,20,biotransformation,,,,,,,,0.88,30,0,4
3:3 FTCA,,C(C(C(=O)[O-])O)C(C(F)(F)F)(F)F,,C(=O)C(C(F)(F)F)(F)F,2.07,7.7,20,biotransformation,,,,,,,,0.88,30,0,4
"4,5,5-trifluoropent-4-enoic acid",,C(CC(=O)[O-])/C(=C(/F)\F)/F,,CC(C)(COP(=O)(O)OP(=O)(O)OC[C@@H]1[C@H]([C@H]([C@H](N2C=NC3=C2N=CN=C3N)O1)O)OP(=O)(O)O)C(C(=O)NCCC(=O)NCCSC(=O)CC/C(=C(\F)/F)/F)O,50,,20,biotransformation,,,,,,,,4.4,50,3,3
"4,5,5-trifluoropent-4-enoic acid",,CC(C)(COP(=O)(O)OP(=O)(O)OC[C]1[C]([C]([C](N2C=NC3=C2N=CN=C3N)O1)O)OP(=O)(O)O)C(C(=O)NCCC(=O)NCCSC(=O)C(C(F)(F)O)F)O,,CC(C)(COP(=O)(O)OP(=O)(O)OC[C@@H]1[C@H]([C@H]([C@H](N2C=NC3=C2N=CN=C3N)O1)O)OP(=O)(O)O)C(C(=O)NCCC(=O)NCCSC(=O)C(C(=O)F)F)O,50,,20,biotransformation,,,,,,,,4.4,50,3,3
"4,5,5-trifluoropent-4-enoic acid",,CC(C)(COP(=O)(O)OP(=O)(O)OC[C]1[C]([C]([C](N2C=NC3=C2N=CN=C3N)O1)O)OP(=O)(O)O)C(C(=O)NCCC(=O)NCCSC(=O)/C=C/C(=C(/F)\F)/F)O,,CC(C)(COP(=O)(O)OP(=O)(O)OC[C@@H]1[C@H]([C@H]([C@H](N2C=NC3=C2N=CN=C3N)O1)O)OP(=O)(O)O)C(C(=O)NCCC(=O)NCCSC(=O)CC(/C(=C(\F)/F)/F)O)O,50,,20,biotransformation,,,,,,,,4.4,50,3,3
"4,5,5-trifluoropent-4-enoic acid",,CC(C)(COP(=O)(O)OP(=O)(O)OC[C]1[C]([C]([C](N2C=NC3=C2N=CN=C3N)O1)O)OP(=O)(O)O)C(C(=O)NCCC(=O)NCCSC(=O)/C(=C(\F)/F)/F)O,,CC(C)(COP(=O)(O)OP(=O)(O)OC[C]1[C]([C]([C](N2C=NC3=C2N=CN=C3N)O1)O)OP(=O)(O)O)C(C(=O)NCCC(=O)NCCSC(=O)C(C(F)(F)O)F)O,50,,20,biotransformation,,,,,,,,4.4,50,3,3
"4,5,5-trifluoropent-4-enoic acid",,CC(C)(COP(=O)(O)OP(=O)(O)OC[C@@H]1[C@H]([C@H]([C@H](N2C=NC3=C2N=CN=C3N)O1)O)OP(=O)(O)O)C(C(=O)NCCC(=O)NCCSC(=O)CC(/C(=C(\F)/F)/F)O)O,,CC(C)(COP(=O)(O)OP(=O)(O)OC[C]1[C]([C]([C](N2C=NC3=C2N=CN=C3N)O1)O)OP(=O)(O)O)C(C(=O)NCCC(=O)NCCSC(=O)/C(=C(\F)/F)/F)O,50,,20,biotransformation,,,,,,,,4.4,50,3,3
"4,5,5-trifluoropent-4-enoic acid",,CC(C)(COP(=O)(O)OP(=O)(O)OC[C@@H]1[C@H]([C@H]([C@H](N2C=NC3=C2N=CN=C3N)O1)O)OP(=O)(O)O)C(C(=O)NCCC(=O)NCCSC(=O)C(C(=O)F)F)O,,CC(C)(COP(=O)(O)OP(=O)(O)OC[C]1[C]([C]([C](N2C=NC3=C2N=CN=C3N)O1)O)OP(=O)(O)O)C(C(=O)NCCC(=O)NCCSC(=O)C(C(=O)[O-])F)O,50,,20,biotransformation,,,,,,,,4.4,50,3,3
"4,5,5-trifluoropent-4-enoic acid",,CC(C)(COP(=O)(O)OP(=O)(O)OC[C@@H]1[C@H]([C@H]([C@H](N2C=NC3=C2N=CN=C3N)O1)O)OP(=O)(O)O)C(C(=O)NCCC(=O)NCCSC(=O)CC/C(=C(\F)/F)/F)O,,CC(C)(COP(=O)(O)OP(=O)(O)OC[C]1[C]([C]([C](N2C=NC3=C2N=CN=C3N)O1)O)OP(=O)(O)O)C(C(=O)NCCC(=O)NCCSC(=O)/C=C/C(=C(/F)\F)/F)O,50,,20,biotransformation,,,,,,,,4.4,50,3,3
"4,5,5-trifluoropent-4-enoic acid",,CC(C)(COP(=O)(O)OP(=O)(O)OC[C]1[C]([C]([C](N2C=NC3=C2N=CN=C3N)O1)O)OP(=O)(O)O)C(C(=O)NCCC(=O)NCCSC(=O)C(C(F)(F)O)F)O,,F,50,,20,biotransformation,,,,,,,,4.4,50,3,3
4:2 FTS,,C(C(=O)[O-])(C(C(F)(F)F)(F)F)O,,C(=O)C(C(F)(F)F)(F)F,1.43,7.7,20,biotransformation,,,,,,,,0.88,30,0,4
4:2 FTS,,C(C(=O)[O-])C(C(C(F)(F)F)(F)F)(F)F,,C(=C(\C(C(F)(F)F)(F)F)/F)/C(=O)[O-],1.43,7.7,20,biotransformation,,,,,,,,0.88,30,0,4
4:2 FTS,,C(=O)C(C(C(C(F)(F)F)(F)F)(F)F)(F)F,,C(=O)(C(C(C(C(F)(F)F)(F)F)(F)F)(F)F)[O-],1.43,7.7,20,biotransformation,,,,,,,,0.88,30,0,4
4:2 FTS,,C(CS(=O)(=O)[O-])C(C(C(C(F)(F)F)(F)F)(F)F)(F)F,,C(=C\S(=O)(=O)[O-])/C(C(C(C(F)(F)F)(F)F)(F)F)(F)F,1.43,7.7,20,biotransformation,,,,,,,,0.88,30,0,4
4:2 FTS,,C(CC(C(F)(F)F)(F)F)C(=O)[O-],,C(C(C(=O)[O-])O)C(C(F)(F)F)(F)F,1.43,7.7,20,biotransformation,,,,,,,,0.88,30,0,4
4:2 FTS,,C(C(=O)[O-])C(C(C(C(F)(F)F)(F)F)(F)F)(F)F,,C(C(=O)O)(C(C(C(C(F)(F)F)(F)F)(F)F)(F)F)O,1.43,7.7,20,biotransformation,,,,,,,,0.88,30,0,4
4:2 FTS,,C(CC(C(C(F)(F)F)(F)F)(F)F)C(=O)[O-],,C(C(C(=O)[O-])O)C(C(C(F)(F)F)(F)F)(F)F,1.43,7.7,20,biotransformation,,,,,,,,0.88,30,0,4
4:2 FTS,,C(C(C(C(F)(F)F)(F)F)O)C(=O)[O-],,C(C(=O)C(C(F)(F)F)(F)F)C(=O)[O-],1.43,7.7,20,biotransformation,,,,,,,,0.88,30,0,4
4:2 FTS,,C(C[O-])C(C(C(C(F)(F)F)(F)F)(F)F)(F)F,,C(C=O)C(C(C(C(F)(F)F)(F)F)(F)F)(F)F,1.43,7.7,20,biotransformation,,,,,,,,0.88,30,0,4
4:2 FTS,,C(C(=O)O)(C(C(C(C(F)(F)F)(F)F)(F)F)(F)F)O,,C(=O)C(C(C(C(F)(F)F)(F)F)(F)F)(F)F,1.43,7.7,20,biotransformation,,,,,,,,0.88,30,0,4
4:2 FTS,,C(=C\C(C(C(F)(F)F)(F)F)(F)F)/C(=O)[O-],,C(C(C(=O)[O-])O)C(C(C(F)(F)F)(F)F)(F)F,1.43,7.7,20,biotransformation,,,,,,,,0.88,30,0,4
4:2 FTS,,C(C(=O)[O-])(C(C(C(F)(F)F)(F)F)(F)F)O,,C(=O)C(C(C(F)(F)F)(F)F)(F)F,1.43,7.7,20,biotransformation,,,,,,,,0.88,30,0,4
4:2 FTS,,C(C(C(=O)[O-])O)C(C(C(F)(F)F)(F)F)(F)F,,C(C(=O)C(C(C(F)(F)F)(F)F)(F)F)C(=O)[O-],1.43,7.7,20,biotransformation,,,,,,,,0.88,30,0,4
4:2 FTS,,C(=C(\C(C(C(F)(F)F)(F)F)(F)F)/F)/C(=O)[O-],,C(=C\C(C(C(F)(F)F)(F)F)(F)F)/C(=O)[O-],1.43,7.7,20,biotransformation,,,,,,,,0.88,30,0,4
4:2 FTS,,C(C=O)C(C(C(F)(F)F)(F)F)(F)F,,C(C(=O)[O-])C(C(C(F)(F)F)(F)F)(F)F,1.43,7.7,20,biotransformation,,,,,,,,0.88,30,0,4
4:2 FTS,,C(C(=O)[O-])C(C(C(F)(F)F)(F)F)(F)F,,C(C(=O)[O-])(C(C(C(F)(F)F)(F)F)(F)F)O,1.43,7.7,20,biotransformation,,,,,,,,0.88,30,0,4
4:2 FTS,,C(C=O)C(C(F)(F)F)(F)F,,C(C(=O)[O-])C(C(F)(F)F)(F)F,1.43,7.7,20,biotransformation,,,,,,,,0.88,30,0,4
4:2 FTS,,C(=O)C(C(C(F)(F)F)(F)F)(F)F,,C(=O)(C(C(C(F)(F)F)(F)F)(F)F)[O-],1.43,7.7,20,biotransformation,,,,,,,,0.88,30,0,4
4:2 FTS,,C(C(=O)[O-])C(C(C(C(F)(F)F)(F)F)(F)F)(F)F,,C(=C(\C(C(C(F)(F)F)(F)F)(F)F)/F)/C(=O)[O-],1.43,7.7,20,biotransformation,,,,,,,,0.88,30,0,4
4:2 FTS,,C(CC(C(F)(F)F)(F)F)C(=O)[O-],,C(=C\C(C(F)(F)F)(F)F)/C(=O)[O-],1.43,7.7,20,biotransformation,,,,,,,,0.88,30,0,4
4:2 FTS,,C(CC(C(C(F)(F)F)(F)F)(F)F)C(=O)[O-],,C(=C\C(C(C(F)(F)F)(F)F)(F)F)/C(=O)[O-],1.43,7.7,20,biotransformation,,,,,,,,0.88,30,0,4
4:2 FTS,,C(C=O)C(C(C(C(F)(F)F)(F)F)(F)F)(F)F,,C(C(=O)[O-])C(C(C(C(F)(F)F)(F)F)(F)F)(F)F,1.43,7.7,20,biotransformation,,,,,,,,0.88,30,0,4
4:2 FTS,,C(=O)C(C(F)(F)F)(F)F,,C(=O)(C(C(F)(F)F)(F)F)[O-],1.43,7.7,20,biotransformation,,,,,,,,0.88,30,0,4
4:2 FTS,,C(=C\C(C(C(F)(F)F)(F)F)(F)F)/C(=O)[O-],,C(CC(C(C(F)(F)F)(F)F)(F)F)C(=O)[O-],1.43,7.7,20,biotransformation,,,,,,,,0.88,30,0,4
4:2 FTS,,C(C(=O)C(C(F)(F)F)(F)F)C(=O)[O-],,C(=O)(C(C(F)(F)F)(F)F)[O-],1.43,7.7,20,biotransformation,,,,,,,,0.88,30,0,4
4:2 FTS,,C(CS(=O)(=O)[O-])C(C(C(C(F)(F)F)(F)F)(F)F)(F)F,,C(C[O-])C(C(C(C(F)(F)F)(F)F)(F)F)(F)F,1.43,7.7,20,biotransformation,,,,,,,,0.88,30,0,4
4:2 FTS,,C(=C\C(C(F)(F)F)(F)F)/C(=O)[O-],,C(C(C(C(F)(F)F)(F)F)O)C(=O)[O-],1.43,7.7,20,biotransformation,,,,,,,,0.88,30,0,4
4:2 FTS,,C(C(C(C(C(C(F)(F)F)(F)F)(F)F)(F)F)O)S(=O)(=O)[O-],,C(C(=O)C(C(C(C(F)(F)F)(F)F)(F)F)(F)F)S(=O)(=O)[O-],1.43,7.7,20,biotransformation,,,,,,,,0.88,30,0,4
4:2 FTS,,C(C(=O)C(C(C(F)(F)F)(F)F)(F)F)C(=O)[O-],,C(=O)(C(C(C(F)(F)F)(F)F)(F)F)[O-],1.43,7.7,20,biotransformation,,,,,,,,0.88,30,0,4
4:2 FTS,,C(C(C(=O)[O-])O)C(C(F)(F)F)(F)F,,C(C=O)C(C(F)(F)F)(F)F,1.43,7.7,20,biotransformation,,,,,,,,0.88,30,0,4
4:2 FTS,,C(=C(\C(C(F)(F)F)(F)F)/F)/C(=O)[O-],,C(=C\C(C(F)(F)F)(F)F)/C(=O)[O-],1.43,7.7,20,biotransformation,,,,,,,,0.88,30,0,4
4:2 FTS,,C(=C\C(C(F)(F)F)(F)F)/C(=O)[O-],,C(CC(C(F)(F)F)(F)F)C(=O)[O-],1.43,7.7,20,biotransformation,,,,,,,,0.88,30,0,4
4:2 FTS,,C(C(C(=O)[O-])O)C(C(C(F)(F)F)(F)F)(F)F,,C(C=O)C(C(C(F)(F)F)(F)F)(F)F,1.43,7.7,20,biotransformation,,,,,,,,0.88,30,0,4
4:2 FTS,,C(C(=O)[O-])C(C(F)(F)F)(F)F,,C(C(=O)[O-])(C(C(F)(F)F)(F)F)O,1.43,7.7,20,biotransformation,,,,,,,,0.88,30,0,4
4:2 FTS,,C(=C\S(=O)(=O)[O-])/C(C(C(C(F)(F)F)(F)F)(F)F)(F)F,,C(C(C(C(C(C(F)(F)F)(F)F)(F)F)(F)F)O)S(=O)(=O)[O-],1.43,7.7,20,biotransformation,,,,,,,,0.88,30,0,4
4:2 FtTAoS,,CC(C)(CS(=O)(=O)O)NC(=O)CCS(=O)(=O)CCC(C(C(C(F)(F)F)(F)F)(F)F)(F)F,,C(CS(=O)(=O)O)C(C(C(C(F)(F)F)(F)F)(F)F)(F)F,0.005,,30,biotransformation,,,,,,,,,,,60
4:2 FtTAoS,,C(CS(=O)(=O)O)C(C(C(C(F)(F)F)(F)F)(F)F)(F)F,,C(=C(\C(C(C(F)(F)F)(F)F)(F)F)/F)/C(=O)O,0.005,,30,biotransformation,,,,,,,,,,,60
4:2 FtTAoS,,CC(C)(CS(=O)(=O)O)NC(=O)CCS(=O)CCC(C(C(C(F)(F)F)(F)F)(F)F)(F)F,,CC(C)(CS(=O)(=O)O)NC(=O)CCS(=O)(=O)CCC(C(C(C(F)(F)F)(F)F)(F)F)(F)F,0.005,,30,biotransformation,,,,,,,,,,,60
4:2 FtTAoS,,C(=C(\C(C(C(F)(F)F)(F)F)(F)F)/F)/C(=O)O,,C(=O)(C(C(C(F)(F)F)(F)F)(F)F)O,0.005,,30,biotransformation,,,,,,,,,,,60
4:2 FtTAoS,,C(=C(\C(C(C(F)(F)F)(F)F)(F)F)/F)/C(=O)O,,C(CC(C(C(F)(F)F)(F)F)(F)F)C(=O)O,0.005,,30,biotransformation,,,,,,,,,,,60
4:2 FtTAoS,,CC(C)(CS(=O)(=O)O)NC(=O)CCSCCC(C(C(C(F)(F)F)(F)F)(F)F)(F)F,,CC(C)(CS(=O)(=O)O)NC(=O)CCS(=O)CCC(C(C(C(F)(F)F)(F)F)(F)F)(F)F,0.005,,30,biotransformation,,,,,,,,,,,60
4:2 monoPAP,,C(COP(=O)(O)O)C(C(C(C(F)(F)F)(F)F)(F)F)(F)F,,C(CO)C(C(C(C(F)(F)F)(F)F)(F)F)(F)F,2.5,7,30,biotransformation,,,,,,,,,,,92
"5,5,5-trifluoropentanoic acid (C5a)",,CC(C)(COP(=O)(O)OP(=O)(O)OC[C]1[C]([C]([C](N2C=NC3=C2N=CN=C3N)O1)O)OP(=O)(O)O)C(C(=O)NCCC(=O)NCCSC(=O)/C=C/CC(F)(F)F)O,,CC(C)(COP(=O)(O)OP(=O)(O)OC[C@@H]1[C@H]([C@H]([C@H](N2C=NC3=C2N=CN=C3N)O1)O)OP(=O)(O)O)C(C(=O)NCCC(=O)NCCSC(=O)CC(CC(F)(F)F)O)O,50,7,20,biotransformation,,,,,,,,4.4,50,3,3
"5,5,5-trifluoropentanoic acid (C5a)",,CC(C)(COP(=O)(O)OP(=O)(O)OC[C@@H]1[C@H]([C@H]([C@H](N2C=NC3=C2N=CN=C3N)O1)O)OP(=O)(O)O)C(C(=O)NCCC(=O)NCCSC(=O)CC(CC(F)(F)F)O)O,,CC(C)(COP(=O)(O)OP(=O)(O)OC[C]1[C]([C]([C](N2C=NC3=C2N=CN=C3N)O1)O)OP(=O)(O)O)C(C(=O)NCCC(=O)NCCSC(=O)CC(=O)CC(F)(F)F)O,50,7,20,biotransformation,,,,,,,,4.4,50,3,3
"5,5,5-trifluoropentanoic acid (C5a)",,CC(C)(COP(=O)(O)OP(=O)(O)OC[C]1[C]([C]([C](N2C=NC3=C2N=CN=C3N)O1)O)OP(=O)(O)O)C(C(=O)NCCC(=O)NCCSC(=O)CC(=O)CC(F)(F)F)O,,CC(C)(COP(=O)(O)OP(=O)(O)OC[C@@H]1[C@H]([C@H]([C@H](N2C=NC3=C2N=CN=C3N)O1)O)OP(=O)(O)O)C(C(=O)NCCC(=O)NCCSC(=O)CC(F)(F)F)O,50,7,20,biotransformation,,,,,,,,4.4,50,3,3
"5,5,5-trifluoropentanoic acid (C5a)",,C(CC(=O)O)CC(F)(F)F,,CC(C)(COP(=O)(O)OP(=O)(O)OC[C@@H]1[C@H]([C@H]([C@H](N2C=NC3=C2N=CN=C3N)O1)O)OP(=O)(O)O)C(C(=O)NCCC(=O)NCCSC(=O)CCCC(F)(F)F)O,50,7,20,biotransformation,,,,,,,,4.4,50,3,3
"5,5,5-trifluoropentanoic acid (C5a)",,CC(C)(COP(=O)(O)OP(=O)(O)OC[C@@H]1[C@H]([C@H]([C@H](N2C=NC3=C2N=CN=C3N)O1)O)OP(=O)(O)O)C(C(=O)NCCC(=O)NCCSC(=O)CCCC(F)(F)F)O,,CC(C)(COP(=O)(O)OP(=O)(O)OC[C]1[C]([C]([C](N2C=NC3=C2N=CN=C3N)O1)O)OP(=O)(O)O)C(C(=O)NCCC(=O)NCCSC(=O)/C=C/CC(F)(F)F)O,50,7,20,biotransformation,,,,,,,,4.4,50,3,3
5:1:2 FTUCA,,C(=C(\C(C(C(C(F)(F)F)(F)F)(F)F)(F)F)/F)/C(=O)[O-],,C(=C\C(C(C(C(F)(F)F)(F)F)(F)F)(F)F)/C(=O)[O-],1.16,7.7,20,biotransformation,,,,,,,,0.88,30,0,4
5:1:2 FTUCA,,C(C(=O)[O-])C(C(C(C(F)(F)F)(F)F)(F)F)(F)F,,C(C(=O)[O-])(C(C(C(C(F)(F)F)(F)F)(F)F)(F)F)O,1.16,7.7,20,biotransformation,,,,,,,,0.88,30,0,4
5:1:2 FTUCA,,C(C(=O)C(C(C(C(C(F)(F)F)(F)F)(F)F)(F)F)(F)F)C(=O)[O-],,C(=O)(C(C(C(C(C(F)(F)F)(F)F)(F)F)(F)F)(F)F)[O-],1.16,7.7,20,biotransformation,,,,,,,,0.88,30,0,4
5:1:2 FTUCA,,C(=C\C(C(C(C(F)(F)F)(F)F)(F)F)(F)F)/C(=O)[O-],,C(C(C(C(C(C(F)(F)F)(F)F)(F)F)(F)F)O)C(=O)[O-],1.16,7.7,20,biotransformation,,,,,,,,0.88,30,0,4
5:1:2 FTUCA,,C(C(C(=O)[O-])O)C(C(C(C(F)(F)F)(F)F)(F)F)(F)F,,C(C=O)C(C(C(C(F)(F)F)(F)F)(F)F)(F)F,1.16,7.7,20,biotransformation,,,,,,,,0.88,30,0,4
5:1:2 FTUCA,,C(C(=O)[O-])(C(C(C(C(C(F)(F)F)(F)F)(F)F)(F)F)(F)F)O,,C(=O)C(C(C(C(C(F)(F)F)(F)F)(F)F)(F)F)(F)F,1.16,7.7,20,biotransformation,,,,,,,,0.88,30,0,4
5:1:2 FTUCA,,C(=C\C(C(C(F)(F)F)(F)F)(F)F)/C(=O)[O-],,C(C(C(C(C(F)(F)F)(F)F)(F)F)O)C(=O)[O-],1.16,7.7,20,biotransformation,,,,,,,,0.88,30,0,4
5:1:2 FTUCA,,C(C(=O)C(C(C(F)(F)F)(F)F)(F)F)C(=O)[O-],,C(=O)(C(C(C(F)(F)F)(F)F)(F)F)[O-],1.16,7.7,20,biotransformation,,,,,,,,0.88,30,0,4
5:1:2 FTUCA,,C(=C(\C(C(C(F)(F)F)(F)F)(F)F)/F)/C(=O)[O-],,C(=C\C(C(C(F)(F)F)(F)F)(F)F)/C(=O)[O-],1.16,7.7,20,biotransformation,,,,,,,,0.88,30,0,4
5:1:2 FTUCA,,C(C(C(C(C(C(F)(F)F)(F)F)(F)F)(F)F)O)C(=O)[O-],,C(C(=O)C(C(C(C(F)(F)F)(F)F)(F)F)(F)F)C(=O)[O-],1.16,7.7,20,biotransformation,,,,,,,,0.88,30,0,4
5:1:2 FTUCA,,C(C(C(=O)[O-])O)C(C(C(C(C(F)(F)F)(F)F)(F)F)(F)F)(F)F,,C(C=O)C(C(C(C(C(F)(F)F)(F)F)(F)F)(F)F)(F)F,1.16,7.7,20,biotransformation,,,,,,,,0.88,30,0,4
5:1:2 FTUCA,,C(=C\C(C(C(F)(F)F)(F)F)(F)F)/C(=O)[O-],,C(CC(C(C(F)(F)F)(F)F)(F)F)C(=O)[O-],1.16,7.7,20,biotransformation,,,,,,,,0.88,30,0,4
5:1:2 FTUCA,,C(=C\C(C(C(C(C(F)(F)F)(F)F)(F)F)(F)F)(F)F)/C(=O)[O-],,C(CC(C(C(C(C(F)(F)F)(F)F)(F)F)(F)F)(F)F)C(=O)[O-],1.16,7.7,20,biotransformation,,,,,,,,0.88,30,0,4
5:1:2 FTUCA,,C(C=O)C(C(C(C(C(F)(F)F)(F)F)(F)F)(F)F)(F)F,,C(C(=O)[O-])C(C(C(C(C(F)(F)F)(F)F)(F)F)(F)F)(F)F,1.16,7.7,20,biotransformation,,,,,,,,0.88,30,0,4
5:1:2 FTUCA,,C(=C\C(C(C(C(F)(F)F)(F)F)(F)F)(F)F)/C(=O)[O-],,C(CC(C(C(C(F)(F)F)(F)F)(F)F)(F)F)C(=O)[O-],1.16,7.7,20,biotransformation,,,,,,,,0.88,30,0,4
5:1:2 FTUCA,,C(CC(C(C(C(C(F)(F)F)(F)F)(F)F)(F)F)(F)F)C(=O)[O-],,C(C(C(=O)[O-])O)C(C(C(C(C(F)(F)F)(F)F)(F)F)(F)F)(F)F,1.16,7.7,20,biotransformation,,,,,,,,0.88,30,0,4
5:1:2 FTUCA,,C(C=O)C(C(C(C(F)(F)F)(F)F)(F)F)(F)F,,C(C(=O)[O-])C(C(C(C(F)(F)F)(F)F)(F)F)(F)F,1.16,7.7,20,biotransformation,,,,,,,,0.88,30,0,4
5:1:2 FTUCA,,C(CC(C(C(C(C(F)(F)F)(F)F)(F)F)(F)F)(F)F)C(=O)[O-],,C(=C\C(C(C(C(C(F)(F)F)(F)F)(F)F)(F)F)(F)F)/C(=O)[O-],1.16,7.7,20,biotransformation,,,,,,,,0.88,30,0,4
5:1:2 FTUCA,,C(=C(\C(C(C(C(C(F)(F)F)(F)F)(F)F)(F)F)(F)F)/F)/C(=O)[O-],,C(=C\C(C(C(C(C(F)(F)F)(F)F)(F)F)(F)F)(F)F)/C(=O)[O-],1.16,7.7,20,biotransformation,,,,,,,,0.88,30,0,4
5:1:2 FTUCA,,C(=O)C(C(C(C(C(F)(F)F)(F)F)(F)F)(F)F)(F)F,,C(=O)(C(C(C(C(C(F)(F)F)(F)F)(F)F)(F)F)(F)F)[O-],1.16,7.7,20,biotransformation,,,,,,,,0.88,30,0,4
5:1:2 FTUCA,,C(=C\C(C(C(C(C(F)(F)F)(F)F)(F)F)(F)F)(F)F)/C(=O)[O-],,C(C(C(=O)[O-])O)C(C(C(C(C(F)(F)F)(F)F)(F)F)(F)F)(F)F,1.16,7.7,20,biotransformation,,,,,,,,0.88,30,0,4
5:1:2 FTUCA,,C(C(=O)[O-])C(C(C(C(C(F)(F)F)(F)F)(F)F)(F)F)(F)F,,C(=C(\C(C(C(C(F)(F)F)(F)F)(F)F)(F)F)/F)/C(=O)[O-],1.16,7.7,20,biotransformation,,,,,,,,0.88,30,0,4
5:1:2 FTUCA,,C(C(=O)[O-])C(C(C(C(F)(F)F)(F)F)(F)F)(F)F,,C(=C(\C(C(C(F)(F)F)(F)F)(F)F)/F)/C(=O)[O-],1.16,7.7,20,biotransformation,,,,,,,,0.88,30,0,4
5:1:2 FTUCA,,C(CC(C(C(C(F)(F)F)(F)F)(F)F)(F)F)C(=O)[O-],,C(=C\C(C(C(C(F)(F)F)(F)F)(F)F)(F)F)/C(=O)[O-],1.16,7.7,20,biotransformation,,,,,,,,0.88,30,0,4
5:1:2 FTUCA,,C(CC(C(C(F)(F)F)(F)F)(F)F)C(=O)[O-],,C(=C\C(C(C(F)(F)F)(F)F)(F)F)/C(=O)[O-],1.16,7.7,20,biotransformation,,,,,,,,0.88,30,0,4
5:1:2 FTUCA,,C(C(C(=O)[O-])O)C(C(C(C(C(F)(F)F)(F)F)(F)F)(F)F)(F)F,,C(C(=O)C(C(C(C(C(F)(F)F)(F)F)(F)F)(F)F)(F)F)C(=O)[O-],1.16,7.7,20,biotransformation,,,,,,,,0.88,30,0,4
5:1:2 FTUCA,,C(C(=O)C(C(C(C(F)(F)F)(F)F)(F)F)(F)F)C(=O)[O-],,C(=O)(C(C(C(C(F)(F)F)(F)F)(F)F)(F)F)[O-],1.16,7.7,20,biotransformation,,,,,,,,0.88,30,0,4
5:1:2 FTUCA,,C(CC(C(C(C(F)(F)F)(F)F)(F)F)(F)F)C(=O)[O-],,C(C(C(=O)[O-])O)C(C(C(C(F)(F)F)(F)F)(F)F)(F)F,1.16,7.7,20,biotransformation,,,,,,,,0.88,30,0,4
5:1:2 FTUCA,,C(=O)C(C(C(C(F)(F)F)(F)F)(F)F)(F)F,,C(=O)(C(C(C(C(F)(F)F)(F)F)(F)F)(F)F)[O-],1.16,7.7,20,biotransformation,,,,,,,,0.88,30,0,4
5:1:2 FTUCA,,C(C(=O)[O-])C(C(C(C(C(F)(F)F)(F)F)(F)F)(F)F)(F)F,,C(C(=O)[O-])(C(C(C(C(C(F)(F)F)(F)F)(F)F)(F)F)(F)F)O,1.16,7.7,20,biotransformation,,,,,,,,0.88,30,0,4
5:1:2 FTUCA,,C(C(=O)[O-])(C(C(C(C(F)(F)F)(F)F)(F)F)(F)F)O,,C(=O)C(C(C(C(F)(F)F)(F)F)(F)F)(F)F,1.16,7.7,20,biotransformation,,,,,,,,0.88,30,0,4
5:1:2 FTUCA,,C(C(C(C(C(F)(F)F)(F)F)(F)F)O)C(=O)[O-],,C(C(=O)C(C(C(F)(F)F)(F)F)(F)F)C(=O)[O-],1.16,7.7,20,biotransformation,,,,,,,,0.88,30,0,4
5:3 FTCA,,C(=C(\C(C(C(F)(F)F)(F)F)(F)F)/F)/C(=O)O,,C(=C\C(C(C(F)(F)F)(F)F)(F)F)/C(=O)O,4.39,7,20,biotransformation,,,,,,,,0.0014,,7.8,90
5:3 FTCA,,C(C=O)C(C(C(C(C(F)(F)F)(F)F)(F)F)(F)F)(F)F,,C(C(=O)O)C(C(C(C(C(F)(F)F)(F)F)(F)F)(F)F)(F)F,4.39,7,20,biotransformation,,,,,,,,0.0014,,7.8,90
5:3 FTCA,,C(C(=O)O)C(C(C(C(C(F)(F)F)(F)F)(F)F)(F)F)(F)F,,C(=C(\C(C(C(C(F)(F)F)(F)F)(F)F)(F)F)/F)/C(=O)O,4.39,7,20,biotransformation,,,,,,,,0.0014,,7.8,90
5:3 FTCA,,C(C=O)C(C(C(C(F)(F)F)(F)F)(F)F)(F)F,,C(C(=O)O)C(C(C(C(F)(F)F)(F)F)(F)F)(F)F,4.39,7,20,biotransformation,,,,,,,,0.0014,,7.8,90
5:3 FTCA,,C(=C\C(C(C(C(C(F)(F)F)(F)F)(F)F)(F)F)(F)F)/C(=O)O,,C(CC(C(C(C(C(F)(F)F)(F)F)(F)F)(F)F)(F)F)C(=O)O,4.39,7,20,biotransformation,,,,,,,,0.0014,,7.8,90
5:3 FTCA,,C(C(C(=O)O)O)C(C(C(C(F)(F)F)(F)F)(F)F)(F)F,,C(C=O)C(C(C(C(F)(F)F)(F)F)(F)F)(F)F,4.39,7,20,biotransformation,,,,,,,,0.0014,,7.8,90
5:3 FTCA,,CC(C(C(C(C(F)(F)F)(F)F)(F)F)(F)F)O,,C(=O)(C(C(C(F)(F)F)(F)F)(F)F)O,4.39,7,20,biotransformation,,,,,,,,0.0014,,7.8,90
5:3 FTCA,,C(=C\C(C(C(F)(F)F)(F)F)(F)F)/C(=O)O,,C(CC(C(C(F)(F)F)(F)F)(F)F)C(=O)O,4.39,7,20,biotransformation,,,,,,,,0.0014,,7.8,90
5:3 FTCA,,C(C(=O)O)C(C(C(C(F)(F)F)(F)F)(F)F)(F)F,,C(=C(\C(C(C(F)(F)F)(F)F)(F)F)/F)/C(=O)O,4.39,7,20,biotransformation,,,,,,,,0.0014,,7.8,90
5:3 FTCA,,C(=C\C(C(C(C(F)(F)F)(F)F)(F)F)(F)F)/C(=O)O,,C(C(C(=O)O)O)C(C(C(C(F)(F)F)(F)F)(F)F)(F)F,4.39,7,20,biotransformation,,,,,,,,0.0014,,7.8,90
5:3 FTCA,,C(C(C(=O)O)O)C(C(C(C(C(F)(F)F)(F)F)(F)F)(F)F)(F)F,,C(C=O)C(C(C(C(C(F)(F)F)(F)F)(F)F)(F)F)(F)F,4.39,7,20,biotransformation,,,,,,,,0.0014,,7.8,90
5:3 FTCA,,CC(=O)C(C(C(C(F)(F)F)(F)F)(F)F)(F)F,,CC(C(C(C(C(F)(F)F)(F)F)(F)F)(F)F)O,4.39,7,20,biotransformation,,,,,,,,0.0014,,7.8,90
5:3 FTCA,,CC(C(C(C(C(F)(F)F)(F)F)(F)F)(F)F)O,,C(=O)(C(C(C(C(F)(F)F)(F)F)(F)F)(F)F)O,4.39,7,20,biotransformation,,,,,,,,0.0014,,7.8,90
5:3 FTCA,,C(CC(C(C(F)(F)F)(F)F)(F)F)C(=O)O,,C(=C\C(C(C(F)(F)F)(F)F)(F)F)/C(=O)O,4.39,7,20,biotransformation,,,,,,,,0.0014,,7.8,90
5:3 FTCA,,C(CC(C(C(C(F)(F)F)(F)F)(F)F)(F)F)C(=O)O,,C(CC(C(C(F)(F)F)(F)F)(F)F)C(=O)O,4.39,7,20,biotransformation,,,,,,,,0.0014,,7.8,90
5:3 FTCA,,C(=C\C(C(C(C(C(F)(F)F)(F)F)(F)F)(F)F)(F)F)/C(=O)O,,C(C(C(=O)O)O)C(C(C(C(C(F)(F)F)(F)F)(F)F)(F)F)(F)F,4.39,7,20,biotransformation,,,,,,,,0.0014,,7.8,90
5:3 FTCA,,C(=C(\C(C(C(C(F)(F)F)(F)F)(F)F)(F)F)/F)/C(=O)O,,C(=C\C(C(C(C(F)(F)F)(F)F)(F)F)(F)F)/C(=O)O,4.39,7,20,biotransformation,,,,,,,,0.0014,,7.8,90
5:3 FTCA,,C(CC(C(C(C(C(F)(F)F)(F)F)(F)F)(F)F)(F)F)C(=O)O,,C(=C\C(C(C(C(C(F)(F)F)(F)F)(F)F)(F)F)(F)F)/C(=O)O,4.39,7,20,biotransformation,,,,,,,,0.0014,,7.8,90
5:3 FTCA,,C(=C\C(C(C(C(F)(F)F)(F)F)(F)F)(F)F)/C(=O)O,,C(CC(C(C(C(F)(F)F)(F)F)(F)F)(F)F)C(=O)O,4.39,7,20,biotransformation,,,,,,,,0.0014,,7.8,90
5:3 FTCA,,C(CC(C(C(C(F)(F)F)(F)F)(F)F)(F)F)C(=O)O,,C(=C\C(C(C(C(F)(F)F)(F)F)(F)F)(F)F)/C(=O)O,4.39,7,20,biotransformation,,,,,,,,0.0014,,7.8,90
5:3 FTCA,,C(CC(C(C(C(C(F)(F)F)(F)F)(F)F)(F)F)(F)F)C(=O)O,,C(CC(C(C(C(F)(F)F)(F)F)(F)F)(F)F)C(=O)O,4.39,7,20,biotransformation,,,,,,,,0.0014,,7.8,90
5:3 FTCA,,C(=C(\C(C(C(C(F)(F)F)(F)F)(F)F)(F)F)/F)/C(=O)O,,CC(=O)C(C(C(C(F)(F)F)(F)F)(F)F)(F)F,4.39,7,20,biotransformation,,,,,,,,0.0014,,7.8,90
5:3 FTCA,,C(=C\C(C(C(F)(F)F)(F)F)(F)F)/C(=O)[O-],,C(CC(C(C(F)(F)F)(F)F)(F)F)C(=O)[O-],1.46,7.7,20,biotransformation,,,,,,,,0.88,30,0,4
5:3 FTCA,,C(C(=O)C(C(C(C(C(F)(F)F)(F)F)(F)F)(F)F)(F)F)C(=O)[O-],,C(=O)(C(C(C(C(C(F)(F)F)(F)F)(F)F)(F)F)(F)F)[O-],1.46,7.7,20,biotransformation,,,,,,,,0.88,30,0,4
5:3 FTCA,,C(C(=O)[O-])(C(C(C(C(F)(F)F)(F)F)(F)F)(F)F)O,,C(=O)C(C(C(C(F)(F)F)(F)F)(F)F)(F)F,1.46,7.7,20,biotransformation,,,,,,,,0.88,30,0,4
5:3 FTCA,,C(=C\C(C(C(C(F)(F)F)(F)F)(F)F)(F)F)/C(=O)[O-],,C(C(C(=O)[O-])O)C(C(C(C(F)(F)F)(F)F)(F)F)(F)F,1.46,7.7,20,biotransformation,,,,,,,,0.88,30,0,4
5:3 FTCA,,C(CC(C(C(F)(F)F)(F)F)(F)F)C(=O)[O-],,C(=C\C(C(C(F)(F)F)(F)F)(F)F)/C(=O)[O-],1.46,7.7,20,biotransformation,,,,,,,,0.88,30,0,4
5:3 FTCA,,C(=C\C(C(C(C(F)(F)F)(F)F)(F)F)(F)F)/C(=O)[O-],,C(CC(C(C(C(F)(F)F)(F)F)(F)F)(F)F)C(=O)[O-],1.46,7.7,20,biotransformation,,,,,,,,0.88,30,0,4
5:3 FTCA,,C(CC(C(C(C(C(F)(F)F)(F)F)(F)F)(F)F)(F)F)C(=O)[O-],,C(=C\C(C(C(C(C(F)(F)F)(F)F)(F)F)(F)F)(F)F)/C(=O)[O-],1.46,7.7,20,biotransformation,,,,,,,,0.88,30,0,4
5:3 FTCA,,C(CC(C(C(C(F)(F)F)(F)F)(F)F)(F)F)C(=O)[O-],,C(=C\C(C(C(C(F)(F)F)(F)F)(F)F)(F)F)/C(=O)[O-],1.46,7.7,20,biotransformation,,,,,,,,0.88,30,0,4
5:3 FTCA,,C(C(=O)[O-])(C(C(C(C(C(F)(F)F)(F)F)(F)F)(F)F)(F)F)O,,C(=O)C(C(C(C(C(F)(F)F)(F)F)(F)F)(F)F)(F)F,1.46,7.7,20,biotransformation,,,,,,,,0.88,30,0,4
5:3 FTCA,,C(CC(C(C(C(C(F)(F)F)(F)F)(F)F)(F)F)(F)F)C(=O)[O-],,C(C(C(=O)[O-])O)C(C(C(C(C(F)(F)F)(F)F)(F)F)(F)F)(F)F,1.46,7.7,20,biotransformation,,,,,,,,0.88,30,0,4
5:3 FTCA,,C(C(C(=O)[O-])O)C(C(C(C(C(F)(F)F)(F)F)(F)F)(F)F)(F)F,,C(C(=O)C(C(C(C(C(F)(F)F)(F)F)(F)F)(F)F)(F)F)C(=O)[O-],1.46,7.7,20,biotransformation,,,,,,,,0.88,30,0,4
5:3 FTCA,,C(C(C(=O)[O-])O)C(C(C(C(F)(F)F)(F)F)(F)F)(F)F,,C(C=O)C(C(C(C(F)(F)F)(F)F)(F)F)(F)F,1.46,7.7,20,biotransformation,,,,,,,,0.88,30,0,4
5:3 FTCA,,C(C(C(C(C(F)(F)F)(F)F)(F)F)O)C(=O)[O-],,C(C(=O)C(C(C(F)(F)F)(F)F)(F)F)C(=O)[O-],1.46,7.7,20,biotransformation,,,,,,,,0.88,30,0,4
5:3 FTCA,,C(C=O)C(C(C(C(F)(F)F)(F)F)(F)F)(F)F,,C(C(=O)[O-])C(C(C(C(F)(F)F)(F)F)(F)F)(F)F,1.46,7.7,20,biotransformation,,,,,,,,0.88,30,0,4
5:3 FTCA,,C(C(=O)[O-])C(C(C(C(F)(F)F)(F)F)(F)F)(F)F,,C(C(=O)[O-])(C(C(C(C(F)(F)F)(F)F)(F)F)(F)F)O,1.46,7.7,20,biotransformation,,,,,,,,0.88,30,0,4
5:3 FTCA,,C(C(C(=O)[O-])O)C(C(C(C(C(F)(F)F)(F)F)(F)F)(F)F)(F)F,,C(C=O)C(C(C(C(C(F)(F)F)(F)F)(F)F)(F)F)(F)F,1.46,7.7,20,biotransformation,,,,,,,,0.88,30,0,4
5:3 FTCA,,C(=C(\C(C(C(F)(F)F)(F)F)(F)F)/F)/C(=O)[O-],,C(=C\C(C(C(F)(F)F)(F)F)(F)F)/C(=O)[O-],1.46,7.7,20,biotransformation,,,,,,,,0.88,30,0,4
5:3 FTCA,,C(=O)C(C(C(C(C(F)(F)F)(F)F)(F)F)(F)F)(F)F,,C(=O)(C(C(C(C(C(F)(F)F)(F)F)(F)F)(F)F)(F)F)[O-],1.46,7.7,20,biotransformation,,,,,,,,0.88,30,0,4
5:3 FTCA,,C(C(=O)C(C(C(F)(F)F)(F)F)(F)F)C(=O)[O-],,C(=O)(C(C(C(F)(F)F)(F)F)(F)F)[O-],1.46,7.7,20,biotransformation,,,,,,,,0.88,30,0,4
5:3 FTCA,,C(=C(\C(C(C(C(F)(F)F)(F)F)(F)F)(F)F)/F)/C(=O)[O-],,C(=C\C(C(C(C(F)(F)F)(F)F)(F)F)(F)F)/C(=O)[O-],1.46,7.7,20,biotransformation,,,,,,,,0.88,30,0,4
5:3 FTCA,,C(=C\C(C(C(C(C(F)(F)F)(F)F)(F)F)(F)F)(F)F)/C(=O)[O-],,C(C(C(=O)[O-])O)C(C(C(C(C(F)(F)F)(F)F)(F)F)(F)F)(F)F,1.46,7.7,20,biotransformation,,,,,,,,0.88,30,0,4
5:3 FTCA,,C(=C\C(C(C(F)(F)F)(F)F)(F)F)/C(=O)[O-],,C(C(C(C(C(F)(F)F)(F)F)(F)F)O)C(=O)[O-],1.46,7.7,20,biotransformation,,,,,,,,0.88,30,0,4
5:3 FTCA,,C(C=O)C(C(C(C(C(F)(F)F)(F)F)(F)F)(F)F)(F)F,,C(C(=O)[O-])C(C(C(C(C(F)(F)F)(F)F)(F)F)(F)F)(F)F,1.46,7.7,20,biotransformation,,,,,,,,0.88,30,0,4
5:3 FTCA,,C(CC(C(C(C(F)(F)F)(F)F)(F)F)(F)F)C(=O)[O-],,C(C(C(=O)[O-])O)C(C(C(C(F)(F)F)(F)F)(F)F)(F)F,1.46,7.7,20,biotransformation,,,,,,,,0.88,30,0,4
5:3 FTCA,,C(=O)C(C(C(C(F)(F)F)(F)F)(F)F)(F)F,,C(=O)(C(C(C(C(F)(F)F)(F)F)(F)F)(F)F)[O-],1.46,7.7,20,biotransformation,,,,,,,,0.88,30,0,4
5:3 FTCA,,C(C(C(=O)[O-])O)C(C(C(C(F)(F)F)(F)F)(F)F)(F)F,,C(C(=O)C(C(C(C(F)(F)F)(F)F)(F)F)(F)F)C(=O)[O-],1.46,7.7,20,biotransformation,,,,,,,,0.88,30,0,4
5:3 FTCA,,C(C(=O)[O-])C(C(C(C(C(F)(F)F)(F)F)(F)F)(F)F)(F)F,,C(=C(\C(C(C(C(F)(F)F)(F)F)(F)F)(F)F)/F)/C(=O)[O-],1.46,7.7,20,biotransformation,,,,,,,,0.88,30,0,4
5:3 FTCA,,C(C(=O)C(C(C(C(F)(F)F)(F)F)(F)F)(F)F)C(=O)[O-],,C(=O)(C(C(C(C(F)(F)F)(F)F)(F)F)(F)F)[O-],1.46,7.7,20,biotransformation,,,,,,,,0.88,30,0,4
5:3 FTCA,,C(C(=O)[O-])C(C(C(C(F)(F)F)(F)F)(F)F)(F)F,,C(=C(\C(C(C(F)(F)F)(F)F)(F)F)/F)/C(=O)[O-],1.46,7.7,20,biotransformation,,,,,,,,0.88,30,0,4
5:3 FTCA,,C(C(=O)[O-])C(C(C(C(C(F)(F)F)(F)F)(F)F)(F)F)(F)F,,C(C(=O)[O-])(C(C(C(C(C(F)(F)F)(F)F)(F)F)(F)F)(F)F)O,1.46,7.7,20,biotransformation,,,,,,,,0.88,30,0,4
6:2 FTAA,,CNCCCNS(=O)(=O)CCC(C(C(C(C(C(F)(F)F)(F)F)(F)F)(F)F)(F)F)(F)F,,C(CN)CNS(=O)(=O)CCC(C(C(C(C(C(F)(F)F)(F)F)(F)F)(F)F)(F)F)(F)F,2930,6.9,20,biotransformation,,,,,,,,,40,,109
6:2 FTAA,,C(CNS(=O)(=O)CCC(C(C(C(C(C(F)(F)F)(F)F)(F)F)(F)F)(F)F)(F)F)CO,,C(CNS(=O)(=O)CCC(C(C(C(C(C(F)(F)F)(F)F)(F)F)(F)F)(F)F)(F)F)C=O,2930,6.9,20,biotransformation,,,,,,,,,40,,109
6:2 FTAA,,CC(C(C(C(C(C(F)(F)F)(F)F)(F)F)(F)F)(F)F)O,,C(=O)(C(C(C(C(F)(F)F)(F)F)(F)F)(F)F)[O-],2930,6.9,20,biotransformation,,,,,,,,,40,,109
6:2 FTAA,,CC(=O)C(C(C(C(C(F)(F)F)(F)F)(F)F)(F)F)(F)F,,CC(C(C(C(C(C(F)(F)F)(F)F)(F)F)(F)F)(F)F)O,2930,6.9,20,biotransformation,,,,,,,,,40,,109
6:2 FTAA,,C(CC(C(C(C(C(F)(F)F)(F)F)(F)F)(F)F)(F)F)C(=O)O,,C(=C\C(C(C(C(C(F)(F)F)(F)F)(F)F)(F)F)(F)F)/C(=O)O,2930,6.9,20,biotransformation,,,,,,,,,40,,109
6:2 FTAA,,C[N+](C)(CCCNS(=O)(=O)CCC(C(C(C(C(C(F)(F)F)(F)F)(F)F)(F)F)(F)F)(F)F)CC(=O)[O-],,C(CS(=O)(=O)N)C(C(C(C(C(C(F)(F)F)(F)F)(F)F)(F)F)(F)F)(F)F,2930,6.9,20,biotransformation,,,,,,,,,40,,109
6:2 FTAA,,C(=C\C(C(C(C(C(F)(F)F)(F)F)(F)F)(F)F)(F)F)/C(=O)O,,C(=O)(C(C(C(C(F)(F)F)(F)F)(F)F)(F)F)[O-],2930,6.9,20,biotransformation,,,,,,,,,40,,109
6:2 FTAA,,C(CS(=O)(=O)N)C(C(C(C(C(C(F)(F)F)(F)F)(F)F)(F)F)(F)F)(F)F,,C(CS(=O)(=O)[O-])C(C(C(C(C(C(F)(F)F)(F)F)(F)F)(F)F)(F)F)(F)F,2930,6.9,20,biotransformation,,,,,,,,,40,,109
6:2 FTAA,,C(CS(=O)(=O)N)C(C(C(C(C(C(F)(F)F)(F)F)(F)F)(F)F)(F)F)(F)F,,C(CO)C(C(C(C(C(C(F)(F)F)(F)F)(F)F)(F)F)(F)F)(F)F,2930,6.9,20,biotransformation,,,,,,,,,40,,109
6:2 FTAA,,C(CS(=O)(=O)[O-])C(C(C(C(C(C(F)(F)F)(F)F)(F)F)(F)F)(F)F)(F)F,,C(CO)C(C(C(C(C(C(F)(F)F)(F)F)(F)F)(F)F)(F)F)(F)F,2930,6.9,20,biotransformation,,,,,,,,,40,,109
6:2 FTAA,,CN(C)CCCNS(=O)(=O)CCC(C(C(C(C(C(F)(F)F)(F)F)(F)F)(F)F)(F)F)(F)F,,C(CS(=O)(=O)N)C(C(C(C(C(C(F)(F)F)(F)F)(F)F)(F)F)(F)F)(F)F,2930,6.9,20,biotransformation,,,,,,,,,40,,109
6:2 FTAA,,CN(C)CCCNS(=O)(=O)CCC(C(C(C(C(C(F)(F)F)(F)F)(F)F)(F)F)(F)F)(F)F,,CN(CCCNS(=O)(=O)CCC(C(C(C(C(C(F)(F)F)(F)F)(F)F)(F)F)(F)F)(F)F)CO,2930,6.9,20,biotransformation,,,,,,,,,40,,109
6:2 FTAA,,C(C=O)C(C(C(C(C(C(F)(F)F)(F)F)(F)F)(F)F)(F)F)(F)F,,C(=C(\C(C(C(C(C(F)(F)F)(F)F)(F)F)(F)F)(F)F)/F)/C=O,2930,6.9,20,biotransformation,,,,,,,,,40,,109
6:2 FTAA,,C(C(=O)O)C(C(C(C(C(C(F)(F)F)(F)F)(F)F)(F)F)(F)F)(F)F,,C(=C(\C(C(C(C(C(F)(F)F)(F)F)(F)F)(F)F)(F)F)/F)/C(=O)O,2930,6.9,20,biotransformation,,,,,,,,,40,,109
6:2 FTAA,,CN(CCCNS(=O)(=O)CCC(C(C(C(C(C(F)(F)F)(F)F)(F)F)(F)F)(F)F)(F)F)CO,,CNCCCNS(=O)(=O)CCC(C(C(C(C(C(F)(F)F)(F)F)(F)F)(F)F)(F)F)(F)F,2930,6.9,20,biotransformation,,,,,,,,,40,,109
6:2 FTAA,,CN(C)CCCNS(=O)(=O)CCC(C(C(C(C(C(F)(F)F)(F)F)(F)F)(F)F)(F)F)(F)F,,C(CNS(=O)(=O)CCC(C(C(C(C(C(F)(F)F)(F)F)(F)F)(F)F)(F)F)(F)F)CO,2930,6.9,20,biotransformation,,,,,,,,,40,,109
6:2 FTAA,,C(CN)CNS(=O)(=O)CCC(C(C(C(C(C(F)(F)F)(F)F)(F)F)(F)F)(F)F)(F)F,,C(CS(=O)(=O)N)C(C(C(C(C(C(F)(F)F)(F)F)(F)F)(F)F)(F)F)(F)F,2930,6.9,20,biotransformation,,,,,,,,,40,,109
6:2 FTAA,,C(=C(\C(C(C(C(C(F)(F)F)(F)F)(F)F)(F)F)(F)F)/F)/C(=O)O,,CC(=O)C(C(C(C(C(F)(F)F)(F)F)(F)F)(F)F)(F)F,2930,6.9,20,biotransformation,,,,,,,,,40,,109
6:2 FTAA,,C(=C(\C(C(C(C(C(F)(F)F)(F)F)(F)F)(F)F)(F)F)/F)/C=O,,C(=C(\C(C(C(C(C(F)(F)F)(F)F)(F)F)(F)F)(F)F)/F)/C(=O)O,2930,6.9,20,biotransformation,,,,,,,,,40,,109
6:2 FTAA,,CC(C(C(C(C(C(F)(F)F)(F)F)(F)F)(F)F)(F)F)O,,C(=O)(C(C(C(C(C(F)(F)F)(F)F)(F)F)(F)F)(F)F)[O-],2930,6.9,20,biotransformation,,,,,,,,,40,,109
6:2 FTAA,,C(CNS(=O)(=O)CCC(C(C(C(C(C(F)(F)F)(F)F)(F)F)(F)F)(F)F)(F)F)C(=O)O,,C(CS(=O)(=O)N)C(C(C(C(C(C(F)(F)F)(F)F)(F)F)(F)F)(F)F)(F)F,2930,6.9,20,biotransformation,,,,,,,,,40,,109
6:2 FTAA,,C(=C(\C(C(C(C(C(F)(F)F)(F)F)(F)F)(F)F)(F)F)/F)/C(=O)O,,C(CC(C(C(C(C(F)(F)F)(F)F)(F)F)(F)F)(F)F)C(=O)O,2930,6.9,20,biotransformation,,,,,,,,,40,,109
6:2 FTAA,,C(=C\C(C(C(C(C(F)(F)F)(F)F)(F)F)(F)F)(F)F)/C(=O)O,,C(=O)(C(C(C(F)(F)F)(F)F)(F)F)[O-],2930,6.9,20,biotransformation,,,,,,,,,40,,109
6:2 FTAA,,C(=C\C(C(C(C(C(F)(F)F)(F)F)(F)F)(F)F)(F)F)/C(=O)O,,C(CC(C(C(C(C(F)(F)F)(F)F)(F)F)(F)F)(F)F)C(=O)O,2930,6.9,20,biotransformation,,,,,,,,,40,,109
6:2 FTAA,,C(CO)C(C(C(C(C(C(F)(F)F)(F)F)(F)F)(F)F)(F)F)(F)F,,C(C=O)C(C(C(C(C(C(F)(F)F)(F)F)(F)F)(F)F)(F)F)(F)F,2930,6.9,20,biotransformation,,,,,,,,,40,,109
6:2 FTAA,,C(C=O)C(C(C(C(C(C(F)(F)F)(F)F)(F)F)(F)F)(F)F)(F)F,,C(C(=O)O)C(C(C(C(C(C(F)(F)F)(F)F)(F)F)(F)F)(F)F)(F)F,2930,6.9,20,biotransformation,,,,,,,,,40,,109
6:2 FTAA,,C(CNS(=O)(=O)CCC(C(C(C(C(C(F)(F)F)(F)F)(F)F)(F)F)(F)F)(F)F)C=O,,C(CNS(=O)(=O)CCC(C(C(C(C(C(F)(F)F)(F)F)(F)F)(F)F)(F)F)(F)F)C(=O)O,2930,6.9,20,biotransformation,,,,,,,,,40,,109
6:2 FTAA,,C(CS(=O)(=O)N)C(C(C(C(C(C(F)(F)F)(F)F)(F)F)(F)F)(F)F)(F)F,,C(CS(=O)(=O)O)C(C(C(C(C(C(F)(F)F)(F)F)(F)F)(F)F)(F)F)(F)F,0.3,5.54,25,biotransformation,,,11.8,0.48,1.29,11.7,,,,,150
6:2 FTAA,,CN(C)CCCNS(=O)(=O)CCC(C(C(C(C(C(F)(F)F)(F)F)(F)F)(F)F)(F)F)(F)F,,CN(CCCNS(=O)(=O)CCC(C(C(C(C(C(F)(F)F)(F)F)(F)F)(F)F)(F)F)(F)F)CO,0.3,5.54,25,biotransformation,,,11.8,0.48,1.29,11.7,,,,,150
6:2 FTAA,,CN(C)CCCNS(=O)(=O)CCC(C(C(C(C(C(F)(F)F)(F)F)(F)F)(F)F)(F)F)(F)F,,CNCCCNS(=O)(=O)CCC(C(C(C(C(C(F)(F)F)(F)F)(F)F)(F)F)(F)F)(F)F,0.3,5.54,25,biotransformation,,,11.8,0.48,1.29,11.7,,,,,150
6:2 FTAA,,C(CS(=O)(=O)N)C(C(C(C(C(C(F)(F)F)(F)F)(F)F)(F)F)(F)F)(F)F,,C(CS(=O)(=O)NC=O)C(C(C(C(C(C(F)(F)F)(F)F)(F)F)(F)F)(F)F)(F)F,0.3,5.54,25,biotransformation,,,11.8,0.48,1.29,11.7,,,,,150
6:2 FTAA,,C(CNS(=O)(=O)CCC(C(C(C(C(C(F)(F)F)(F)F)(F)F)(F)F)(F)F)(F)F)C(=O)O,,C(CS(=O)(=O)NCC=O)C(C(C(C(C(C(F)(F)F)(F)F)(F)F)(F)F)(F)F)(F)F,0.3,5.54,25,biotransformation,,,11.8,0.48,1.29,11.7,,,,,150
6:2 FTAA,,CN(C)CCCNS(=O)(=O)CCC(C(C(C(C(C(F)(F)F)(F)F)(F)F)(F)F)(F)F)(F)F,,C/[N+](=C/CCNS(=O)(=O)CCC(C(C(C(C(C(F)(F)F)(F)F)(F)F)(F)F)(F)F)(F)F)/C,0.3,5.54,25,biotransformation,,,11.8,0.48,1.29,11.7,,,,,150
6:2 FTAA,,C(CS(=O)(=O)N)C(C(C(C(C(C(F)(F)F)(F)F)(F)F)(F)F)(F)F)(F)F,,C(CS(=O)O)C(C(C(C(C(C(F)(F)F)(F)F)(F)F)(F)F)(F)F)(F)F,0.3,5.54,25,biotransformation,,,11.8,0.48,1.29,11.7,,,,,150
6:2 FTAA,,C(CS(=O)(=O)NCC=O)C(C(C(C(C(C(F)(F)F)(F)F)(F)F)(F)F)(F)F)(F)F,,C(CS(=O)(=O)NCC(=O)O)C(C(C(C(C(C(F)(F)F)(F)F)(F)F)(F)F)(F)F)(F)F,0.3,5.54,25,biotransformation,,,11.8,0.48,1.29,11.7,,,,,150
6:2 FTAA,,C(CS(=O)(=O)NC=O)C(C(C(C(C(C(F)(F)F)(F)F)(F)F)(F)F)(F)F)(F)F,,C(CS(=O)(=O)N)C(C(C(C(C(C(F)(F)F)(F)F)(F)F)(F)F)(F)F)(F)F,0.3,5.54,25,biotransformation,,,11.8,0.48,1.29,11.7,,,,,150
6:2 FTAA,,C/[N+](=C/CCNS(=O)(=O)CCC(C(C(C(C(C(F)(F)F)(F)F)(F)F)(F)F)(F)F)(F)F)/C,,CNCCCNS(=O)(=O)CCC(C(C(C(C(C(F)(F)F)(F)F)(F)F)(F)F)(F)F)(F)F,0.3,5.54,25,biotransformation,,,11.8,0.48,1.29,11.7,,,,,150
6:2 FTAA,,C(CN)CNS(=O)(=O)CCC(C(C(C(C(C(F)(F)F)(F)F)(F)F)(F)F)(F)F)(F)F,,C(CNS(=O)(=O)CCC(C(C(C(C(C(F)(F)F)(F)F)(F)F)(F)F)(F)F)(F)F)C(=O)O,0.3,5.54,25,biotransformation,,,11.8,0.48,1.29,11.7,,,,,150
6:2 FTAA,,CNCCCNS(=O)(=O)CCC(C(C(C(C(C(F)(F)F)(F)F)(F)F)(F)F)(F)F)(F)F,,C(CN)CNS(=O)(=O)CCC(C(C(C(C(C(F)(F)F)(F)F)(F)F)(F)F)(F)F)(F)F,0.3,5.54,25,biotransformation,,,11.8,0.48,1.29,11.7,,,,,150
6:2 FTAA,,C(CNS(=O)(=O)CCC(C(C(C(C(C(F)(F)F)(F)F)(F)F)(F)F)(F)F)(F)F)C(=O)O,,C(CS(=O)(=O)N)C(C(C(C(C(C(F)(F)F)(F)F)(F)F)(F)F)(F)F)(F)F,0.3,5.54,25,biotransformation,,,11.8,0.48,1.29,11.7,,,,,150
6:2 FTAA,,C(CS(=O)(=O)NCC(=O)O)C(C(C(C(C(C(F)(F)F)(F)F)(F)F)(F)F)(F)F)(F)F,,C(CS(=O)(=O)NC=O)C(C(C(C(C(C(F)(F)F)(F)F)(F)F)(F)F)(F)F)(F)F,0.3,5.54,25,biotransformation,,,11.8,0.48,1.29,11.7,,,,,150
6:2 FTAA,,CN(CCCNS(=O)(=O)CCC(C(C(C(C(C(F)(F)F)(F)F)(F)F)(F)F)(F)F)(F)F)CO,,CNCCCNS(=O)(=O)CCC(C(C(C(C(C(F)(F)F)(F)F)(F)F)(F)F)(F)F)(F)F,0.3,5.54,25,biotransformation,,,11.8,0.48,1.29,11.7,,,,,150
6:2 FTAB,,C(CO)C(C(C(C(C(C(F)(F)F)(F)F)(F)F)(F)F)(F)F)(F)F,,C(COS(=O)(=O)[O-])C(C(C(C(C(C(F)(F)F)(F)F)(F)F)(F)F)(F)F)(F)F,60,6.9,30,biotransformation,,,,,,,,,,,7
6:2 FTAB,,C[N+](C)(CCCNS(=O)(=O)CCC(C(C(C(C(C(F)(F)F)(F)F)(F)F)(F)F)(F)F)(F)F)CC(=O)[O-],,CN(CCCNS(=O)(=O)CCC(C(C(C(C(C(F)(F)F)(F)F)(F)F)(F)F)(F)F)(F)F)CO,60,6.9,30,biotransformation,,,,,,,,,,,7
6:2 FTAB,,C(COS(=O)(=O)[O-])C(C(C(C(C(C(F)(F)F)(F)F)(F)F)(F)F)(F)F)(F)F,,C(CO)C(C(C(C(C(C(F)(F)F)(F)F)(F)F)(F)F)(F)F)(F)F,60,6.9,30,biotransformation,,,,,,,,,,,7
6:2 FTAB,,C(CS(=O)(=O)[O-])C(C(C(C(C(C(F)(F)F)(F)F)(F)F)(F)F)(F)F)(F)F,,C(COS(=O)(=O)[O-])C(C(C(C(C(C(F)(F)F)(F)F)(F)F)(F)F)(F)F)(F)F,60,6.9,30,biotransformation,,,,,,,,,,,7
6:2 FTAB,,CC(C(C(C(C(C(F)(F)F)(F)F)(F)F)(F)F)(F)F)O,,C(=O)(C(C(C(C(C(F)(F)F)(F)F)(F)F)(F)F)(F)F)O,60,6.9,30,biotransformation,,,,,,,,,,,7
6:2 FTAB,,C(CC(C(C(C(C(F)(F)F)(F)F)(F)F)(F)F)(F)F)C(=O)O,,C(=O)(C(C(C(F)(F)F)(F)F)(F)F)O,60,6.9,30,biotransformation,,,,,,,,,,,7
6:2 FTAB,,C(C=O)C(C(C(C(C(C(F)(F)F)(F)F)(F)F)(F)F)(F)F)(F)F,,C(C(=O)O)C(C(C(C(C(C(F)(F)F)(F)F)(F)F)(F)F)(F)F)(F)F,60,6.9,30,biotransformation,,,,,,,,,,,7
6:2 FTAB,,C(CC(C(C(C(F)(F)F)(F)F)(F)F)(F)F)C(=O)O,,C(C(=O)O)C(C(C(C(F)(F)F)(F)F)(F)F)(F)F,60,6.9,30,biotransformation,,,,,,,,,,,7
6:2 FTAB,,C(=C(\C(C(C(C(C(F)(F)F)(F)F)(F)F)(F)F)(F)F)/F)/C(=O)O,,CC(=O)C(C(C(C(C(F)(F)F)(F)F)(F)F)(F)F)(F)F,60,6.9,30,biotransformation,,,,,,,,,,,7
6:2 FTAB,,C(CO)C(C(C(C(C(C(F)(F)F)(F)F)(F)F)(F)F)(F)F)(F)F,,C(C=O)C(C(C(C(C(C(F)(F)F)(F)F)(F)F)(F)F)(F)F)(F)F,60,6.9,30,biotransformation,,,,,,,,,,,7
6:2 FTAB,,CN(CCCNS(=O)(=O)CCC(C(C(C(C(C(F)(F)F)(F)F)(F)F)(F)F)(F)F)(F)F)CO,,C(COS(=O)(=O)[O-])C(C(C(C(C(C(F)(F)F)(F)F)(F)F)(F)F)(F)F)(F)F,60,6.9,30,biotransformation,,,,,,,,,,,7
6:2 FTAB,,C(C(=O)O)C(C(C(C(C(C(F)(F)F)(F)F)(F)F)(F)F)(F)F)(F)F,,C(=C(\C(C(C(C(C(F)(F)F)(F)F)(F)F)(F)F)(F)F)/F)/C(=O)O,60,6.9,30,biotransformation,,,,,,,,,,,7
6:2 FTAB,,CC(=O)C(C(C(C(C(F)(F)F)(F)F)(F)F)(F)F)(F)F,,CC(C(C(C(C(C(F)(F)F)(F)F)(F)F)(F)F)(F)F)O,60,6.9,30,biotransformation,,,,,,,,,,,7
6:2 FTAB,,CC(=O)C(C(C(C(F)(F)F)(F)F)(F)F)(F)F,,C(=O)(C(C(C(C(F)(F)F)(F)F)(F)F)(F)F)O,60,6.9,30,biotransformation,,,,,,,,,,,7
6:2 FTAB,,CN(CCCNS(=O)(=O)CCC(C(C(C(C(C(F)(F)F)(F)F)(F)F)(F)F)(F)F)(F)F)CO,,C(CS(=O)(=O)[O-])C(C(C(C(C(C(F)(F)F)(F)F)(F)F)(F)F)(F)F)(F)F,60,6.9,30,biotransformation,,,,,,,,,,,7
6:2 FTAB,,C(CS(=O)(=O)[O-])C(C(C(C(C(C(F)(F)F)(F)F)(F)F)(F)F)(F)F)(F)F,,C(C=O)C(C(C(C(C(C(F)(F)F)(F)F)(F)F)(F)F)(F)F)(F)F,60,6.9,30,biotransformation,,,,,,,,,,,7
6:2 FTAB,,C(C(=O)O)C(C(C(C(F)(F)F)(F)F)(F)F)(F)F,,C(=C(\C(C(C(F)(F)F)(F)F)(F)F)/F)/C(=O)O,60,6.9,30,biotransformation,,,,,,,,,,,7
6:2 FTAB,,C(CC(C(C(C(C(F)(F)F)(F)F)(F)F)(F)F)(F)F)C(=O)O,,C(CC(C(C(C(F)(F)F)(F)F)(F)F)(F)F)C(=O)O,60,6.9,30,biotransformation,,,,,,,,,,,7
6:2 FTAB,,C(CS(=O)(=O)[O-])C(C(C(C(C(C(F)(F)F)(F)F)(F)F)(F)F)(F)F)(F)F,,C(CO)C(C(C(C(C(C(F)(F)F)(F)F)(F)F)(F)F)(F)F)(F)F,60,6.9,30,biotransformation,,,,,,,,,,,7
6:2 FTAB,,C[N+](C)(CCCNS(=O)(=O)CCC(C(C(C(C(C(F)(F)F)(F)F)(F)F)(F)F)(F)F)(F)F)CC(=O)[O-],,C(CS(=O)(=O)[O-])C(C(C(C(C(C(F)(F)F)(F)F)(F)F)(F)F)(F)F)(F)F,60,6.9,30,biotransformation,,,,,,,,,,,7
6:2 FTAB,,C(=C(\C(C(C(C(C(F)(F)F)(F)F)(F)F)(F)F)(F)F)/F)/C(=O)O,,C(CC(C(C(C(C(F)(F)F)(F)F)(F)F)(F)F)(F)F)C(=O)O,60,6.9,30,biotransformation,,,,,,,,,,,7
6:2 FTAB,,CC(C(C(C(C(C(F)(F)F)(F)F)(F)F)(F)F)(F)F)O,,C(=O)(C(C(C(C(F)(F)F)(F)F)(F)F)(F)F)O,60,5.54,25,biotransformation,,,11.8,,,,,,,aerobic,100
6:2 FTAB,,C(CS(=O)(=O)NCC=O)C(C(C(C(C(C(F)(F)F)(F)F)(F)F)(F)F)(F)F)(F)F,,C(CS(=O)(=O)N)C(C(C(C(C(C(F)(F)F)(F)F)(F)F)(F)F)(F)F)(F)F,60,5.54,25,biotransformation,,,11.8,,,,,,,aerobic,100
6:2 FTAB,,CC(C(C(C(C(C(F)(F)F)(F)F)(F)F)(F)F)(F)F)O,,C(=O)(C(C(C(F)(F)F)(F)F)(F)F)O,60,5.54,25,biotransformation,,,11.8,,,,,,,aerobic,100
6:2 FTAB,,C(CS(=O)(=O)O)C(C(C(C(C(C(F)(F)F)(F)F)(F)F)(F)F)(F)F)(F)F,,C(C(C(C(C(C(C(C(F)(F)F)(F)F)(F)F)(F)F)(F)F)(F)F)O)S(=O)(=O)O,60,5.54,25,biotransformation,,,11.8,,,,,,,aerobic,100
6:2 FTAB,,C(CC(C(C(C(C(F)(F)F)(F)F)(F)F)(F)F)(F)F)C(=O)O,,C(CC(C(C(C(F)(F)F)(F)F)(F)F)(F)F)C(=O)O,60,5.54,25,biotransformation,,,11.8,,,,,,,aerobic,100
6:2 FTAB,,C(C(=O)O)C(C(C(C(C(C(F)(F)F)(F)F)(F)F)(F)F)(F)F)(F)F,,C(=C(\C(C(C(C(C(F)(F)F)(F)F)(F)F)(F)F)(F)F)/F)/C(=O)O,60,5.54,25,biotransformation,,,11.8,,,,,,,aerobic,100
6:2 FTAB,,C(=C\S(=O)(=O)O)/C(C(C(C(C(C(F)(F)F)(F)F)(F)F)(F)F)(F)F)(F)F,,C(C(=O)C(C(C(C(C(C(F)(F)F)(F)F)(F)F)(F)F)(F)F)(F)F)S(=O)(=O)O,60,5.54,25,biotransformation,,,11.8,,,,,,,aerobic,100
6:2 FTAB,,C[N+](C)(CCCNS(=O)(=O)CCC(C(C(C(C(C(F)(F)F)(F)F)(F)F)(F)F)(F)F)(F)F)CC(=O)O,,C(CS(=O)(=O)NCC=O)C(C(C(C(C(C(F)(F)F)(F)F)(F)F)(F)F)(F)F)(F)F,60,5.54,25,biotransformation,,,11.8,,,,,,,aerobic,100
6:2 FTAB,,C(=C\C(C(C(C(C(F)(F)F)(F)F)(F)F)(F)F)(F)F)/C(=O)O,,C(CC(C(C(C(C(F)(F)F)(F)F)(F)F)(F)F)(F)F)C(=O)O,60,5.54,25,biotransformation,,,11.8,,,,,,,aerobic,100
6:2 FTAB,,C(C=O)C(C(C(C(C(C(F)(F)F)(F)F)(F)F)(F)F)(F)F)(F)F,,C(C(=O)O)C(C(C(C(C(C(F)(F)F)(F)F)(F)F)(F)F)(F)F)(F)F,60,5.54,25,biotransformation,,,11.8,,,,,,,aerobic,100
6:2 FTAB,,C(C(=O)C(C(C(C(C(C(F)(F)F)(F)F)(F)F)(F)F)(F)F)(F)F)S(=O)(=O)O,,C(=O)(C(C(C(C(C(C(F)(F)F)(F)F)(F)F)(F)F)(F)F)(F)F)O,60,5.54,25,biotransformation,,,11.8,,,,,,,aerobic,100
6:2 FTAB,,C(CO)C(C(C(C(C(C(F)(F)F)(F)F)(F)F)(F)F)(F)F)(F)F,,C(C=O)C(C(C(C(C(C(F)(F)F)(F)F)(F)F)(F)F)(F)F)(F)F,60,5.54,25,biotransformation,,,11.8,,,,,,,aerobic,100
6:2 FTAB,,C(CC(C(C(C(C(F)(F)F)(F)F)(F)F)(F)F)(F)F)C(=O)O,,C(=C\C(C(C(C(C(F)(F)F)(F)F)(F)F)(F)F)(F)F)/C(=O)O,60,5.54,25,biotransformation,,,11.8,,,,,,,aerobic,100
6:2 FTAB,,C(CS(=O)(=O)N)C(C(C(C(C(C(F)(F)F)(F)F)(F)F)(F)F)(F)F)(F)F,,C(CS(=O)(=O)O)C(C(C(C(C(C(F)(F)F)(F)F)(F)F)(F)F)(F)F)(F)F,60,5.54,25,biotransformation,,,11.8,,,,,,,aerobic,100
6:2 FTAB,,C(=C(\C(C(C(C(C(F)(F)F)(F)F)(F)F)(F)F)(F)F)/F)/C(=O)O,,C(=C\C(C(C(C(C(F)(F)F)(F)F)(F)F)(F)F)(F)F)/C(=O)O,60,5.54,25,biotransformation,,,11.8,,,,,,,aerobic,100
6:2 FTAB,,C(CC(C(C(C(C(F)(F)F)(F)F)(F)F)(F)F)(F)F)C(=O)O,,C(C(C(=O)O)O)C(C(C(C(C(F)(F)F)(F)F)(F)F)(F)F)(F)F,60,5.54,25,biotransformation,,,11.8,,,,,,,aerobic,100
6:2 FTAB,,C(C(=O)O)C(C(C(C(C(C(F)(F)F)(F)F)(F)F)(F)F)(F)F)(F)F,,C(=O)(C(C(C(C(C(C(F)(F)F)(F)F)(F)F)(F)F)(F)F)(F)F)O,60,5.54,25,biotransformation,,,11.8,,,,,,,aerobic,100
6:2 FTAB,,C(CS(=O)(=O)O)C(C(C(C(C(C(F)(F)F)(F)F)(F)F)(F)F)(F)F)(F)F,,C(CO)C(C(C(C(C(C(F)(F)F)(F)F)(F)F)(F)F)(F)F)(F)F,60,5.54,25,biotransformation,,,11.8,,,,,,,aerobic,100
6:2 FTAB,,C(C(C(=O)O)O)C(C(C(C(C(F)(F)F)(F)F)(F)F)(F)F)(F)F,,C(=O)(C(C(C(C(C(F)(F)F)(F)F)(F)F)(F)F)(F)F)O,60,5.54,25,biotransformation,,,11.8,,,,,,,aerobic,100
6:2 FTAB,,C(CS(=O)(=O)NCC=O)C(C(C(C(C(C(F)(F)F)(F)F)(F)F)(F)F)(F)F)(F)F,,C(CS(=O)(=O)O)C(C(C(C(C(C(F)(F)F)(F)F)(F)F)(F)F)(F)F)(F)F,60,5.54,25,biotransformation,,,11.8,,,,,,,aerobic,100
6:2 FTAB,,C(CS(=O)(=O)O)C(C(C(C(C(C(F)(F)F)(F)F)(F)F)(F)F)(F)F)(F)F,,C(=C\S(=O)(=O)O)/C(C(C(C(C(C(F)(F)F)(F)F)(F)F)(F)F)(F)F)(F)F,60,5.54,25,biotransformation,,,11.8,,,,,,,aerobic,100
6:2 FTAB,,C(C(C(=O)O)O)C(C(C(C(C(F)(F)F)(F)F)(F)F)(F)F)(F)F,,C(=O)(C(C(C(F)(F)F)(F)F)(F)F)O,60,5.54,25,biotransformation,,,11.8,,,,,,,aerobic,100
6:2 FTAB,,CC(=O)C(C(C(C(C(F)(F)F)(F)F)(F)F)(F)F)(F)F,,CC(C(C(C(C(C(F)(F)F)(F)F)(F)F)(F)F)(F)F)O,60,5.54,25,biotransformation,,,11.8,,,,,,,aerobic,100
6:2 FTAB,,C[N+](C)(CCCNS(=O)(=O)CCC(C(C(C(C(C(F)(F)F)(F)F)(F)F)(F)F)(F)F)(F)F)CC(=O)O,,C(CS(=O)(=O)O)C(C(C(C(C(C(F)(F)F)(F)F)(F)F)(F)F)(F)F)(F)F,60,5.54,25,biotransformation,,,11.8,,,,,,,aerobic,100
6:2 FTAB,,CC(C(C(C(C(C(F)(F)F)(F)F)(F)F)(F)F)(F)F)O,,C(=O)(C(C(C(C(C(F)(F)F)(F)F)(F)F)(F)F)(F)F)O,60,5.54,25,biotransformation,,,11.8,,,,,,,aerobic,100
6:2 FTAB,,C(=C(\C(C(C(C(C(F)(F)F)(F)F)(F)F)(F)F)(F)F)/F)/C(=O)O,,CC(=O)C(C(C(C(C(F)(F)F)(F)F)(F)F)(F)F)(F)F,60,5.54,25,biotransformation,,,11.8,,,,,,,aerobic,100
6:2 FTAB,,C(C(C(=O)O)O)C(C(C(C(C(F)(F)F)(F)F)(F)F)(F)F)(F)F,,C(=O)(C(C(C(C(F)(F)F)(F)F)(F)F)(F)F)O,60,5.54,25,biotransformation,,,11.8,,,,,,,aerobic,100
6:2 FTAB,,C(C(C(C(C(C(C(C(F)(F)F)(F)F)(F)F)(F)F)(F)F)(F)F)O)S(=O)(=O)O,,C(C(=O)C(C(C(C(C(C(F)(F)F)(F)F)(F)F)(F)F)(F)F)(F)F)S(=O)(=O)O,60,5.54,25,biotransformation,,,11.8,,,,,,,aerobic,100
6:2 FTCA,,C(=O)(C(C(C(C(F)(F)F)(F)F)(F)F)(F)F)O,,C(=O)(C(C(C(F)(F)F)(F)F)(F)F)O,80,7.3,24,biotransformation,,,,,,,,,,aerobic,7
6:2 FTCA,,C(C(=O)O)C(C(C(C(C(C(F)(F)F)(F)F)(F)F)(F)F)(F)F)(F)F,,C(=C(\C(C(C(C(C(F)(F)F)(F)F)(F)F)(F)F)(F)F)/F)/C(=O)O,80,7.3,24,biotransformation,,,,,,,,,,aerobic,7
6:2 FTCA,,C(=C(\C(C(C(C(C(F)(F)F)(F)F)(F)F)(F)F)(F)F)/F)/C(=O)O,,CC(=O)C(C(C(C(C(F)(F)F)(F)F)(F)F)(F)F)(F)F,80,7.3,24,biotransformation,,,,,,,,,,aerobic,7
6:2 FTCA,,C(=O)(C(C(C(C(C(F)(F)F)(F)F)(F)F)(F)F)(F)F)O,,C(=O)(C(C(C(C(F)(F)F)(F)F)(F)F)(F)F)O,80,7.3,24,biotransformation,,,,,,,,,,aerobic,7
6:2 FTCA,,C(C(=O)O)C(C(C(C(C(F)(F)F)(F)F)(F)F)(F)F)(F)F,,C(=C(\C(C(C(C(F)(F)F)(F)F)(F)F)(F)F)/F)/C(=O)O,80,7.3,24,biotransformation,,,,,,,,,,aerobic,7
6:2 FTCA,,C(=C(\C(C(C(C(C(F)(F)F)(F)F)(F)F)(F)F)(F)F)/F)/C(=O)O,,C(=C\C(C(C(C(C(F)(F)F)(F)F)(F)F)(F)F)(F)F)/C(=O)O,80,7.3,24,biotransformation,,,,,,,,,,aerobic,7
6:2 FTCA,,C(=C(\C(C(C(C(F)(F)F)(F)F)(F)F)(F)F)/F)/C(=O)O,,C(=C\C(C(C(C(F)(F)F)(F)F)(F)F)(F)F)/C(=O)O,80,7.3,24,biotransformation,,,,,,,,,,aerobic,7
6:2 FTCA,,C(C(=O)O)C(C(C(C(C(C(F)(F)F)(F)F)(F)F)(F)F)(F)F)(F)F,,C(=O)(C(C(C(C(C(C(F)(F)F)(F)F)(F)F)(F)F)(F)F)(F)F)O,80,7.3,24,biotransformation,,,,,,,,,,aerobic,7
6:2 FTCA,,CC(=O)C(C(C(C(C(F)(F)F)(F)F)(F)F)(F)F)(F)F,,CC(C(C(C(C(C(F)(F)F)(F)F)(F)F)(F)F)(F)F)O,80,7.3,24,biotransformation,,,,,,,,,,aerobic,7
6:2 FTCA,,C(C=O)C(C(C(C(C(F)(F)F)(F)F)(F)F)(F)F)(F)F,,C(C(=O)O)C(C(C(C(C(F)(F)F)(F)F)(F)F)(F)F)(F)F,80,7.3,24,biotransformation,,,,,,,,,,aerobic,7
6:2 FTCA,,CC(C(C(C(C(C(F)(F)F)(F)F)(F)F)(F)F)(F)F)O,,C(=O)(C(C(C(C(C(F)(F)F)(F)F)(F)F)(F)F)(F)F)O,80,7.3,24,biotransformation,,,,,,,,,,aerobic,7
6:2 FTCA,,C(CC(C(C(C(C(F)(F)F)(F)F)(F)F)(F)F)(F)F)C(=O)O,,C(=C\C(C(C(C(C(F)(F)F)(F)F)(F)F)(F)F)(F)F)/C(=O)O,80,7.3,24,biotransformation,,,,,,,,,,aerobic,7
6:2 FTCA,,C(=C\C(C(C(C(F)(F)F)(F)F)(F)F)(F)F)/C(=O)O,,C(=O)(C(C(C(C(F)(F)F)(F)F)(F)F)(F)F)O,80,7.3,24,biotransformation,,,,,,,,,,aerobic,7
6:2 FTCA,,C(C(=O)O)C(C(C(C(C(F)(F)F)(F)F)(F)F)(F)F)(F)F,,C(=O)(C(C(C(C(C(F)(F)F)(F)F)(F)F)(F)F)(F)F)O,80,7.3,24,biotransformation,,,,,,,,,,aerobic,7
6:2 FTCA,,C(=C\C(C(C(C(C(F)(F)F)(F)F)(F)F)(F)F)(F)F)/C(=O)O,,C(CC(C(C(C(C(F)(F)F)(F)F)(F)F)(F)F)(F)F)C(=O)O,80,7.3,24,biotransformation,,,,,,,,,,aerobic,7
6:2 FTCA,,C(C(C(=O)O)O)C(C(C(C(C(F)(F)F)(F)F)(F)F)(F)F)(F)F,,C(C=O)C(C(C(C(C(F)(F)F)(F)F)(F)F)(F)F)(F)F,80,7.3,24,biotransformation,,,,,,,,,,aerobic,7
6:2 FTI,,C(CI)C(C(C(C(C(C(F)(F)F)(F)F)(F)F)(F)F)(F)F)(F)F,,C(=C\I)/C(C(C(C(C(C(F)(F)F)(F)F)(F)F)(F)F)(F)F)(F)F,553,5.8,22,biotransformation,,3.8,,,,,,,,aerobic,28
6:2 FTI,,C(CI)C(C(C(C(C(C(F)(F)F)(F)F)(F)F)(F)F)(F)F)(F)F,,C(CO)C(C(C(C(C(C(F)(F)F)(F)F)(F)F)(F)F)(F)F)(F)F,553,5.8,22,biotransformation,,3.8,,,,,,,,aerobic,28
6:2 FTI,,C(CO)C(C(C(C(C(C(F)(F)F)(F)F)(F)F)(F)F)(F)F)(F)F,,C(=O)(C(C(C(C(F)(F)F)(F)F)(F)F)(F)F)O,553,5.8,22,biotransformation,,3.8,,,,,,,,aerobic,28
6:2 FTI,,C(CO)C(C(C(C(C(C(F)(F)F)(F)F)(F)F)(F)F)(F)F)(F)F,,C(CC(C(C(C(C(F)(F)F)(F)F)(F)F)(F)F)(F)F)C(=O)O,553,5.8,22,biotransformation,,3.8,,,,,,,,aerobic,28
6:2 FTI,,C(=C\I)/C(C(C(C(C(C(F)(F)F)(F)F)(F)F)(F)F)(F)F)(F)F,,C(=O)(C(C(C(C(C(C(F)(F)F)(F)F)(F)F)(F)F)(F)F)(F)F)O,553,5.8,22,biotransformation,,3.8,,,,,,,,aerobic,28
6:2 FTI,,C(CC(C(C(C(C(F)(F)F)(F)F)(F)F)(F)F)(F)F)C(=O)O,,C(CC(C(C(C(F)(F)F)(F)F)(F)F)(F)F)C(=O)O,553,5.8,22,biotransformation,,3.8,,,,,,,,aerobic,28
6:2 FTI,,C(CO)C(C(C(C(C(C(F)(F)F)(F)F)(F)F)(F)F)(F)F)(F)F,,C(=O)(C(C(C(C(C(F)(F)F)(F)F)(F)F)(F)F)(F)F)O,553,5.8,22,biotransformation,,3.8,,,,,,,,aerobic,28
6:2 FTNO,,C/[N+](=C\CCNS(=O)(=O)CCC(C(C(C(C(C(F)(F)F)(F)F)(F)F)(F)F)(F)F)(F)F)/C,,CNCCCNS(=O)(=O)CCC(C(C(C(C(C(F)(F)F)(F)F)(F)F)(F)F)(F)F)(F)F,2.27,7,25,biotransformation,,,,,,,,,3,aerobic,100
6:2 FTNO,,C(CNS(=O)(=O)CCC(C(C(C(C(C(F)(F)F)(F)F)(F)F)(F)F)(F)F)(F)F)C(=O)O,,CN(CCC(=O)O)S(=O)(=O)CCC(C(C(C(C(C(F)(F)F)(F)F)(F)F)(F)F)(F)F)(F)F,2.27,7,25,biotransformation,,,,,,,,,3,aerobic,100
6:2 FTNO,,C(CS(=O)(=O)N)C(C(C(C(C(C(F)(F)F)(F)F)(F)F)(F)F)(F)F)(F)F,,C(CS(=O)(=O)NC=O)C(C(C(C(C(C(F)(F)F)(F)F)(F)F)(F)F)(F)F)(F)F,2.27,7,25,biotransformation,,,,,,,,,3,aerobic,100
6:2 FTNO,,C(CNS(=O)(=O)CCC(C(C(C(C(C(F)(F)F)(F)F)(F)F)(F)F)(F)F)(F)F)CO,,C(CNS(=O)(=O)CCC(C(C(C(C(C(F)(F)F)(F)F)(F)F)(F)F)(F)F)(F)F)C=O,2.27,7,25,biotransformation,,,,,,,,,3,aerobic,100
6:2 FTNO,,CN(C)CCCNS(=O)(=O)CCC(C(C(C(C(C(F)(F)F)(F)F)(F)F)(F)F)(F)F)(F)F,,CNCCCNS(=O)(=O)CCC(C(C(C(C(C(F)(F)F)(F)F)(F)F)(F)F)(F)F)(F)F,2.27,7,25,biotransformation,,,,,,,,,3,aerobic,100
6:2 FTNO,,C(CS(=O)(=O)NC=O)C(C(C(C(C(C(F)(F)F)(F)F)(F)F)(F)F)(F)F)(F)F,,C(CS(=O)(=O)N)C(C(C(C(C(C(F)(F)F)(F)F)(F)F)(F)F)(F)F)(F)F,2.27,7,25,biotransformation,,,,,,,,,3,aerobic,100
6:2 FTNO,,CCNS(=O)(=O)CCC(C(C(C(C(C(F)(F)F)(F)F)(F)F)(F)F)(F)F)(F)F,,C(CS(=O)(=O)NCCO)C(C(C(C(C(C(F)(F)F)(F)F)(F)F)(F)F)(F)F)(F)F,2.27,7,25,biotransformation,,,,,,,,,3,aerobic,100
6:2 FTNO,,C(CNS(=O)(=O)CCC(C(C(C(C(C(F)(F)F)(F)F)(F)F)(F)F)(F)F)(F)F)C(=O)O,,CCNS(=O)(=O)CCC(C(C(C(C(C(F)(F)F)(F)F)(F)F)(F)F)(F)F)(F)F,2.27,7,25,biotransformation,,,,,,,,,3,aerobic,100
6:2 FTNO,,C(CS(=O)(=O)N)C(C(C(C(C(C(F)(F)F)(F)F)(F)F)(F)F)(F)F)(F)F,,CCC(C)C(C(=O)NS(=O)(=O)CCC(C(C(C(C(C(F)(F)F)(F)F)(F)F)(F)F)(F)F)(F)F)N,2.27,7,25,biotransformation,,,,,,,,,3,aerobic,100
6:2 FTNO,,C(CS(=O)(=O)NCC(=O)O)C(C(C(C(C(C(F)(F)F)(F)F)(F)F)(F)F)(F)F)(F)F,,C(CS(=O)(=O)NC=O)C(C(C(C(C(C(F)(F)F)(F)F)(F)F)(F)F)(F)F)(F)F,2.27,7,25,biotransformation,,,,,,,,,3,aerobic,100
6:2 FTNO,,CCC(C)C(C(=O)NS(=O)(=O)CCC(C(C(C(C(C(F)(F)F)(F)F)(F)F)(F)F)(F)F)(F)F)N,,CCCC(C(=O)NS(=O)(=O)CCC(C(C(C(C(C(F)(F)F)(F)F)(F)F)(F)F)(F)F)(F)F)N,2.27,7,25,biotransformation,,,,,,,,,3,aerobic,100
6:2 FTNO,,CCCC(C(=O)NS(=O)(=O)CCC(C(C(C(C(C(F)(F)F)(F)F)(F)F)(F)F)(F)F)(F)F)N,,C(CS(=O)(=O)N)C(C(C(C(C(C(F)(F)F)(F)F)(F)F)(F)F)(F)F)(F)F,2.27,7,25,biotransformation,,,,,,,,,3,aerobic,100
6:2 FTNO,,C[N+](C)(CCCNS(=O)(=O)CCC(C(C(C(C(C(F)(F)F)(F)F)(F)F)(F)F)(F)F)(F)F)[O-],,CN(C)CCCNS(=O)(=O)CCC(C(C(C(C(C(F)(F)F)(F)F)(F)F)(F)F)(F)F)(F)F,2.27,7,25,biotransformation,,,,,,,,,3,aerobic,100
6:2 FTNO,,CNCCCNS(=O)(=O)CCC(C(C(C(C(C(F)(F)F)(F)F)(F)F)(F)F)(F)F)(F)F,,C(CN)CNS(=O)(=O)CCC(C(C(C(C(C(F)(F)F)(F)F)(F)F)(F)F)(F)F)(F)F,2.27,7,25,biotransformation,,,,,,,,,3,aerobic,100
6:2 FTNO,,C[N+](C)(CCCNS(=O)(=O)CCC(C(C(C(C(C(F)(F)F)(F)F)(F)F)(F)F)(F)F)(F)F)[O-],,C/[N+](=C\CCNS(=O)(=O)CCC(C(C(C(C(C(F)(F)F)(F)F)(F)F)(F)F)(F)F)(F)F)/C,2.27,7,25,biotransformation,,,,,,,,,3,aerobic,100
6:2 FTNO,,C(CS(=O)(=O)NCCO)C(C(C(C(C(C(F)(F)F)(F)F)(F)F)(F)F)(F)F)(F)F,,C(CS(=O)(=O)NCC=O)C(C(C(C(C(C(F)(F)F)(F)F)(F)F)(F)F)(F)F)(F)F,2.27,7,25,biotransformation,,,,,,,,,3,aerobic,100
6:2 FTNO,,C(CS(=O)(=O)NCC=O)C(C(C(C(C(C(F)(F)F)(F)F)(F)F)(F)F)(F)F)(F)F,,C(CS(=O)(=O)NCC(=O)O)C(C(C(C(C(C(F)(F)F)(F)F)(F)F)(F)F)(F)F)(F)F,2.27,7,25,biotransformation,,,,,,,,,3,aerobic,100
6:2 FTNO,,CCC(C)C(C(=O)NS(=O)(=O)CCC(C(C(C(C(C(F)(F)F)(F)F)(F)F)(F)F)(F)F)(F)F)N,,C(CS(=O)(=O)N)C(C(C(C(C(C(F)(F)F)(F)F)(F)F)(F)F)(F)F)(F)F,2.27,7,25,biotransformation,,,,,,,,,3,aerobic,100
6:2 FTNO,,C(CNS(=O)(=O)CCC(C(C(C(C(C(F)(F)F)(F)F)(F)F)(F)F)(F)F)(F)F)C(=O)O,,C(CS(=O)(=O)N)C(C(C(C(C(C(F)(F)F)(F)F)(F)F)(F)F)(F)F)(F)F,2.27,7,25,biotransformation,,,,,,,,,3,aerobic,100
6:2 FTNO,,C(CNS(=O)(=O)CCC(C(C(C(C(C(F)(F)F)(F)F)(F)F)(F)F)(F)F)(F)F)CO,,C(CNS(=O)(=O)CCC(C(C(C(C(C(F)(F)F)(F)F)(F)F)(F)F)(F)F)(F)F)C(=O)O,2.27,7,25,biotransformation,,,,,,,,,3,aerobic,100
6:2 FTOH,,C(CO)C(C(C(C(C(C(F)(F)F)(F)F)(F)F)(F)F)(F)F)(F)F,,C(C=O)C(C(C(C(C(C(F)(F)F)(F)F)(F)F)(F)F)(F)F)(F)F,,7.51,35,biotransformation,,,,,,,,,4,anaerobic,90
6:2 FTOH,,C(C(=O)O)C(C(C(C(C(C(F)(F)F)(F)F)(F)F)(F)F)(F)F)(F)F,,C(=C(\C(C(C(C(C(F)(F)F)(F)F)(F)F)(F)F)(F)F)/F)/C(=O)O,,7.51,35,biotransformation,,,,,,,,,4,anaerobic,90
6:2 FTOH,,C(=C(\C(C(C(C(C(F)(F)F)(F)F)(F)F)(F)F)(F)F)/F)/C(=O)O,,C(C(C(C(C(C(C(F)(F)F)(F)F)(F)F)(F)F)(F)F)F)C(=O)O,,7.51,35,biotransformation,,,,,,,,,4,anaerobic,90
6:2 FTOH,,CC(C(C(C(C(C(F)(F)F)(F)F)(F)F)(F)F)(F)F)O,,C(=O)(C(C(C(C(C(F)(F)F)(F)F)(F)F)(F)F)(F)F)O,,7.51,35,biotransformation,,,,,,,,,4,anaerobic,90
6:2 FTOH,,C(C(C(C(C(C(C(F)(F)F)(F)F)(F)F)(F)F)(F)F)F)C(=O)O,,C(=C\C(C(C(C(C(F)(F)F)(F)F)(F)F)(F)F)(F)F)/C(=O)O,,7.51,35,biotransformation,,,,,,,,,4,anaerobic,90
6:2 FTOH,,C(CC(C(C(C(C(F)(F)F)(F)F)(F)F)(F)F)(F)F)C(=O)O,,CC(C(C(C(C(C(F)(F)F)(F)F)(F)F)(F)F)(F)F)O,,7.51,35,biotransformation,,,,,,,,,4,anaerobic,90
6:2 FTOH,,C(C=O)C(C(C(C(C(C(F)(F)F)(F)F)(F)F)(F)F)(F)F)(F)F,,C(C(=O)O)C(C(C(C(C(C(F)(F)F)(F)F)(F)F)(F)F)(F)F)(F)F,,7.51,35,biotransformation,,,,,,,,,4,anaerobic,90
6:2 FTOH,,C(C(C(C(C(C(C(F)(F)F)(F)F)(F)F)(F)F)(F)F)F)C(=O)O,,C(=C(\C(C(C(C(C(F)(F)F)(F)F)(F)F)(F)F)(F)F)/F)/C(=O)O,,7.51,35,biotransformation,,,,,,,,,4,anaerobic,90
6:2 FTOH,,C(=C(\C(C(C(C(C(F)(F)F)(F)F)(F)F)(F)F)(F)F)/F)/C(=O)O,,C(=C\C(C(C(C(C(F)(F)F)(F)F)(F)F)(F)F)(F)F)/C(=O)O,,7.51,35,biotransformation,,,,,,,,,4,anaerobic,90
6:2 FTOH,,C(=C\C(C(C(C(C(F)(F)F)(F)F)(F)F)(F)F)(F)F)/C(=O)O,,C(CC(C(C(C(C(F)(F)F)(F)F)(F)F)(F)F)(F)F)C(=O)O,,7.51,35,biotransformation,,,,,,,,,4,anaerobic,90
6:2 FTOH,,C(=C\C(C(C(C(C(F)(F)F)(F)F)(F)F)(F)F)(F)F)/C(=O)O,,C(CC(C(C(C(C(F)(F)F)(F)F)(F)F)(F)F)(F)F)C(=O)O,,7.51,35,biotransformation,,,,,,,,,4,anaerobic,90
6:2 FTOH,,C(=C(\C(C(C(C(C(F)(F)F)(F)F)(F)F)(F)F)(F)F)/F)/C(=O)O,,C(=C\C(C(C(C(C(F)(F)F)(F)F)(F)F)(F)F)(F)F)/C(=O)O,0.0077,7.2,22,biotransformation,,,,,,,,,,aerobic,
6:2 FTOH,,C(=C(\C(C(C(C(C(F)(F)F)(F)F)(F)F)(F)F)(F)F)/F)/C(=O)O,,CC(=O)C(C(C(C(C(F)(F)F)(F)F)(F)F)(F)F)(F)F,0.0077,7.2,22,biotransformation,,,,,,,,,,aerobic,
6:2 FTOH,,C(=C\C(C(C(C(C(F)(F)F)(F)F)(F)F)(F)F)(F)F)/C(=O)O,,C(C(C(C(C(C(C(F)(F)F)(F)F)(F)F)(F)F)(F)F)O)C(=O)O,0.0077,7.2,22,biotransformation,,,,,,,,,,aerobic,
6:2 FTOH,,C(C(=O)O)C(C(C(C(C(C(F)(F)F)(F)F)(F)F)(F)F)(F)F)(F)F,,C(=C(\C(C(C(C(C(F)(F)F)(F)F)(F)F)(F)F)(F)F)/F)/C(=O)O,0.0077,7.2,22,biotransformation,,,,,,,,,,aerobic,
6:2 FTOH,,CC(=O)C(C(C(C(C(F)(F)F)(F)F)(F)F)(F)F)(F)F,,CC(C(C(C(C(C(F)(F)F)(F)F)(F)F)(F)F)(F)F)O,0.0077,7.2,22,biotransformation,,,,,,,,,,aerobic,
6:2 FTOH,,C(CC(C(C(C(C(F)(F)F)(F)F)(F)F)(F)F)(F)F)C(=O)O,,C(CC(C(C(C(F)(F)F)(F)F)(F)F)(F)F)C(=O)O,0.0077,7.2,22,biotransformation,,,,,,,,,,aerobic,
6:2 FTOH,,C(CO)C(C(C(C(C(C(F)(F)F)(F)F)(F)F)(F)F)(F)F)(F)F,,C(C=O)C(C(C(C(C(C(F)(F)F)(F)F)(F)F)(F)F)(F)F)(F)F,0.0077,7.2,22,biotransformation,,,,,,,,,,aerobic,
6:2 FTOH,,C(=C\C(C(C(C(C(F)(F)F)(F)F)(F)F)(F)F)(F)F)/C(=O)O,,C(=C\C(C(C(C(C(F)(F)F)(F)F)(F)F)(F)F)(F)F)/C(=O)N,0.0077,7.2,22,biotransformation,,,,,,,,,,aerobic,
6:2 FTOH,,C(=C\C(C(C(C(C(F)(F)F)(F)F)(F)F)(F)F)(F)F)/C(=O)O,,C(=O)(C(C(C(F)(F)F)(F)F)(F)F)O,0.0077,7.2,22,biotransformation,,,,,,,,,,aerobic,
6:2 FTOH,,C(=C(\C(C(C(C(C(F)(F)F)(F)F)(F)F)(F)F)(F)F)/F)/C(=O)O,,C(C=O)C(=O)C(C(C(C(C(F)(F)F)(F)F)(F)F)(F)F)(F)F,0.0077,7.2,22,biotransformation,,,,,,,,,,aerobic,
6:2 FTOH,,CC(C(C(C(C(C(F)(F)F)(F)F)(F)F)(F)F)(F)F)O,,C(=O)(C(C(C(C(C(F)(F)F)(F)F)(F)F)(F)F)(F)F)O,0.0077,7.2,22,biotransformation,,,,,,,,,,aerobic,
6:2 FTOH,,CC(C(C(C(C(C(F)(F)F)(F)F)(F)F)(F)F)(F)F)O,,C(=O)(C(C(C(C(F)(F)F)(F)F)(F)F)(F)F)O,0.0077,7.2,22,biotransformation,,,,,,,,,,aerobic,
6:2 FTOH,,C(C=O)C(C(C(C(C(C(F)(F)F)(F)F)(F)F)(F)F)(F)F)(F)F,,C(C(=O)O)C(C(C(C(C(C(F)(F)F)(F)F)(F)F)(F)F)(F)F)(F)F,0.0077,7.2,22,biotransformation,,,,,,,,,,aerobic,
6:2 FTOH,,C(CO)C(C(C(C(C(C(F)(F)F)(F)F)(F)F)(F)F)(F)F)(F)F,,C(C=O)C(C(C(C(C(C(F)(F)F)(F)F)(F)F)(F)F)(F)F)(F)F,0.0077,7.2,22,biotransformation,,,,,,,,,,aerobic,
6:2 FTOH,,C(=C(C(C(C(C(C(F)(F)F)(F)F)(F)F)(F)F)(F)F)F)C(=O)O,,CC(=O)C(C(C(C(C(F)(F)F)(F)F)(F)F)(F)F)(F)F,,8.6,45,biotransformation,,,,,,,,,,aerobic,52
6:2 FTOH,,C(=C(C(C(C(C(C(F)(F)F)(F)F)(F)F)(F)F)(F)F)F)C(=O)O,,C(=C\C(C(C(C(C(F)(F)F)(F)F)(F)F)(F)F)(F)F)/C(=O)O,,8.6,45,biotransformation,,,,,,,,,,aerobic,52
6:2 FTOH,,CC(C(C(C(C(C(F)(F)F)(F)F)(F)F)(F)F)(F)F)O,,C(=O)(C(C(C(C(F)(F)F)(F)F)(F)F)(F)F)O,,8.6,45,biotransformation,,,,,,,,,,aerobic,52
6:2 FTOH,,C(=C\C(C(C(C(C(F)(F)F)(F)F)(F)F)(F)F)(F)F)/C(=O)O,,C(CC(C(C(C(C(F)(F)F)(F)F)(F)F)(F)F)(F)F)C(=O)O,,8.6,45,biotransformation,,,,,,,,,,aerobic,52
6:2 FTOH,,CC(=O)C(C(C(C(C(F)(F)F)(F)F)(F)F)(F)F)(F)F,,CC(C(C(C(C(C(F)(F)F)(F)F)(F)F)(F)F)(F)F)O,,8.6,45,biotransformation,,,,,,,,,,aerobic,52
6:2 FTOH,,C(=C\C(C(C(C(C(F)(F)F)(F)F)(F)F)(F)F)(F)F)/C(=O)O,,C(=O)(C(C(C(F)(F)F)(F)F)(F)F)O,,8.6,45,biotransformation,,,,,,,,,,aerobic,52
6:2 FTOH,,C(C=O)C(C(C(C(C(C(F)(F)F)(F)F)(F)F)(F)F)(F)F)(F)F,,C(C(=O)O)C(C(C(C(C(C(F)(F)F)(F)F)(F)F)(F)F)(F)F)(F)F,,8.6,45,biotransformation,,,,,,,,,,aerobic,52
6:2 FTOH,,C(C(=O)O)C(C(C(C(C(C(F)(F)F)(F)F)(F)F)(F)F)(F)F)(F)F,,C(=C(C(C(C(C(C(F)(F)F)(F)F)(F)F)(F)F)(F)F)F)C(=O)O,,8.6,45,biotransformation,,,,,,,,,,aerobic,52
6:2 FTOH,,C(CC(C(C(C(C(F)(F)F)(F)F)(F)F)(F)F)(F)F)C(=O)O,,C(CC(C(C(C(F)(F)F)(F)F)(F)F)(F)F)C(=O)O,,8.6,45,biotransformation,,,,,,,,,,aerobic,52
6:2 FTOH,,CC(C(C(C(C(C(F)(F)F)(F)F)(F)F)(F)F)(F)F)O,,C(=O)(C(C(C(C(C(F)(F)F)(F)F)(F)F)(F)F)(F)F)O,,8.6,45,biotransformation,,,,,,,,,,aerobic,52
6:2 FTOH,,C(CO)C(C(C(C(C(C(F)(F)F)(F)F)(F)F)(F)F)(F)F)(F)F,,C(CC(C(C(C(C(F)(F)F)(F)F)(F)F)(F)F)(F)F)C(=O)O,5.05,7,20,biotransformation,,,,,,,,,,anaerobic,100
6:2 FTOH,,C(CO)C(C(C(C(C(C(F)(F)F)(F)F)(F)F)(F)F)(F)F)(F)F,,C(=O)(C(C(C(C(C(F)(F)F)(F)F)(F)F)(F)F)(F)F)O,5.05,7,20,biotransformation,,,,,,,,,,anaerobic,100
6:2 FTOH,,CC(C(C(C(C(C(F)(F)F)(F)F)(F)F)(F)F)(F)F)O,,C(=O)(C(C(C(C(C(F)(F)F)(F)F)(F)F)(F)F)(F)F)O,100,,30,biotransformation,,,,,,,,,,,6
6:2 FTOH,,C(=C(\C(C(C(C(C(F)(F)F)(F)F)(F)F)(F)F)(F)F)/F)/C(=O)O,,CC(C(C(C(C(C(F)(F)F)(F)F)(F)F)(F)F)(F)F)O,100,,30,biotransformation,,,,,,,,,,,6
6:2 FTOH,,C(=C(\C(C(C(C(C(F)(F)F)(F)F)(F)F)(F)F)(F)F)/F)/C=O,,CC(=O)NC(CS/C(=C\CO)/C(C(C(C(C(F)(F)F)(F)F)(F)F)(F)F)(F)F)C(=O)O,100,,30,biotransformation,,,,,,,,,,,6
6:2 FTOH,,CC(C(C(C(C(C(F)(F)F)(F)F)(F)F)(F)F)(F)F)O,,C(=O)(C(C(C(C(F)(F)F)(F)F)(F)F)(F)F)O,100,,30,biotransformation,,,,,,,,,,,6
6:2 FTOH,,C(CC(C(C(C(C(F)(F)F)(F)F)(F)F)(F)F)(F)F)C(=O)SCC(C(=O)O)O,,C(CC(C(C(C(C(F)(F)F)(F)F)(F)F)(F)F)(F)F)C(=O)SC(=O)CO,100,,30,biotransformation,,,,,,,,,,,6
6:2 FTOH,,C(C(=O)O)C(C(C(C(C(C(F)(F)F)(F)F)(F)F)(F)F)(F)F)(F)F,,C(=C(\C(C(C(C(C(F)(F)F)(F)F)(F)F)(F)F)(F)F)/F)/C(=O)O,100,,30,biotransformation,,,,,,,,,,,6
6:2 FTOH,,C(=C(\C(C(C(C(C(F)(F)F)(F)F)(F)F)(F)F)(F)F)/F)/C(=O)O,,C(CC(C(C(C(C(F)(F)F)(F)F)(F)F)(F)F)(F)F)C(=O)O,100,,30,biotransformation,,,,,,,,,,,6
6:2 FTOH,,C(CO)C(C(C(C(C(C(F)(F)F)(F)F)(F)F)(F)F)(F)F)(F)F,,C(C=O)C(C(C(C(C(C(F)(F)F)(F)F)(F)F)(F)F)(F)F)(F)F,100,,30,biotransformation,,,,,,,,,,,6
6:2 FTOH,,C(CC(C(C(C(C(F)(F)F)(F)F)(F)F)(F)F)(F)F)C(=O)O,,C(=O)(C(C(C(F)(F)F)(F)F)(F)F)O,100,,30,biotransformation,,,,,,,,,,,6
6:2 FTOH,,C(C=O)C(C(C(C(C(C(F)(F)F)(F)F)(F)F)(F)F)(F)F)(F)F,,C(C(=O)O)C(C(C(C(C(C(F)(F)F)(F)F)(F)F)(F)F)(F)F)(F)F,100,,30,biotransformation,,,,,,,,,,,6
6:2 FTOH,,C(CC(C(C(C(C(F)(F)F)(F)F)(F)F)(F)F)(F)F)C(=O)O,,C(CC(C(C(C(C(F)(F)F)(F)F)(F)F)(F)F)(F)F)C(=O)SC(=O)C(C(=O)O)O,100,,30,biotransformation,,,,,,,,,,,6
6:2 FTOH,,C(C=O)C(C(C(C(C(C(F)(F)F)(F)F)(F)F)(F)F)(F)F)(F)F,,C(=C(\C(C(C(C(C(F)(F)F)(F)F)(F)F)(F)F)(F)F)/F)/C=O,100,,30,biotransformation,,,,,,,,,,,6
6:2 FTOH,,C(C(C(=O)O)O)C(C(C(C(C(F)(F)F)(F)F)(F)F)(F)F)(F)F,,C(CC(C(C(C(F)(F)F)(F)F)(F)F)(F)F)C(=O)O,0.46,,30,biotransformation,,,,,,,,,,aerobic,144
6:2 FTOH,,C(=C(\C(C(C(C(C(F)(F)F)(F)F)(F)F)(F)F)(F)F)/F)/C(=O)O,,C(CC(C(C(C(C(F)(F)F)(F)F)(F)F)(F)F)(F)F)C(=O)O,0.46,,30,biotransformation,,,,,,,,,,aerobic,144
6:2 FTOH,,C(C=O)C(C(C(C(C(C(F)(F)F)(F)F)(F)F)(F)F)(F)F)(F)F,,C(C(=O)O)C(C(C(C(C(C(F)(F)F)(F)F)(F)F)(F)F)(F)F)(F)F,0.46,,30,biotransformation,,,,,,,,,,aerobic,144
6:2 FTOH,,C(C(=O)O)C(C(C(C(C(C(F)(F)F)(F)F)(F)F)(F)F)(F)F)(F)F,,C(=C(\C(C(C(C(C(F)(F)F)(F)F)(F)F)(F)F)(F)F)/F)/C(=O)O,0.46,,30,biotransformation,,,,,,,,,,aerobic,144
6:2 FTOH,,C(CC(C(C(C(C(F)(F)F)(F)F)(F)F)(F)F)(F)F)C(=O)O,,C(C(C(=O)O)O)C(C(C(C(C(F)(F)F)(F)F)(F)F)(F)F)(F)F,0.46,,30,biotransformation,,,,,,,,,,aerobic,144
6:2 FTOH,,C(C(=O)O)C(C(C(C(C(C(F)(F)F)(F)F)(F)F)(F)F)(F)F)(F)F,,C(=O)(C(C(C(C(C(C(F)(F)F)(F)F)(F)F)(F)F)(F)F)(F)F)O,0.46,,30,biotransformation,,,,,,,,,,aerobic,144
6:2 FTOH,,C(CO)C(C(C(C(C(C(F)(F)F)(F)F)(F)F)(F)F)(F)F)(F)F,,C(C=O)C(C(C(C(C(C(F)(F)F)(F)F)(F)F)(F)F)(F)F)(F)F,0.46,,30,biotransformation,,,,,,,,,,aerobic,144
6:2 FTOH,,C(=CC(C(C(C(C(F)(F)F)(F)F)(F)F)(F)F)(F)F)C(=O)O,,C(CC(C(C(C(C(F)(F)F)(F)F)(F)F)(F)F)(F)F)C(=O)O,13.7,6.1,23.5,biotransformation,,,,,,,,,,aerobic,28
6:2 FTOH,,C(C=O)C(C(C(C(C(C(F)(F)F)(F)F)(F)F)(F)F)(F)F)(F)F,,C(C(=O)O)C(C(C(C(C(C(F)(F)F)(F)F)(F)F)(F)F)(F)F)(F)F,13.7,6.1,23.5,biotransformation,,,,,,,,,,aerobic,28
6:2 FTOH,,CC(C(C(C(C(C(F)(F)F)(F)F)(F)F)(F)F)(F)F)O,,C(=O)(C(C(C(C(F)(F)F)(F)F)(F)F)(F)F)O,13.7,6.1,23.5,biotransformation,,,,,,,,,,aerobic,28
6:2 FTOH,,C(=C(C(C(C(C(C(F)(F)F)(F)F)(F)F)(F)F)(F)F)F)C(=O)O,,C(=CC(C(C(C(C(F)(F)F)(F)F)(F)F)(F)F)(F)F)C(=O)O,13.7,6.1,23.5,biotransformation,,,,,,,,,,aerobic,28
6:2 FTOH,,C(CO)C(C(C(C(C(C(F)(F)F)(F)F)(F)F)(F)F)(F)F)(F)F,,C(C=O)C(C(C(C(C(C(F)(F)F)(F)F)(F)F)(F)F)(F)F)(F)F,13.7,6.1,23.5,biotransformation,,,,,,,,,,aerobic,28
6:2 FTOH,,CC(=O)C(C(C(C(C(F)(F)F)(F)F)(F)F)(F)F)(F)F,,CC(C(C(C(C(C(F)(F)F)(F)F)(F)F)(F)F)(F)F)O,13.7,6.1,23.5,biotransformation,,,,,,,,,,aerobic,28
6:2 FTOH,,CC(C(C(C(C(C(F)(F)F)(F)F)(F)F)(F)F)(F)F)O,,C(=O)(C(C(C(C(C(F)(F)F)(F)F)(F)F)(F)F)(F)F)O,13.7,6.1,23.5,biotransformation,,,,,,,,,,aerobic,28
6:2 FTOH,,C(=C(C(C(C(C(C(F)(F)F)(F)F)(F)F)(F)F)(F)F)F)C(=O)O,,CC(=O)C(C(C(C(C(F)(F)F)(F)F)(F)F)(F)F)(F)F,13.7,6.1,23.5,biotransformation,,,,,,,,,,aerobic,28
6:2 FTOH,,C(C(=O)O)C(C(C(C(C(C(F)(F)F)(F)F)(F)F)(F)F)(F)F)(F)F,,C(=C(C(C(C(C(C(F)(F)F)(F)F)(F)F)(F)F)(F)F)F)C(=O)O,13.7,6.1,23.5,biotransformation,,,,,,,,,,aerobic,28
6:2 FTOH,,C(=CC(C(C(C(C(F)(F)F)(F)F)(F)F)(F)F)(F)F)C(=O)O,,C(=O)(C(C(C(F)(F)F)(F)F)(F)F)O,13.7,6.1,23.5,biotransformation,,,,,,,,,,aerobic,28
6:2 FTOH,,CC(C(C(C(C(C(F)(F)F)(F)F)(F)F)(F)F)(F)F)O,,C(=O)(C(C(C(C(C(F)(F)F)(F)F)(F)F)(F)F)(F)F)O,3.37,6.9,,biotransformation,,,86,,,,,,,aerobic,100
6:2 FTOH,,C(=C\C(C(C(C(C(F)(F)F)(F)F)(F)F)(F)F)(F)F)/C(=O)O,,C(C(C(=O)O)O)C(C(C(C(C(F)(F)F)(F)F)(F)F)(F)F)(F)F,3.37,6.9,,biotransformation,,,86,,,,,,,aerobic,100
6:2 FTOH,,C(=C\C(C(C(C(C(F)(F)F)(F)F)(F)F)(F)F)(F)F)/C(=O)O,,C(=O)(C(C(C(F)(F)F)(F)F)(F)F)O,3.37,6.9,,biotransformation,,,86,,,,,,,aerobic,100
6:2 FTOH,,C(=C(\C(C(C(C(C(F)(F)F)(F)F)(F)F)(F)F)(F)F)/F)/C(=O)O,,CC(=O)C(C(C(C(C(F)(F)F)(F)F)(F)F)(F)F)(F)F,3.37,6.9,,biotransformation,,,86,,,,,,,aerobic,100
6:2 FTOH,,CC(C(C(C(C(C(F)(F)F)(F)F)(F)F)(F)F)(F)F)O,,C(=O)(C(C(C(C(F)(F)F)(F)F)(F)F)(F)F)O,3.37,6.9,,biotransformation,,,86,,,,,,,aerobic,100
6:2 FTOH,,C(C(=O)O)C(C(C(C(C(C(F)(F)F)(F)F)(F)F)(F)F)(F)F)(F)F,,C(=C(\C(C(C(C(C(F)(F)F)(F)F)(F)F)(F)F)(F)F)/F)/C(=O)O,3.37,6.9,,biotransformation,,,86,,,,,,,aerobic,100
6:2 FTOH,,C(C=O)C(C(C(C(C(C(F)(F)F)(F)F)(F)F)(F)F)(F)F)(F)F,,C(C(=O)O)C(C(C(C(C(C(F)(F)F)(F)F)(F)F)(F)F)(F)F)(F)F,3.37,6.9,,biotransformation,,,86,,,,,,,aerobic,100
6:2 FTOH,,C(CC(C(C(C(C(F)(F)F)(F)F)(F)F)(F)F)(F)F)C(=O)O,,C(=C\C(C(C(C(C(F)(F)F)(F)F)(F)F)(F)F)(F)F)/C(=O)O,3.37,6.9,,biotransformation,,,86,,,,,,,aerobic,100
6:2 FTOH,,C(=C\C(C(C(C(C(F)(F)F)(F)F)(F)F)(F)F)(F)F)/C(=O)O,,C(CC(C(C(C(C(F)(F)F)(F)F)(F)F)(F)F)(F)F)C(=O)O,3.37,6.9,,biotransformation,,,86,,,,,,,aerobic,100
6:2 FTOH,,C(CO)C(C(C(C(C(C(F)(F)F)(F)F)(F)F)(F)F)(F)F)(F)F,,C(C=O)C(C(C(C(C(C(F)(F)F)(F)F)(F)F)(F)F)(F)F)(F)F,3.37,6.9,,biotransformation,,,86,,,,,,,aerobic,100
6:2 FTOH,,CC(=O)C(C(C(C(C(F)(F)F)(F)F)(F)F)(F)F)(F)F,,CC(C(C(C(C(C(F)(F)F)(F)F)(F)F)(F)F)(F)F)O,3.37,6.9,,biotransformation,,,86,,,,,,,aerobic,100
6:2 FTOH,,C(C(C(=O)O)O)C(C(C(C(C(F)(F)F)(F)F)(F)F)(F)F)(F)F,,C(CC(C(C(C(F)(F)F)(F)F)(F)F)(F)F)C(=O)O,3.37,6.9,,biotransformation,,,86,,,,,,,aerobic,100
6:2 FTOH,,C(=C(\C(C(C(C(C(F)(F)F)(F)F)(F)F)(F)F)(F)F)/F)/C(=O)O,,C(=C\C(C(C(C(C(F)(F)F)(F)F)(F)F)(F)F)(F)F)/C(=O)O,3.37,6.9,,biotransformation,,,86,,,,,,,aerobic,100
6:2 FTS,,C(CS(=O)(=O)[O-])C(C(C(C(C(C(F)(F)F)(F)F)(F)F)(F)F)(F)F)(F)F,,C(CC(C(C(C(C(F)(F)F)(F)F)(F)F)(F)F)(F)F)C(=O)O,148,7,30,biotransformation,,,,,,,,,,aerobic,140
6:2 FTS,,C(CS(=O)(=O)[O-])C(C(C(C(C(C(F)(F)F)(F)F)(F)F)(F)F)(F)F)(F)F,,C(=O)(C(C(C(C(C(F)(F)F)(F)F)(F)F)(F)F)(F)F)O,148,7,30,biotransformation,,,,,,,,,,aerobic,140
6:2 FTS,,C(CS(=O)(=O)[O-])C(C(C(C(C(C(F)(F)F)(F)F)(F)F)(F)F)(F)F)(F)F,,C(=O)(C(C(C(C(F)(F)F)(F)F)(F)F)(F)F)O,148,7,30,biotransformation,,,,,,,,,,aerobic,140
6:2 FTS,,C(CO)C(C(C(C(C(C(F)(F)F)(F)F)(F)F)(F)F)(F)F)(F)F,,C(C=O)C(C(C(C(C(C(F)(F)F)(F)F)(F)F)(F)F)(F)F)(F)F,3,7.9,20,biotransformation,,,,,,,,,,aerobic,90
6:2 FTS,,C(C=O)C(C(C(C(C(C(F)(F)F)(F)F)(F)F)(F)F)(F)F)(F)F,,C(C(=O)O)C(C(C(C(C(C(F)(F)F)(F)F)(F)F)(F)F)(F)F)(F)F,3,7.9,20,biotransformation,,,,,,,,,,aerobic,90
6:2 FTS,,CC(C(C(C(C(C(F)(F)F)(F)F)(F)F)(F)F)(F)F)O,,C(=O)(C(C(C(C(C(F)(F)F)(F)F)(F)F)(F)F)(F)F)O,3,7.9,20,biotransformation,,,,,,,,,,aerobic,90
6:2 FTS,,C(=C(C(C(C(C(C(F)(F)F)(F)F)(F)F)(F)F)(F)F)F)C(=O)O,,C(=C\C(C(C(C(C(F)(F)F)(F)F)(F)F)(F)F)(F)F)/C(=O)O,3,7.9,20,biotransformation,,,,,,,,,,aerobic,90
6:2 FTS,,C(=C(C(C(C(C(C(F)(F)F)(F)F)(F)F)(F)F)(F)F)F)C(=O)O,,CC(=O)C(C(C(C(C(F)(F)F)(F)F)(F)F)(F)F)(F)F,3,7.9,20,biotransformation,,,,,,,,,,aerobic,90
6:2 FTS,,C(CS(=O)(=O)O)C(C(C(C(C(C(F)(F)F)(F)F)(F)F)(F)F)(F)F)(F)F,,C(CO)C(C(C(C(C(C(F)(F)F)(F)F)(F)F)(F)F)(F)F)(F)F,3,7.9,20,biotransformation,,,,,,,,,,aerobic,90
6:2 FTS,,CC(=O)C(C(C(C(C(F)(F)F)(F)F)(F)F)(F)F)(F)F,,CC(C(C(C(C(C(F)(F)F)(F)F)(F)F)(F)F)(F)F)O,3,7.9,20,biotransformation,,,,,,,,,,aerobic,90
6:2 FTS,,C(C(=O)O)C(C(C(C(C(C(F)(F)F)(F)F)(F)F)(F)F)(F)F)(F)F,,C(=C(C(C(C(C(C(F)(F)F)(F)F)(F)F)(F)F)(F)F)F)C(=O)O,3,7.9,20,biotransformation,,,,,,,,,,aerobic,90
6:2 FTS,,C(CC(C(C(C(C(F)(F)F)(F)F)(F)F)(F)F)(F)F)C(=O)O,,C(=C\C(C(C(C(C(F)(F)F)(F)F)(F)F)(F)F)(F)F)/C(=O)O,3,7.9,20,biotransformation,,,,,,,,,,aerobic,90
6:2 FTS,,C(=C\C(C(C(C(C(F)(F)F)(F)F)(F)F)(F)F)(F)F)/C(=O)O,,C(C(C(C(C(C(C(F)(F)F)(F)F)(F)F)(F)F)(F)F)O)C(=O)O,3,7.9,20,biotransformation,,,,,,,,,,aerobic,90
6:2 FTS,,C(C(C(C(C(C(C(F)(F)F)(F)F)(F)F)(F)F)(F)F)O)C(=O)O,,C(=O)(C(C(C(C(F)(F)F)(F)F)(F)F)(F)F)O,3,7.9,20,biotransformation,,,,,,,,,,aerobic,90
6:2 FTS,,C(=C\C(C(C(C(C(F)(F)F)(F)F)(F)F)(F)F)(F)F)/C(=O)O,,C(CC(C(C(C(C(F)(F)F)(F)F)(F)F)(F)F)(F)F)C(=O)O,3,7.9,20,biotransformation,,,,,,,,,,aerobic,90
6:2 FTS,,CC(C(C(C(C(C(F)(F)F)(F)F)(F)F)(F)F)(F)F)O,,C(=O)(C(C(C(F)(F)F)(F)F)(F)F)O,3,7.9,20,biotransformation,,,,,,,,,,aerobic,90
6:2 FTS,,CC(C(C(C(C(C(F)(F)F)(F)F)(F)F)(F)F)(F)F)O,,C(=O)(C(C(C(C(F)(F)F)(F)F)(F)F)(F)F)O,3,7.9,20,biotransformation,,,,,,,,,,aerobic,90
6:2 FTS,,C(C(C(C(C(C(C(F)(F)F)(F)F)(F)F)(F)F)(F)F)O)C(=O)O,,C(=O)(C(C(C(F)(F)F)(F)F)(F)F)O,3,7.9,20,biotransformation,,,,,,,,,,aerobic,90
6:2 FTS,,CC(=O)C(C(C(C(C(F)(F)F)(F)F)(F)F)(F)F)(F)F,,CC(C(C(C(C(C(F)(F)F)(F)F)(F)F)(F)F)(F)F)O,3.78,,25,biotransformation,,,,,,,,,,,224
6:2 FTS,,C(CS(=O)(=O)O)C(C(C(C(C(C(F)(F)F)(F)F)(F)F)(F)F)(F)F)(F)F,,C(CO)C(C(C(C(C(C(F)(F)F)(F)F)(F)F)(F)F)(F)F)(F)F,3.78,,25,biotransformation,,,,,,,,,,,224
6:2 FTS,,C(C=O)C(C(C(C(C(C(F)(F)F)(F)F)(F)F)(F)F)(F)F)(F)F,,C(C(=O)O)C(C(C(C(C(C(F)(F)F)(F)F)(F)F)(F)F)(F)F)(F)F,3.78,,25,biotransformation,,,,,,,,,,,224
6:2 FTS,,C(CO)C(C(C(C(C(C(F)(F)F)(F)F)(F)F)(F)F)(F)F)(F)F,,C(C=O)C(C(C(C(C(C(F)(F)F)(F)F)(F)F)(F)F)(F)F)(F)F,3.78,,25,biotransformation,,,,,,,,,,,224
6:2 FTS,,CC(C(C(C(C(C(F)(F)F)(F)F)(F)F)(F)F)(F)F)O,,C(=O)(C(C(C(C(F)(F)F)(F)F)(F)F)(F)F)O,3.78,,25,biotransformation,,,,,,,,,,,224
6:2 FTS,,CC(=O)C(C(C(C(F)(F)F)(F)F)(F)F)(F)F,,C(=O)(C(C(C(C(F)(F)F)(F)F)(F)F)(F)F)O,3.78,,25,biotransformation,,,,,,,,,,,224
6:2 FTS,,C(=C(\C(C(C(C(C(F)(F)F)(F)F)(F)F)(F)F)(F)F)/F)/C(=O)O,,CC(=O)C(C(C(C(C(F)(F)F)(F)F)(F)F)(F)F)(F)F,3.78,,25,biotransformation,,,,,,,,,,,224
6:2 FTS,,C(CC(C(C(C(C(F)(F)F)(F)F)(F)F)(F)F)(F)F)C(=O)O,,C(=C\C(C(C(C(C(F)(F)F)(F)F)(F)F)(F)F)(F)F)/C(=O)O,3.78,,25,biotransformation,,,,,,,,,,,224
6:2 FTS,,CC(C(C(C(C(C(F)(F)F)(F)F)(F)F)(F)F)(F)F)O,,C(=O)(C(C(C(C(C(F)(F)F)(F)F)(F)F)(F)F)(F)F)O,3.78,,25,biotransformation,,,,,,,,,,,224
6:2 FTS,,C(=C(\C(C(C(C(C(F)(F)F)(F)F)(F)F)(F)F)(F)F)/F)/C(=O)O,,C(=C\C(C(C(C(C(F)(F)F)(F)F)(F)F)(F)F)(F)F)/C(=O)O,3.78,,25,biotransformation,,,,,,,,,,,224
6:2 FTS,,C(=C\C(C(C(C(C(F)(F)F)(F)F)(F)F)(F)F)(F)F)/C(=O)O,,C(CC(C(C(C(C(F)(F)F)(F)F)(F)F)(F)F)(F)F)C(=O)O,3.78,,25,biotransformation,,,,,,,,,,,224
6:2 FTS,,CC(=O)C(C(C(C(F)(F)F)(F)F)(F)F)(F)F,,C(=O)(C(C(C(F)(F)F)(F)F)(F)F)O,3.78,,25,biotransformation,,,,,,,,,,,224
6:2 FTS,,C(=C(\C(C(C(C(F)(F)F)(F)F)(F)F)(F)F)/F)/C(=O)O,,CC(=O)C(C(C(C(F)(F)F)(F)F)(F)F)(F)F,3.78,,25,biotransformation,,,,,,,,,,,224
6:2 FTS,,C(C(=O)O)C(C(C(C(C(C(F)(F)F)(F)F)(F)F)(F)F)(F)F)(F)F,,C(=C(\C(C(C(C(C(F)(F)F)(F)F)(F)F)(F)F)(F)F)/F)/C(=O)O,3.78,,25,biotransformation,,,,,,,,,,,224
6:2 FTS,,C(C(=O)O)C(C(C(C(C(C(F)(F)F)(F)F)(F)F)(F)F)(F)F)(F)F,,C(=O)(C(C(C(C(C(C(F)(F)F)(F)F)(F)F)(F)F)(F)F)(F)F)O,3.78,,25,biotransformation,,,,,,,,,,,224
6:2 FTS,,C(CC(C(C(C(C(F)(F)F)(F)F)(F)F)(F)F)(F)F)C(=O)O,,C(=C(\C(C(C(C(F)(F)F)(F)F)(F)F)(F)F)/F)/C(=O)O,3.78,,25,biotransformation,,,,,,,,,,,224
6:2 FTS,,C(CS(=O)(=O)[O-])C(C(C(C(C(C(F)(F)F)(F)F)(F)F)(F)F)(F)F)(F)F,,C(CC(C(C(C(C(F)(F)F)(F)F)(F)F)(F)F)(F)F)C(=O)O,148,7,30,biotransformation,,,,,,,,,,anaerobic,116
6:2 FTS,,CC(C(C(C(C(C(F)(F)F)(F)F)(F)F)(F)F)(F)F)O,,C(=O)(C(C(C(C(F)(F)F)(F)F)(F)F)(F)F)[O-],0.003,,22,biotransformation,,,,,,,70,,,aerobic,120
6:2 FTS,,C(CC(C(C(C(C(F)(F)F)(F)F)(F)F)(F)F)(F)F)C(=O)[O-],,C(=C\C(C(C(C(C(F)(F)F)(F)F)(F)F)(F)F)(F)F)/C(=O)[O-],0.003,,22,biotransformation,,,,,,,70,,,aerobic,120
6:2 FTS,,C(=C(\C(C(C(C(C(F)(F)F)(F)F)(F)F)(F)F)(F)F)/F)/C(=O)O,,C(=C\C(C(C(C(C(F)(F)F)(F)F)(F)F)(F)F)(F)F)/C(=O)[O-],0.003,,22,biotransformation,,,,,,,70,,,aerobic,120
6:2 FTS,,CC(C(C(C(C(C(F)(F)F)(F)F)(F)F)(F)F)(F)F)O,,C(=O)(C(C(C(C(C(F)(F)F)(F)F)(F)F)(F)F)(F)F)[O-],0.003,,22,biotransformation,,,,,,,70,,,aerobic,120
6:2 FTS,,C(=C(\C(C(C(C(C(F)(F)F)(F)F)(F)F)(F)F)(F)F)/F)/C(=O)O,,CC(=O)C(C(C(C(C(F)(F)F)(F)F)(F)F)(F)F)(F)F,0.003,,22,biotransformation,,,,,,,70,,,aerobic,120
6:2 FTS,,C(CO)C(C(C(C(C(C(F)(F)F)(F)F)(F)F)(F)F)(F)F)(F)F,,C(C(=O)[O-])C(C(C(C(C(C(F)(F)F)(F)F)(F)F)(F)F)(F)F)(F)F,0.003,,22,biotransformation,,,,,,,70,,,aerobic,120
6:2 FTS,,C(CO)C(C(C(C(C(C(F)(F)F)(F)F)(F)F)(F)F)(F)F)(F)F,,C(=C(\C(C(C(C(C(F)(F)F)(F)F)(F)F)(F)F)(F)F)/F)/C(=O)O,0.003,,22,biotransformation,,,,,,,70,,,aerobic,120
6:2 FTS,,C(C(=O)[O-])C(C(C(C(C(C(F)(F)F)(F)F)(F)F)(F)F)(F)F)(F)F,,C(=C(\C(C(C(C(C(F)(F)F)(F)F)(F)F)(F)F)(F)F)/F)/C(=O)O,0.003,,22,biotransformation,,,,,,,70,,,aerobic,120
6:2 FTS,,C(=C\C(C(C(C(C(F)(F)F)(F)F)(F)F)(F)F)(F)F)/C(=O)[O-],,C(=O)(C(C(C(C(F)(F)F)(F)F)(F)F)(F)F)[O-],0.003,,22,biotransformation,,,,,,,70,,,aerobic,120
6:2 FTS,,C(=C\C(C(C(C(C(F)(F)F)(F)F)(F)F)(F)F)(F)F)/C(=O)[O-],,C(CC(C(C(C(C(F)(F)F)(F)F)(F)F)(F)F)(F)F)C(=O)[O-],0.003,,22,biotransformation,,,,,,,70,,,aerobic,120
6:2 FTS,,C(C(=O)[O-])C(C(C(C(C(C(F)(F)F)(F)F)(F)F)(F)F)(F)F)(F)F,,C(=O)(C(C(C(C(C(C(F)(F)F)(F)F)(F)F)(F)F)(F)F)(F)F)[O-],0.003,,22,biotransformation,,,,,,,70,,,aerobic,120
6:2 FTS,,CC(=O)C(C(C(C(C(F)(F)F)(F)F)(F)F)(F)F)(F)F,,CC(C(C(C(C(C(F)(F)F)(F)F)(F)F)(F)F)(F)F)O,0.003,,22,biotransformation,,,,,,,70,,,aerobic,120
6:2 FTS,,C(=C\C(C(C(C(C(F)(F)F)(F)F)(F)F)(F)F)(F)F)/C(=O)[O-],,C(=O)(C(C(C(F)(F)F)(F)F)(F)F)[O-],0.003,,22,biotransformation,,,,,,,70,,,aerobic,120
6:2 FTS,,C(CS(=O)(=O)[O-])C(C(C(C(C(C(F)(F)F)(F)F)(F)F)(F)F)(F)F)(F)F,,C(CO)C(C(C(C(C(C(F)(F)F)(F)F)(F)F)(F)F)(F)F)(F)F,0.003,,22,biotransformation,,,,,,,70,,,aerobic,120
6:2 FTS,,C(CS(=O)(=O)O)C(C(C(C(C(C(F)(F)F)(F)F)(F)F)(F)F)(F)F)(F)F,,C(C=O)C(C(C(C(C(C(F)(F)F)(F)F)(F)F)(F)F)(F)F)(F)F,150,8,30,biotransformation,,,,,,,,,,aerobic,
6:2 FTS,,C(=C(C(C(C(C(C(F)(F)F)(F)F)(F)F)(F)F)(F)F)F)C(=O)O,,C(CC(C(C(C(C(F)(F)F)(F)F)(F)F)(F)F)(F)F)C(=O)O,150,8,30,biotransformation,,,,,,,,,,aerobic,
6:2 FTS,,C(CC(C(C(C(F)(F)F)(F)F)(F)F)(F)F)C(=O)O,,C(C(=O)O)C(C(C(C(F)(F)F)(F)F)(F)F)(F)F,150,8,30,biotransformation,,,,,,,,,,aerobic,
6:2 FTS,,C(C(=O)O)C(C(C(C(C(C(F)(F)F)(F)F)(F)F)(F)F)(F)F)(F)F,,C(=C(C(C(C(C(C(F)(F)F)(F)F)(F)F)(F)F)(F)F)F)C(=O)O,150,8,30,biotransformation,,,,,,,,,,aerobic,
6:2 FTS,,C(CC(C(C(C(C(F)(F)F)(F)F)(F)F)(F)F)(F)F)C(=O)O,,C(CC(C(C(C(F)(F)F)(F)F)(F)F)(F)F)C(=O)O,150,8,30,biotransformation,,,,,,,,,,aerobic,
6:2 FTS,,CC(=O)C(C(C(C(C(F)(F)F)(F)F)(F)F)(F)F)(F)F,,CC(C(C(C(C(C(F)(F)F)(F)F)(F)F)(F)F)(F)F)O,150,8,30,biotransformation,,,,,,,,,,aerobic,
6:2 FTS,,CC(C(C(C(C(C(F)(F)F)(F)F)(F)F)(F)F)(F)F)O,,C(=O)(C(C(C(C(C(F)(F)F)(F)F)(F)F)(F)F)(F)F)O,150,8,30,biotransformation,,,,,,,,,,aerobic,
6:2 FTS,,CC(=O)C(C(C(C(F)(F)F)(F)F)(F)F)(F)F,,C(=O)(C(C(C(C(F)(F)F)(F)F)(F)F)(F)F)O,150,8,30,biotransformation,,,,,,,,,,aerobic,
6:2 FTS,,C(CC(C(C(C(C(F)(F)F)(F)F)(F)F)(F)F)(F)F)C(=O)O,,C(=O)(C(C(C(F)(F)F)(F)F)(F)F)O,150,8,30,biotransformation,,,,,,,,,,aerobic,
6:2 FTS,,CC(C(C(C(C(C(F)(F)F)(F)F)(F)F)(F)F)(F)F)O,,CC(=O)C(C(C(C(F)(F)F)(F)F)(F)F)(F)F,150,8,30,biotransformation,,,,,,,,,,aerobic,
6:2 FTS,,C(C=O)C(C(C(C(C(C(F)(F)F)(F)F)(F)F)(F)F)(F)F)(F)F,,C(C(=O)O)C(C(C(C(C(C(F)(F)F)(F)F)(F)F)(F)F)(F)F)(F)F,150,8,30,biotransformation,,,,,,,,,,aerobic,
6:2 FTS,,C(=C(C(C(C(C(C(F)(F)F)(F)F)(F)F)(F)F)(F)F)F)C(=O)O,,CC(=O)C(C(C(C(C(F)(F)F)(F)F)(F)F)(F)F)(F)F,150,8,30,biotransformation,,,,,,,,,,aerobic,
6:2 FTS,,C(C(=O)O)C(C(C(C(F)(F)F)(F)F)(F)F)(F)F,,C(=C(\C(=O)O)/F)/C(C(C(F)(F)F)(F)F)(F)F,150,8,30,biotransformation,,,,,,,,,,aerobic,
6:2 FTS,,C(C(C(=O)[O-])O)C(C(C(C(F)(F)F)(F)F)(F)F)(F)F,,C(C(=O)C(C(C(C(F)(F)F)(F)F)(F)F)(F)F)C(=O)[O-],1.11,7.7,20,biotransformation,,,,,,,,0.88,30,anaerobic,4
6:2 FTS,,C(C(C(=O)[O-])O)C(C(C(C(C(F)(F)F)(F)F)(F)F)(F)F)(F)F,,C(C(=O)C(C(C(C(C(F)(F)F)(F)F)(F)F)(F)F)(F)F)C(=O)[O-],1.11,7.7,20,biotransformation,,,,,,,,0.88,30,anaerobic,4
6:2 FTS,,C(=C\C(C(C(C(F)(F)F)(F)F)(F)F)(F)F)/C(=O)[O-],,C(CC(C(C(C(F)(F)F)(F)F)(F)F)(F)F)C(=O)[O-],1.11,7.7,20,biotransformation,,,,,,,,0.88,30,anaerobic,4
6:2 FTS,,C(C(C(=O)[O-])O)C(C(C(C(C(F)(F)F)(F)F)(F)F)(F)F)(F)F,,C(C=O)C(C(C(C(C(F)(F)F)(F)F)(F)F)(F)F)(F)F,1.11,7.7,20,biotransformation,,,,,,,,0.88,30,anaerobic,4
6:2 FTS,,C(=C(\C(C(C(F)(F)F)(F)F)(F)F)/F)/C(=O)[O-],,C(=C\C(C(C(F)(F)F)(F)F)(F)F)/C(=O)[O-],1.11,7.7,20,biotransformation,,,,,,,,0.88,30,anaerobic,4
6:2 FTS,,C(C(=O)[O-])C(C(C(C(C(C(F)(F)F)(F)F)(F)F)(F)F)(F)F)(F)F,,C(C(=O)[O-])(C(C(C(C(C(C(F)(F)F)(F)F)(F)F)(F)F)(F)F)(F)F)O,1.11,7.7,20,biotransformation,,,,,,,,0.88,30,anaerobic,4
6:2 FTS,,C(=C\S(=O)(=O)[O-])/C(C(C(C(C(C(F)(F)F)(F)F)(F)F)(F)F)(F)F)(F)F,,C(C(C(C(C(C(C(C(F)(F)F)(F)F)(F)F)(F)F)(F)F)(F)F)O)S(=O)(=O)[O-],1.11,7.7,20,biotransformation,,,,,,,,0.88,30,anaerobic,4
6:2 FTS,,C(=C\C(C(C(C(C(F)(F)F)(F)F)(F)F)(F)F)(F)F)/C(=O)[O-],,C(CC(C(C(C(C(F)(F)F)(F)F)(F)F)(F)F)(F)F)C(=O)[O-],1.11,7.7,20,biotransformation,,,,,,,,0.88,30,anaerobic,4
6:2 FTS,,C(C(=O)[O-])(C(C(C(C(C(F)(F)F)(F)F)(F)F)(F)F)(F)F)O,,C(=O)C(C(C(C(C(F)(F)F)(F)F)(F)F)(F)F)(F)F,1.11,7.7,20,biotransformation,,,,,,,,0.88,30,anaerobic,4
6:2 FTS,,C(CC(C(C(C(F)(F)F)(F)F)(F)F)(F)F)C(=O)[O-],,C(=C\C(C(C(C(F)(F)F)(F)F)(F)F)(F)F)/C(=O)[O-],1.11,7.7,20,biotransformation,,,,,,,,0.88,30,anaerobic,4
6:2 FTS,,C(C(=O)[O-])C(C(C(C(F)(F)F)(F)F)(F)F)(F)F,,C(=C(\C(C(C(F)(F)F)(F)F)(F)F)/F)/C(=O)[O-],1.11,7.7,20,biotransformation,,,,,,,,0.88,30,anaerobic,4
6:2 FTS,,C(C(=O)[O-])C(C(C(C(C(F)(F)F)(F)F)(F)F)(F)F)(F)F,,C(=C(\C(C(C(C(F)(F)F)(F)F)(F)F)(F)F)/F)/C(=O)[O-],1.11,7.7,20,biotransformation,,,,,,,,0.88,30,anaerobic,4
6:2 FTS,,C(C(C(C(C(C(C(C(F)(F)F)(F)F)(F)F)(F)F)(F)F)(F)F)O)S(=O)(=O)[O-],,C(C(=O)C(C(C(C(C(C(F)(F)F)(F)F)(F)F)(F)F)(F)F)(F)F)S(=O)(=O)[O-],1.11,7.7,20,biotransformation,,,,,,,,0.88,30,anaerobic,4
6:2 FTS,,C(=C(\C(C(C(C(F)(F)F)(F)F)(F)F)(F)F)/F)/C(=O)[O-],,C(=C\C(C(C(C(F)(F)F)(F)F)(F)F)(F)F)/C(=O)[O-],1.11,7.7,20,biotransformation,,,,,,,,0.88,30,anaerobic,4
6:2 FTS,,C(C=O)C(C(C(C(C(F)(F)F)(F)F)(F)F)(F)F)(F)F,,C(C(=O)[O-])C(C(C(C(C(F)(F)F)(F)F)(F)F)(F)F)(F)F,1.11,7.7,20,biotransformation,,,,,,,,0.88,30,anaerobic,4
6:2 FTS,,C(=C(\C(C(C(C(C(F)(F)F)(F)F)(F)F)(F)F)(F)F)/F)/C(=O)[O-],,C(=C\C(C(C(C(C(F)(F)F)(F)F)(F)F)(F)F)(F)F)/C(=O)[O-],1.11,7.7,20,biotransformation,,,,,,,,0.88,30,anaerobic,4
6:2 FTS,,C(=C\C(C(C(F)(F)F)(F)F)(F)F)/C(=O)[O-],,C(CC(C(C(F)(F)F)(F)F)(F)F)C(=O)[O-],1.11,7.7,20,biotransformation,,,,,,,,0.88,30,anaerobic,4
6:2 FTS,,C(=O)C(C(C(C(C(F)(F)F)(F)F)(F)F)(F)F)(F)F,,C(=O)(C(C(C(C(C(F)(F)F)(F)F)(F)F)(F)F)(F)F)[O-],1.11,7.7,20,biotransformation,,,,,,,,0.88,30,anaerobic,4
6:2 FTS,,C(C(=O)C(C(C(C(C(F)(F)F)(F)F)(F)F)(F)F)(F)F)C(=O)[O-],,C(=O)(C(C(C(C(C(F)(F)F)(F)F)(F)F)(F)F)(F)F)[O-],1.11,7.7,20,biotransformation,,,,,,,,0.88,30,anaerobic,4
6:2 FTS,,C(=C\C(C(C(C(C(F)(F)F)(F)F)(F)F)(F)F)(F)F)/C(=O)[O-],,C(C(C(=O)[O-])O)C(C(C(C(C(F)(F)F)(F)F)(F)F)(F)F)(F)F,1.11,7.7,20,biotransformation,,,,,,,,0.88,30,anaerobic,4
6:2 FTS,,C(C=O)C(C(C(C(C(C(F)(F)F)(F)F)(F)F)(F)F)(F)F)(F)F,,C(C(=O)[O-])C(C(C(C(C(C(F)(F)F)(F)F)(F)F)(F)F)(F)F)(F)F,1.11,7.7,20,biotransformation,,,,,,,,0.88,30,anaerobic,4
6:2 FTS,,C(CC(C(C(C(C(F)(F)F)(F)F)(F)F)(F)F)(F)F)C(=O)[O-],,C(C(C(=O)[O-])O)C(C(C(C(C(F)(F)F)(F)F)(F)F)(F)F)(F)F,1.11,7.7,20,biotransformation,,,,,,,,0.88,30,anaerobic,4
6:2 FTS,,C(C(C(=O)[O-])O)C(C(C(C(F)(F)F)(F)F)(F)F)(F)F,,C(C=O)C(C(C(C(F)(F)F)(F)F)(F)F)(F)F,1.11,7.7,20,biotransformation,,,,,,,,0.88,30,anaerobic,4
6:2 FTS,,C(C(=O)[O-])C(C(C(C(F)(F)F)(F)F)(F)F)(F)F,,C(C(=O)[O-])(C(C(C(C(F)(F)F)(F)F)(F)F)(F)F)O,1.11,7.7,20,biotransformation,,,,,,,,0.88,30,anaerobic,4
6:2 FTS,,C(C(=O)[O-])C(C(C(C(C(F)(F)F)(F)F)(F)F)(F)F)(F)F,,C(C(=O)[O-])(C(C(C(C(C(F)(F)F)(F)F)(F)F)(F)F)(F)F)O,1.11,7.7,20,biotransformation,,,,,,,,0.88,30,anaerobic,4
6:2 FTS,,C(=C\C(C(C(C(F)(F)F)(F)F)(F)F)(F)F)/C(=O)[O-],,C(C(C(=O)[O-])O)C(C(C(C(F)(F)F)(F)F)(F)F)(F)F,1.11,7.7,20,biotransformation,,,,,,,,0.88,30,anaerobic,4
6:2 FTS,,C(CS(=O)(=O)[O-])C(C(C(C(C(C(F)(F)F)(F)F)(F)F)(F)F)(F)F)(F)F,,C(=C\S(=O)(=O)[O-])/C(C(C(C(C(C(F)(F)F)(F)F)(F)F)(F)F)(F)F)(F)F,1.11,7.7,20,biotransformation,,,,,,,,0.88,30,anaerobic,4
6:2 FTS,,C(C[O-])C(C(C(C(C(C(F)(F)F)(F)F)(F)F)(F)F)(F)F)(F)F,,C(C=O)C(C(C(C(C(C(F)(F)F)(F)F)(F)F)(F)F)(F)F)(F)F,1.11,7.7,20,biotransformation,,,,,,,,0.88,30,anaerobic,4
6:2 FTS,,C(CC(C(C(C(F)(F)F)(F)F)(F)F)(F)F)C(=O)[O-],,C(C(C(=O)[O-])O)C(C(C(C(F)(F)F)(F)F)(F)F)(F)F,1.11,7.7,20,biotransformation,,,,,,,,0.88,30,anaerobic,4
6:2 FTS,,C(CC(C(C(C(C(F)(F)F)(F)F)(F)F)(F)F)(F)F)C(=O)[O-],,C(=C\C(C(C(C(C(F)(F)F)(F)F)(F)F)(F)F)(F)F)/C(=O)[O-],1.11,7.7,20,biotransformation,,,,,,,,0.88,30,anaerobic,4
6:2 FTS,,C(=O)C(C(C(C(C(C(F)(F)F)(F)F)(F)F)(F)F)(F)F)(F)F,,C(=O)(C(C(C(C(C(C(F)(F)F)(F)F)(F)F)(F)F)(F)F)(F)F)[O-],1.11,7.7,20,biotransformation,,,,,,,,0.88,30,anaerobic,4
6:2 FTS,,C(CS(=O)(=O)[O-])C(C(C(C(C(C(F)(F)F)(F)F)(F)F)(F)F)(F)F)(F)F,,C(C[O-])C(C(C(C(C(C(F)(F)F)(F)F)(F)F)(F)F)(F)F)(F)F,1.11,7.7,20,biotransformation,,,,,,,,0.88,30,anaerobic,4
6:2 FTS,,C(C(=O)C(C(C(C(F)(F)F)(F)F)(F)F)(F)F)C(=O)[O-],,C(=O)(C(C(C(C(F)(F)F)(F)F)(F)F)(F)F)[O-],1.11,7.7,20,biotransformation,,,,,,,,0.88,30,anaerobic,4
6:2 FTS,,C(C=O)C(C(C(C(F)(F)F)(F)F)(F)F)(F)F,,C(C(=O)[O-])C(C(C(C(F)(F)F)(F)F)(F)F)(F)F,1.11,7.7,20,biotransformation,,,,,,,,0.88,30,anaerobic,4
6:2 FTS,,C(=O)C(C(C(C(F)(F)F)(F)F)(F)F)(F)F,,C(=O)(C(C(C(C(F)(F)F)(F)F)(F)F)(F)F)[O-],1.11,7.7,20,biotransformation,,,,,,,,0.88,30,anaerobic,4
6:2 FTS,,C(C(=O)[O-])(C(C(C(C(F)(F)F)(F)F)(F)F)(F)F)O,,C(=O)C(C(C(C(F)(F)F)(F)F)(F)F)(F)F,1.11,7.7,20,biotransformation,,,,,,,,0.88,30,anaerobic,4
6:2 FTS,,C(C(=O)[O-])C(C(C(C(C(C(F)(F)F)(F)F)(F)F)(F)F)(F)F)(F)F,,C(=C(\C(C(C(C(C(F)(F)F)(F)F)(F)F)(F)F)(F)F)/F)/C(=O)[O-],1.11,7.7,20,biotransformation,,,,,,,,0.88,30,anaerobic,4
6:2 FTS,,C(C(=O)[O-])(C(C(C(C(C(C(F)(F)F)(F)F)(F)F)(F)F)(F)F)(F)F)O,,C(=O)C(C(C(C(C(C(F)(F)F)(F)F)(F)F)(F)F)(F)F)(F)F,1.11,7.7,20,biotransformation,,,,,,,,0.88,30,anaerobic,4
6:2 FTS,,C(=C(/C(C(C(C(C(F)(F)F)(F)F)(F)F)(F)F)(F)F)\F)/C(=O)O,,CC(=O)C(C(C(C(C(F)(F)F)(F)F)(F)F)(F)F)(F)F,4.72,7,25,biotransformation,,,,,,,,,3,anaerobic,90
6:2 FTS,,C(CS(=O)(=O)O)C(C(C(C(C(C(F)(F)F)(F)F)(F)F)(F)F)(F)F)(F)F,,C(=C(/C(C(C(C(C(F)(F)F)(F)F)(F)F)(F)F)(F)F)\F)/C(=O)O,4.72,7,25,biotransformation,,,,,,,,,3,anaerobic,90
6:2 FTS,,C(=C(/C(C(C(C(C(F)(F)F)(F)F)(F)F)(F)F)(F)F)\F)/C(=O)O,,C(CC(C(C(C(C(F)(F)F)(F)F)(F)F)(F)F)(F)F)C(=O)O,4.72,7,25,biotransformation,,,,,,,,,3,anaerobic,90
6:2 FTS,,CC(=O)C(C(C(C(C(F)(F)F)(F)F)(F)F)(F)F)(F)F,,CC(C(C(C(C(C(F)(F)F)(F)F)(F)F)(F)F)(F)F)O,4.72,7,25,biotransformation,,,,,,,,,3,anaerobic,90
6:2 FTS,,CC(C(C(C(C(C(F)(F)F)(F)F)(F)F)(F)F)(F)F)O,,C(=O)(C(C(C(C(F)(F)F)(F)F)(F)F)(F)F)O,4.72,7,25,biotransformation,,,,,,,,,3,anaerobic,90
6:2 FTS,,CC(C(C(C(C(C(F)(F)F)(F)F)(F)F)(F)F)(F)F)O,,C(=O)(C(C(C(C(C(F)(F)F)(F)F)(F)F)(F)F)(F)F)O,4.72,7,25,biotransformation,,,,,,,,,3,anaerobic,90
6:2 FTS,,CC(C(C(C(C(C(F)(F)F)(F)F)(F)F)(F)F)(F)F)O,,C(=O)(C(C(C(C(C(F)(F)F)(F)F)(F)F)(F)F)(F)F)O,2.57,7,25,biotransformation,,,,,,,,,3,aerobic,100
6:2 FTS,,C(=C\C(C(C(C(C(F)(F)F)(F)F)(F)F)(F)F)(F)F)/C(=O)O,,C(CC(C(C(C(C(F)(F)F)(F)F)(F)F)(F)F)(F)F)C(=O)O,2.57,7,25,biotransformation,,,,,,,,,3,aerobic,100
6:2 FTS,,C(=C\S(=O)(=O)O)/C(C(C(C(C(C(F)(F)F)(F)F)(F)F)(F)F)(F)F)(F)F,,C(C(=O)C(C(C(C(C(C(F)(F)F)(F)F)(F)F)(F)F)(F)F)(F)F)S(=O)(=O)O,2.57,7,25,biotransformation,,,,,,,,,3,aerobic,100
6:2 FTS,,C(CC(C(C(C(C(F)(F)F)(F)F)(F)F)(F)F)(F)F)C(=O)O,,C(CC(C(C(C(C(F)(F)F)(F)F)(F)F)(F)F)(F)F)C(=O)NCC(=O)O,2.57,7,25,biotransformation,,,,,,,,,3,aerobic,100
6:2 FTS,,C(C(=O)C(C(C(C(C(C(F)(F)F)(F)F)(F)F)(F)F)(F)F)(F)F)S(=O)(=O)O,,C(=O)(C(C(C(C(C(C(F)(F)F)(F)F)(F)F)(F)F)(F)F)(F)F)O,2.57,7,25,biotransformation,,,,,,,,,3,aerobic,100
6:2 FTS,,C(CC(C(C(C(C(F)(F)F)(F)F)(F)F)(F)F)(F)F)C(=O)O,,C(=C\C(C(C(C(C(F)(F)F)(F)F)(F)F)(F)F)(F)F)/C(=O)O,2.57,7,25,biotransformation,,,,,,,,,3,aerobic,100
6:2 FTS,,C(C(C(C(C(C(C(C(F)(F)F)(F)F)(F)F)(F)F)(F)F)(F)F)O)S(=O)(=O)O,,C(C(=O)C(C(C(C(C(C(F)(F)F)(F)F)(F)F)(F)F)(F)F)(F)F)S(=O)(=O)O,2.57,7,25,biotransformation,,,,,,,,,3,aerobic,100
6:2 FTS,,CC(C(C(C(C(C(F)(F)F)(F)F)(F)F)(F)F)(F)F)O,,C(=O)(C(C(C(C(F)(F)F)(F)F)(F)F)(F)F)O,2.57,7,25,biotransformation,,,,,,,,,3,aerobic,100
6:2 FTS,,CC(=O)C(C(C(C(C(F)(F)F)(F)F)(F)F)(F)F)(F)F,,CC(C(C(C(C(C(F)(F)F)(F)F)(F)F)(F)F)(F)F)O,2.57,7,25,biotransformation,,,,,,,,,3,aerobic,100
6:2 FTS,,C(CS(=O)(=O)O)C(C(C(C(C(C(F)(F)F)(F)F)(F)F)(F)F)(F)F)(F)F,,C(=C\S(=O)(=O)O)/C(C(C(C(C(C(F)(F)F)(F)F)(F)F)(F)F)(F)F)(F)F,2.57,7,25,biotransformation,,,,,,,,,3,aerobic,100
6:2 FTS,,C(=C\C(C(C(C(C(F)(F)F)(F)F)(F)F)(F)F)(F)F)/C(=O)O,,C(=C\C(C(C(C(C(F)(F)F)(F)F)(F)F)(F)F)(F)F)/C(=O)N,2.57,7,25,biotransformation,,,,,,,,,3,aerobic,100
6:2 FTS,,C(C(=O)O)C(C(C(C(C(C(F)(F)F)(F)F)(F)F)(F)F)(F)F)(F)F,,C(=C(\C(C(C(C(C(F)(F)F)(F)F)(F)F)(F)F)(F)F)/F)/C(=O)O,2.57,7,25,biotransformation,,,,,,,,,3,aerobic,100
6:2 FTS,,C(CS(=O)(=O)O)C(C(C(C(C(C(F)(F)F)(F)F)(F)F)(F)F)(F)F)(F)F,,C(C(C(C(C(C(C(C(F)(F)F)(F)F)(F)F)(F)F)(F)F)(F)F)O)S(=O)(=O)O,2.57,7,25,biotransformation,,,,,,,,,3,aerobic,100
6:2 FTS,,C(=C(\C(C(C(C(F)(F)F)(F)F)(F)F)(F)F)/F)/C(=O)O,,C(=C\C(C(C(C(F)(F)F)(F)F)(F)F)(F)F)/C(=O)O,2.57,7,25,biotransformation,,,,,,,,,3,aerobic,100
6:2 FTS,,C(=C(\C(C(C(C(F)(F)F)(F)F)(F)F)(F)F)/F)/C(=O)O,,C(=O)(C(C(C(F)(F)F)(F)F)(F)F)O,2.57,7,25,biotransformation,,,,,,,,,3,aerobic,100
6:2 FTS,,C(=C(\C(C(C(C(F)(F)F)(F)F)(F)F)(F)F)/F)/C(=O)O,,C(=O)(C(C(C(C(F)(F)F)(F)F)(F)F)(F)F)O,2.57,7,25,biotransformation,,,,,,,,,3,aerobic,100
6:2 FTS,,C(=C\C(C(C(C(F)(F)F)(F)F)(F)F)(F)F)/C(=O)O,,C(CC(C(C(C(F)(F)F)(F)F)(F)F)(F)F)C(=O)O,2.57,7,25,biotransformation,,,,,,,,,3,aerobic,100
6:2 FTS,,C(=C\C(C(C(C(F)(F)F)(F)F)(F)F)(F)F)/C(=O)O,,C(=C(\C(C(C(F)(F)F)(F)F)(F)F)/F)/C(=O)O,2.57,7,25,biotransformation,,,,,,,,,3,aerobic,100
6:2 FTS,,C(CO)C(C(C(C(C(C(F)(F)F)(F)F)(F)F)(F)F)(F)F)(F)F,,C(C(=O)O)C(C(C(C(C(C(F)(F)F)(F)F)(F)F)(F)F)(F)F)(F)F,2.57,7,25,biotransformation,,,,,,,,,3,aerobic,100
6:2 FTS,,C(CS(=O)(=O)O)C(C(C(C(C(C(F)(F)F)(F)F)(F)F)(F)F)(F)F)(F)F,,C(CO)C(C(C(C(C(C(F)(F)F)(F)F)(F)F)(F)F)(F)F)(F)F,2.57,7,25,biotransformation,,,,,,,,,3,aerobic,100
6:2 FTS,,C(=C(\C(C(C(C(C(F)(F)F)(F)F)(F)F)(F)F)(F)F)/F)/C(=O)O,,CC(=O)C(C(C(C(C(F)(F)F)(F)F)(F)F)(F)F)(F)F,2.57,7,25,biotransformation,,,,,,,,,3,aerobic,100
6:2 FTS,,C(=C(\C(C(C(C(C(F)(F)F)(F)F)(F)F)(F)F)(F)F)/F)/C(=O)O,,C(=C\C(C(C(C(C(F)(F)F)(F)F)(F)F)(F)F)(F)F)/C(=O)O,2.57,7,25,biotransformation,,,,,,,,,3,aerobic,100
6:2 FTSA,,CC(C(C(C(C(C(F)(F)F)(F)F)(F)F)(F)F)(F)F)O,,C(=O)(C(C(C(F)(F)F)(F)F)(F)F)O,0.68,5.54,25,biotransformation,,,11.8,0.48,1.29,11.7,,,,,150
6:2 FTSA,,CC(C(C(C(C(C(F)(F)F)(F)F)(F)F)(F)F)(F)F)O,,C(=O)(C(C(C(C(C(F)(F)F)(F)F)(F)F)(F)F)(F)F)O,0.68,5.54,25,biotransformation,,,11.8,0.48,1.29,11.7,,,,,150
6:2 FTSA,,C(C(=O)C(C(C(C(C(C(F)(F)F)(F)F)(F)F)(F)F)(F)F)(F)F)S(=O)(=O)O,,C(=O)(C(C(C(C(C(C(F)(F)F)(F)F)(F)F)(F)F)(F)F)(F)F)O,0.68,5.54,25,biotransformation,,,11.8,0.48,1.29,11.7,,,,,150
6:2 FTSA,,C(CC(C(C(C(C(F)(F)F)(F)F)(F)F)(F)F)(F)F)C(=O)O,,C(=O)(C(C(C(C(C(F)(F)F)(F)F)(F)F)(F)F)(F)F)O,0.68,5.54,25,biotransformation,,,11.8,0.48,1.29,11.7,,,,,150
6:2 FTSA,,C(CS(=O)(=O)O)C(C(C(C(C(C(F)(F)F)(F)F)(F)F)(F)F)(F)F)(F)F,,C(C(C(C(C(C(C(C(F)(F)F)(F)F)(F)F)(F)F)(F)F)(F)F)O)S(=O)(=O)O,0.68,5.54,25,biotransformation,,,11.8,0.48,1.29,11.7,,,,,150
6:2 FTSA,,C(C=O)C(C(C(C(C(C(F)(F)F)(F)F)(F)F)(F)F)(F)F)(F)F,,C(C(=O)O)C(C(C(C(C(C(F)(F)F)(F)F)(F)F)(F)F)(F)F)(F)F,0.68,5.54,25,biotransformation,,,11.8,0.48,1.29,11.7,,,,,150
6:2 FTSA,,C(C(C(C(C(C(C(C(F)(F)F)(F)F)(F)F)(F)F)(F)F)(F)F)O)S(=O)(=O)O,,C(C(=O)C(C(C(C(C(C(F)(F)F)(F)F)(F)F)(F)F)(F)F)(F)F)S(=O)(=O)O,0.68,5.54,25,biotransformation,,,11.8,0.48,1.29,11.7,,,,,150
6:2 FTSA,,C(=C\C(C(C(C(C(F)(F)F)(F)F)(F)F)(F)F)(F)F)/C(=O)O,,C(CC(C(C(C(C(F)(F)F)(F)F)(F)F)(F)F)(F)F)C(=O)O,0.68,5.54,25,biotransformation,,,11.8,0.48,1.29,11.7,,,,,150
6:2 FTSA,,C(CS(=O)(=O)O)C(C(C(C(C(C(F)(F)F)(F)F)(F)F)(F)F)(F)F)(F)F,,C(=C\S(=O)(=O)O)/C(C(C(C(C(C(F)(F)F)(F)F)(F)F)(F)F)(F)F)(F)F,0.68,5.54,25,biotransformation,,,11.8,0.48,1.29,11.7,,,,,150
6:2 FTSA,,CC(C(C(C(C(C(F)(F)F)(F)F)(F)F)(F)F)(F)F)O,,C(=O)(C(C(C(C(F)(F)F)(F)F)(F)F)(F)F)O,0.68,5.54,25,biotransformation,,,11.8,0.48,1.29,11.7,,,,,150
6:2 FTSA,,C(CC(C(C(C(C(F)(F)F)(F)F)(F)F)(F)F)(F)F)C(=O)O,,C(=O)(C(C(C(F)(F)F)(F)F)(F)F)O,0.68,5.54,25,biotransformation,,,11.8,0.48,1.29,11.7,,,,,150
6:2 FTSA,,C(=C\S(=O)(=O)O)/C(C(C(C(C(C(F)(F)F)(F)F)(F)F)(F)F)(F)F)(F)F,,C(C(=O)C(C(C(C(C(C(F)(F)F)(F)F)(F)F)(F)F)(F)F)(F)F)S(=O)(=O)O,0.68,5.54,25,biotransformation,,,11.8,0.48,1.29,11.7,,,,,150
6:2 FTSA,,C(=C(\C(C(C(C(C(F)(F)F)(F)F)(F)F)(F)F)(F)F)/F)/C(=O)O,,C(=C\C(C(C(C(C(F)(F)F)(F)F)(F)F)(F)F)(F)F)/C(=O)O,0.68,5.54,25,biotransformation,,,11.8,0.48,1.29,11.7,,,,,150
6:2 FTSA,,C(CO)C(C(C(C(C(C(F)(F)F)(F)F)(F)F)(F)F)(F)F)(F)F,,C(C=O)C(C(C(C(C(C(F)(F)F)(F)F)(F)F)(F)F)(F)F)(F)F,0.68,5.54,25,biotransformation,,,11.8,0.48,1.29,11.7,,,,,150
6:2 FTSA,,C(CS(=O)(=O)O)C(C(C(C(C(C(F)(F)F)(F)F)(F)F)(F)F)(F)F)(F)F,,C(CO)C(C(C(C(C(C(F)(F)F)(F)F)(F)F)(F)F)(F)F)(F)F,0.68,5.54,25,biotransformation,,,11.8,0.48,1.29,11.7,,,,,150
6:2 FTSA,,C(C(=O)O)C(C(C(C(C(C(F)(F)F)(F)F)(F)F)(F)F)(F)F)(F)F,,C(=O)(C(C(C(C(C(C(F)(F)F)(F)F)(F)F)(F)F)(F)F)(F)F)O,0.68,5.54,25,biotransformation,,,11.8,0.48,1.29,11.7,,,,,150
6:2 FTSA,,C(C(=O)O)C(C(C(C(C(C(F)(F)F)(F)F)(F)F)(F)F)(F)F)(F)F,,C(=C(\C(C(C(C(C(F)(F)F)(F)F)(F)F)(F)F)(F)F)/F)/C(=O)O,0.68,5.54,25,biotransformation,,,11.8,0.48,1.29,11.7,,,,,150
6:2 FTSA,,C(=C(\C(C(C(C(C(F)(F)F)(F)F)(F)F)(F)F)(F)F)/F)/C(=O)O,,CC(=O)C(C(C(C(C(F)(F)F)(F)F)(F)F)(F)F)(F)F,0.68,5.54,25,biotransformation,,,11.8,0.48,1.29,11.7,,,,,150
6:2 FTSA,,CC(=O)C(C(C(C(C(F)(F)F)(F)F)(F)F)(F)F)(F)F,,CC(C(C(C(C(C(F)(F)F)(F)F)(F)F)(F)F)(F)F)O,0.68,5.54,25,biotransformation,,,11.8,0.48,1.29,11.7,,,,,150
6:2 FTSA,,C(CS(=O)(=O)O)C(C(C(C(C(C(F)(F)F)(F)F)(F)F)(F)F)(F)F)(F)F,,C(=C(\C(C(C(C(C(F)(F)F)(F)F)(F)F)(F)F)(F)F)/F)/C(=O)O,0.35,7.2,30,biotransformation,,,,,,,,,,aerobic,25
6:2 FTSA,,C(CS(=O)(=O)O)C(C(C(C(C(C(F)(F)F)(F)F)(F)F)(F)F)(F)F)(F)F,,C(=O)(C(C(C(C(C(F)(F)F)(F)F)(F)F)(F)F)(F)F)O,0.35,7.2,30,biotransformation,,,,,,,,,,aerobic,25
6:2 FTSA,,C(CS(=O)(=O)O)C(C(C(C(C(C(F)(F)F)(F)F)(F)F)(F)F)(F)F)(F)F,,C(=O)(C(C(C(C(F)(F)F)(F)F)(F)F)(F)F)O,0.35,7.2,30,biotransformation,,,,,,,,,,aerobic,25
6:2 FTSA,,C(CS(=O)(=O)O)C(C(C(C(C(C(F)(F)F)(F)F)(F)F)(F)F)(F)F)(F)F,,C(=O)(C(C(C(C(C(C(F)(F)F)(F)F)(F)F)(F)F)(F)F)(F)F)O,0.35,7.2,30,biotransformation,,,,,,,,,,aerobic,25
6:2 FTSA,,C(CS(=O)(=O)[O-])C(C(C(C(C(C(F)(F)F)(F)F)(F)F)(F)F)(F)F)(F)F,,C(=O)(C(C(C(C(F)(F)F)(F)F)(F)F)(F)F)O,,7,20,biotransformation,,,,,,,,,,,100
6:2 FTSA,,C(CS(=O)(=O)[O-])C(C(C(C(C(C(F)(F)F)(F)F)(F)F)(F)F)(F)F)(F)F,,C(=O)(C(C(C(C(C(C(F)(F)F)(F)F)(F)F)(F)F)(F)F)(F)F)O,,7,20,biotransformation,,,,,,,,,,,100
6:2 FTSA,,C(CS(=O)(=O)[O-])C(C(C(C(C(C(F)(F)F)(F)F)(F)F)(F)F)(F)F)(F)F,,C(CC(C(C(C(C(F)(F)F)(F)F)(F)F)(F)F)(F)F)C(=O)O,,7,20,biotransformation,,,,,,,,,,,100
6:2 FTSA,,C(CS(=O)(=O)[O-])C(C(C(C(C(C(F)(F)F)(F)F)(F)F)(F)F)(F)F)(F)F,,C(=O)(C(C(C(C(C(F)(F)F)(F)F)(F)F)(F)F)(F)F)O,,7,20,biotransformation,,,,,,,,,,,100
6:2 FTSA,,C(CS(=O)(=O)O)C(C(C(C(C(C(F)(F)F)(F)F)(F)F)(F)F)(F)F)(F)F,,C(=C\S(=O)(=O)O)/C(C(C(C(C(C(F)(F)F)(F)F)(F)F)(F)F)(F)F)(F)F,50,,30,biotransformation,,,,,,,,,,aerobic,144
6:2 FTSA,,C(=C(\C(C(C(C(C(F)(F)F)(F)F)(F)F)(F)F)(F)F)/F)/C(=O)O,,C(CC(C(C(C(C(F)(F)F)(F)F)(F)F)(F)F)(F)F)C(=O)O,50,,30,biotransformation,,,,,,,,,,aerobic,144
6:2 FTSA,,C(CC(C(C(C(C(F)(F)F)(F)F)(F)F)(F)F)(F)F)C(=O)O,,C(C(C(=O)O)O)C(C(C(C(C(F)(F)F)(F)F)(F)F)(F)F)(F)F,50,,30,biotransformation,,,,,,,,,,aerobic,144
6:2 FTSA,,C(C(=O)O)C(C(C(C(C(C(F)(F)F)(F)F)(F)F)(F)F)(F)F)(F)F,,C(=C(\C(C(C(C(C(F)(F)F)(F)F)(F)F)(F)F)(F)F)/F)/C(=O)O,50,,30,biotransformation,,,,,,,,,,aerobic,144
6:2 FTSA,,C(=C\S(=O)(=O)O)/C(C(C(C(C(C(F)(F)F)(F)F)(F)F)(F)F)(F)F)(F)F,,C(CO)C(C(C(C(C(C(F)(F)F)(F)F)(F)F)(F)F)(F)F)(F)F,50,,30,biotransformation,,,,,,,,,,aerobic,144
6:2 FTSA,,C(C(=O)O)C(C(C(C(C(C(F)(F)F)(F)F)(F)F)(F)F)(F)F)(F)F,,C(=O)(C(C(C(C(C(C(F)(F)F)(F)F)(F)F)(F)F)(F)F)(F)F)O,50,,30,biotransformation,,,,,,,,,,aerobic,144
6:2 FTSA,,C(CO)C(C(C(C(C(C(F)(F)F)(F)F)(F)F)(F)F)(F)F)(F)F,,C(C=O)C(C(C(C(C(C(F)(F)F)(F)F)(F)F)(F)F)(F)F)(F)F,50,,30,biotransformation,,,,,,,,,,aerobic,144
6:2 FTSA,,C(C(C(=O)O)O)C(C(C(C(C(F)(F)F)(F)F)(F)F)(F)F)(F)F,,C(CC(C(C(C(F)(F)F)(F)F)(F)F)(F)F)C(=O)O,50,,30,biotransformation,,,,,,,,,,aerobic,144
6:2 FTSA,,C(C=O)C(C(C(C(C(C(F)(F)F)(F)F)(F)F)(F)F)(F)F)(F)F,,C(C(=O)O)C(C(C(C(C(C(F)(F)F)(F)F)(F)F)(F)F)(F)F)(F)F,50,,30,biotransformation,,,,,,,,,,aerobic,144
6:2 FTSAS,,C(CS)C(C(C(C(C(C(F)(F)F)(F)F)(F)F)(F)F)(F)F)(F)F,,C(CS(=O)(=O)[O-])C(C(C(C(C(C(F)(F)F)(F)F)(F)F)(F)F)(F)F)(F)F,6.34,7,20,biotransformation,,,,,,,,,,aerobic,42
6:2 FTSAS,,C(CS(=O)(=O)[O-])C(C(C(C(C(C(F)(F)F)(F)F)(F)F)(F)F)(F)F)(F)F,,C(CO)C(C(C(C(C(C(F)(F)F)(F)F)(F)F)(F)F)(F)F)(F)F,6.34,7,20,biotransformation,,,,,,,,,,aerobic,42
6:2 FTSAS,,CC(C(C(C(C(C(F)(F)F)(F)F)(F)F)(F)F)(F)F)O,,C(=O)(C(C(C(C(F)(F)F)(F)F)(F)F)(F)F)[O-],6.34,7,20,biotransformation,,,,,,,,,,aerobic,42
6:2 FTSAS,,CC(C)(CS(=O)(=O)[O-])NC(=O)CCSCCC(C(C(C(C(C(F)(F)F)(F)F)(F)F)(F)F)(F)F)(F)F,,C(CS)C(C(C(C(C(C(F)(F)F)(F)F)(F)F)(F)F)(F)F)(F)F,6.34,7,20,biotransformation,,,,,,,,,,aerobic,42
6:2 FTSAS,,CC(C(C(C(C(C(F)(F)F)(F)F)(F)F)(F)F)(F)F)O,,C(=O)(C(C(C(C(C(F)(F)F)(F)F)(F)F)(F)F)(F)F)[O-],6.34,7,20,biotransformation,,,,,,,,,,aerobic,42
6:2 FTSAS,,C(C(=O)[O-])C(C(C(C(C(C(F)(F)F)(F)F)(F)F)(F)F)(F)F)(F)F,,C(=O)(C(C(C(C(C(C(F)(F)F)(F)F)(F)F)(F)F)(F)F)(F)F)[O-],6.34,7,20,biotransformation,,,,,,,,,,aerobic,42
6:2 FTSAS,,C(CS(=O)=O)C(C(C(C(C(C(F)(F)F)(F)F)(F)F)(F)F)(F)F)(F)F,,C(CO)C(C(C(C(C(C(F)(F)F)(F)F)(F)F)(F)F)(F)F)(F)F,6.34,7,20,biotransformation,,,,,,,,,,aerobic,42
6:2 FTSAS,,CC(C)(CS(=O)(=O)[O-])NC(=O)CCS(=O)CCC(C(C(C(C(C(F)(F)F)(F)F)(F)F)(F)F)(F)F)(F)F,,C(CO)C(C(C(C(C(C(F)(F)F)(F)F)(F)F)(F)F)(F)F)(F)F,6.34,7,20,biotransformation,,,,,,,,,,aerobic,42
6:2 FTSAS,,C(CS(=O)(=O)[O-])C(C(C(C(C(C(F)(F)F)(F)F)(F)F)(F)F)(F)F)(F)F,,C(=C(\C(C(C(C(C(F)(F)F)(F)F)(F)F)(F)F)(F)F)/F)/C(=O)[O-],6.34,7,20,biotransformation,,,,,,,,,,aerobic,42
6:2 FTSAS,,CC(C)(CS(=O)(=O)[O-])NC(=O)CCS(=O)(=O)CCC(C(C(C(C(C(F)(F)F)(F)F)(F)F)(F)F)(F)F)(F)F,,C(CO)C(C(C(C(C(C(F)(F)F)(F)F)(F)F)(F)F)(F)F)(F)F,6.34,7,20,biotransformation,,,,,,,,,,aerobic,42
6:2 FTSAS,,CC(C)(CS(=O)(=O)[O-])NC(=O)CCS(=O)CCC(C(C(C(C(C(F)(F)F)(F)F)(F)F)(F)F)(F)F)(F)F,,CC(C)(CS(=O)(=O)[O-])NC(=O)CCS(=O)(=O)CCC(C(C(C(C(C(F)(F)F)(F)F)(F)F)(F)F)(F)F)(F)F,6.34,7,20,biotransformation,,,,,,,,,,aerobic,42
6:2 FTSAS,,C(=C\C(C(C(C(C(F)(F)F)(F)F)(F)F)(F)F)(F)F)/C(=O)[O-],,C(C(C(=O)[O-])O)C(C(C(C(C(F)(F)F)(F)F)(F)F)(F)F)(F)F,6.34,7,20,biotransformation,,,,,,,,,,aerobic,42
6:2 FTSAS,,CC(=O)C(C(C(C(C(F)(F)F)(F)F)(F)F)(F)F)(F)F,,CC(C(C(C(C(C(F)(F)F)(F)F)(F)F)(F)F)(F)F)O,6.34,7,20,biotransformation,,,,,,,,,,aerobic,42
6:2 FTSAS,,CC(C)(CS(=O)(=O)[O-])NC(=O)CCS(=O)(=O)CCC(C(C(C(C(C(F)(F)F)(F)F)(F)F)(F)F)(F)F)(F)F,,C(CS(=O)=O)C(C(C(C(C(C(F)(F)F)(F)F)(F)F)(F)F)(F)F)(F)F,6.34,7,20,biotransformation,,,,,,,,,,aerobic,42
6:2 FTSAS,,C(=C(\C(C(C(C(C(F)(F)F)(F)F)(F)F)(F)F)(F)F)/F)/C(=O)[O-],,C(=C\C(C(C(C(C(F)(F)F)(F)F)(F)F)(F)F)(F)F)/C(=O)[O-],6.34,7,20,biotransformation,,,,,,,,,,aerobic,42
6:2 FTSAS,,C(C(=O)[O-])C(C(C(C(C(C(F)(F)F)(F)F)(F)F)(F)F)(F)F)(F)F,,C(=C(\C(C(C(C(C(F)(F)F)(F)F)(F)F)(F)F)(F)F)/F)/C(=O)[O-],6.34,7,20,biotransformation,,,,,,,,,,aerobic,42
6:2 FTSAS,,C(=C\C(C(C(C(C(F)(F)F)(F)F)(F)F)(F)F)(F)F)/C(=O)[O-],,C(CC(C(C(C(C(F)(F)F)(F)F)(F)F)(F)F)(F)F)C(=O)[O-],6.34,7,20,biotransformation,,,,,,,,,,aerobic,42
6:2 FTSAS,,C(CO)C(C(C(C(C(C(F)(F)F)(F)F)(F)F)(F)F)(F)F)(F)F,,C(C(=O)[O-])C(C(C(C(C(C(F)(F)F)(F)F)(F)F)(F)F)(F)F)(F)F,6.34,7,20,biotransformation,,,,,,,,,,aerobic,42
6:2 FTSAS,,C(=C(\C(C(C(C(C(F)(F)F)(F)F)(F)F)(F)F)(F)F)/F)/C(=O)[O-],,CC(=O)C(C(C(C(C(F)(F)F)(F)F)(F)F)(F)F)(F)F,6.34,7,20,biotransformation,,,,,,,,,,aerobic,42
6:2 FTSAS,,CC(C)(CS(=O)(=O)[O-])NC(=O)CCSCCC(C(C(C(C(C(F)(F)F)(F)F)(F)F)(F)F)(F)F)(F)F,,CC(C)(CS(=O)(=O)[O-])NC(=O)CCS(=O)CCC(C(C(C(C(C(F)(F)F)(F)F)(F)F)(F)F)(F)F)(F)F,6.34,7,20,biotransformation,,,,,,,,,,aerobic,42
6:2 FTSHA,,C[N+](C)(C)CC(CS(=O)(=O)CCC(C(C(C(C(C(F)(F)F)(F)F)(F)F)(F)F)(F)F)(F)F)O,,C(CS(=O)(=O)O)C(C(C(C(C(C(F)(F)F)(F)F)(F)F)(F)F)(F)F)(F)F,1290.64,5.54,25,biotransformation,,,11.8,0.48,1.29,11.7,,,,,150
6:2 FTSHA,,C[N+](C)(C)CC(CS(=O)CCC(C(C(C(C(C(F)(F)F)(F)F)(F)F)(F)F)(F)F)(F)F)O,,C(CS(=O)O)C(C(C(C(C(C(F)(F)F)(F)F)(F)F)(F)F)(F)F)(F)F,1290.64,5.54,25,biotransformation,,,11.8,0.48,1.29,11.7,,,,,150
6:2 FTSHA,,C(CS(=O)O)C(C(C(C(C(C(F)(F)F)(F)F)(F)F)(F)F)(F)F)(F)F,,C(CS(=O)(=O)O)C(C(C(C(C(C(F)(F)F)(F)F)(F)F)(F)F)(F)F)(F)F,1290.64,5.54,25,biotransformation,,,11.8,0.48,1.29,11.7,,,,,150
6:2 FTSHA,,C[N+](C)(C)CC(CSCCC(C(C(C(C(C(F)(F)F)(F)F)(F)F)(F)F)(F)F)(F)F)O,,C[N+](C)(C)CC(CS(=O)CCC(C(C(C(C(C(F)(F)F)(F)F)(F)F)(F)F)(F)F)(F)F)O,1290.64,5.54,25,biotransformation,,,11.8,0.48,1.29,11.7,,,,,150
6:2 FTSHA,,C[N+](C)(C)CC(CS(=O)CCC(C(C(C(C(C(F)(F)F)(F)F)(F)F)(F)F)(F)F)(F)F)O,,C[N+](C)(C)CC(CS(=O)(=O)CCC(C(C(C(C(C(F)(F)F)(F)F)(F)F)(F)F)(F)F)(F)F)O,1290.64,5.54,25,biotransformation,,,11.8,0.48,1.29,11.7,,,,,150
6:2 FTSO2PrAd-DiMeEtS,,C(C(=O)C(C(C(C(C(C(F)(F)F)(F)F)(F)F)(F)F)(F)F)(F)F)S(=O)(=O)O,,C(CC(C(C(C(C(F)(F)F)(F)F)(F)F)(F)F)(F)F)C(=O)O,0.0045,7,22,biotransformation,,,,,,,,,,aerobic,56
6:2 FTSO2PrAd-DiMeEtS,,C(C(=O)C(C(C(C(C(C(F)(F)F)(F)F)(F)F)(F)F)(F)F)(F)F)S(=O)(=O)O,,C(=O)(C(C(C(C(C(C(F)(F)F)(F)F)(F)F)(F)F)(F)F)(F)F)O,0.0045,7,22,biotransformation,,,,,,,,,,aerobic,56
6:2 FTSO2PrAd-DiMeEtS,,C(C(C(C(C(C(C(C(F)(F)F)(F)F)(F)F)(F)F)(F)F)(F)F)O)S(=O)(=O)O,,C(C(=O)C(C(C(C(C(C(F)(F)F)(F)F)(F)F)(F)F)(F)F)(F)F)S(=O)(=O)O,0.0045,7,22,biotransformation,,,,,,,,,,aerobic,56
6:2 FTSO2PrAd-DiMeEtS,,C(CS(=O)(=O)O)C(C(C(C(C(C(F)(F)F)(F)F)(F)F)(F)F)(F)F)(F)F,,C(C(C(C(C(C(C(C(F)(F)F)(F)F)(F)F)(F)F)(F)F)(F)F)O)S(=O)(=O)O,0.0045,7,22,biotransformation,,,,,,,,,,aerobic,56
6:2 FTSO2PrAd-DiMeEtS,,C(CC(C(C(C(C(F)(F)F)(F)F)(F)F)(F)F)(F)F)C(=O)O,,C(=O)(C(C(C(F)(F)F)(F)F)(F)F)O,0.0045,7,22,biotransformation,,,,,,,,,,aerobic,56
6:2 FTSO2PrAd-DiMeEtS,,CC(C)(CS(=O)(=O)O)NC(=O)CCS(=O)(=O)CCC(C(C(C(C(C(F)(F)F)(F)F)(F)F)(F)F)(F)F)(F)F,,C(CS(=O)(=O)O)C(C(C(C(C(C(F)(F)F)(F)F)(F)F)(F)F)(F)F)(F)F,0.0045,7,22,biotransformation,,,,,,,,,,aerobic,56
6:2 FTUCA,,C(=C(\C(C(C(C(C(F)(F)F)(F)F)(F)F)(F)F)(F)F)/F)/C(=O)O,,C(=C\C(C(C(C(C(F)(F)F)(F)F)(F)F)(F)F)(F)F)/C(=O)O,80,7,20,biotransformation,,,,,,,,,,anaerobic,
6:2 FTUCA,,C(=C\C(C(C(C(C(F)(F)F)(F)F)(F)F)(F)F)(F)F)/C(=O)O,,C(CC(C(C(C(C(F)(F)F)(F)F)(F)F)(F)F)(F)F)C(=O)O,80,7,20,biotransformation,,,,,,,,,,anaerobic,
6:2 FTUCA,,C(=C(\C(C(C(C(C(F)(F)F)(F)F)(F)F)(F)F)(F)F)/F)/C(=O)O,,C(C(C(C(C(C(C(F)(F)F)(F)F)(F)F)(F)F)(F)F)F)C(=O)O,80,7,20,biotransformation,,,,,,,,,,anaerobic,
6:2 FTUCA,,C(C(C(C(C(C(C(F)(F)F)(F)F)(F)F)(F)F)(F)F)F)C(=O)O,,C(=C\C(C(C(C(C(F)(F)F)(F)F)(F)F)(F)F)(F)F)/C(=O)O,80,7,20,biotransformation,,,,,,,,,,anaerobic,
6:2 FtTAoS,,CC(C)(CS(=O)(=O)O)NC(=O)CCSCCC(C(C(C(C(C(F)(F)F)(F)F)(F)F)(F)F)(F)F)(F)F,,C(CSCCC(C(C(C(C(C(F)(F)F)(F)F)(F)F)(F)F)(F)F)(F)F)C(=O)O,70,7,22,biotransformation,,,,,,,,,,aerobic,21
6:2 FtTAoS,,C(CC(C(C(C(C(F)(F)F)(F)F)(F)F)(F)F)(F)F)C(=O)[O-],,C(=O)(C(C(C(F)(F)F)(F)F)(F)F)O,70,7,22,biotransformation,,,,,,,,,,aerobic,21
6:2 FtTAoS,,C(CS(=O)CCC(C(C(C(C(C(F)(F)F)(F)F)(F)F)(F)F)(F)F)(F)F)C(=O)O,,C(C[S-](=O)=O)C(C(C(C(C(C(F)(F)F)(F)F)(F)F)(F)F)(F)F)(F)F,70,7,22,biotransformation,,,,,,,,,,aerobic,21
6:2 FtTAoS,,CC(C)(CS(=O)(=O)O)NC(=O)CCSCCC(C(C(C(C(C(F)(F)F)(F)F)(F)F)(F)F)(F)F)(F)F,,CC(C)(CS(=O)(=O)O)NC(=O)CCS(=O)CCC(C(C(C(C(C(F)(F)F)(F)F)(F)F)(F)F)(F)F)(F)F,70,7,22,biotransformation,,,,,,,,,,aerobic,21
6:2 FtTAoS,,CC(C)(CS(=O)(=O)O)NC(=O)CCS(=O)CCC(C(C(C(C(C(F)(F)F)(F)F)(F)F)(F)F)(F)F)(F)F,,CC(C)(CS(=O)(=O)O)NC(=O)CCS(=O)(=O)CCC(C(C(C(C(C(F)(F)F)(F)F)(F)F)(F)F)(F)F)(F)F,70,7,22,biotransformation,,,,,,,,,,aerobic,21
6:2 FtTAoS,,CC(C)(CS(=O)(=O)O)NC(=O)CCS(=O)(=O)CCC(C(C(C(C(C(F)(F)F)(F)F)(F)F)(F)F)(F)F)(F)F,,C(CS(=O)(=O)O)C(C(C(C(C(C(F)(F)F)(F)F)(F)F)(F)F)(F)F)(F)F,70,7,22,biotransformation,,,,,,,,,,aerobic,21
6:2 FtTAoS,,C(=C(\C(C(C(C(C(F)(F)F)(F)F)(F)F)(F)F)(F)F)/F)/C(=O)O,,C(=O)(C(C(C(C(F)(F)F)(F)F)(F)F)(F)F)O,70,7,22,biotransformation,,,,,,,,,,aerobic,21
6:2 FtTAoS,,C(=C(\C(C(C(C(C(F)(F)F)(F)F)(F)F)(F)F)(F)F)/F)/C(=O)O,,C(=O)(C(C(C(C(C(F)(F)F)(F)F)(F)F)(F)F)(F)F)O,70,7,22,biotransformation,,,,,,,,,,aerobic,21
6:2 FtTAoS,,CC(C(=O)[O-])NC(=O)CCSCCC(C(C(C(C(C(F)(F)F)(F)F)(F)F)(F)F)(F)F)(F)F,,C(CSCCC(C(C(C(C(C(F)(F)F)(F)F)(F)F)(F)F)(F)F)(F)F)C(=O)O,70,7,22,biotransformation,,,,,,,,,,aerobic,21
6:2 FtTAoS,,C(CSCCC(C(C(C(C(C(F)(F)F)(F)F)(F)F)(F)F)(F)F)(F)F)C(=O)O,,C(CS(=O)CCC(C(C(C(C(C(F)(F)F)(F)F)(F)F)(F)F)(F)F)(F)F)C(=O)O,70,7,22,biotransformation,,,,,,,,,,aerobic,21
6:2 FtTAoS,,C(CS(=O)(=O)CCC(C(C(C(C(C(F)(F)F)(F)F)(F)F)(F)F)(F)F)(F)F)C(=O)O,,C(C[S-](=O)=O)C(C(C(C(C(C(F)(F)F)(F)F)(F)F)(F)F)(F)F)(F)F,70,7,22,biotransformation,,,,,,,,,,aerobic,21
6:2 FtTAoS,,CC(C)(CS(=O)(=O)O)NC(=O)CCS(=O)(=O)CCC(C(C(C(C(C(F)(F)F)(F)F)(F)F)(F)F)(F)F)(F)F,,C(CS(=O)(=O)CCC(C(C(C(C(C(F)(F)F)(F)F)(F)F)(F)F)(F)F)(F)F)C(=O)O,70,7,22,biotransformation,,,,,,,,,,aerobic,21
6:2 FtTAoS,,C(CS(=O)(=O)O)C(C(C(C(C(C(F)(F)F)(F)F)(F)F)(F)F)(F)F)(F)F,,C(=C(\C(C(C(C(C(F)(F)F)(F)F)(F)F)(F)F)(F)F)/F)/C(=O)O,70,7,22,biotransformation,,,,,,,,,,aerobic,21
6:2 FtTAoS,,C(CS(=O)CCC(C(C(C(C(C(F)(F)F)(F)F)(F)F)(F)F)(F)F)(F)F)C(=O)O,,C(CS(=O)(=O)CCC(C(C(C(C(C(F)(F)F)(F)F)(F)F)(F)F)(F)F)(F)F)C(=O)O,70,7,22,biotransformation,,,,,,,,,,aerobic,21
6:2 FtTAoS,,C(CS(=O)(=O)CCC(C(C(C(C(C(F)(F)F)(F)F)(F)F)(F)F)(F)F)(F)F)C(=O)O,,C(C[S-](=O)=O)C(C(C(C(C(C(F)(F)F)(F)F)(F)F)(F)F)(F)F)(F)F,70,7,22,biotransformation,,,,,,,,,,aerobic,21
6:2 FtTAoS,,C(=C(\C(C(C(C(C(F)(F)F)(F)F)(F)F)(F)F)(F)F)/F)/C(=O)O,,C(=O)(C(C(C(F)(F)F)(F)F)(F)F)O,70,7,22,biotransformation,,,,,,,,,,aerobic,21
6:2 FtTAoS,,C(CS(=O)(=O)CCC(C(C(C(C(C(F)(F)F)(F)F)(F)F)(F)F)(F)F)(F)F)C(=O)O,,C(CS(=O)(=O)O)C(C(C(C(C(C(F)(F)F)(F)F)(F)F)(F)F)(F)F)(F)F,70,7,22,biotransformation,,,,,,,,,,aerobic,21
6:2 FtTAoS,,CC(C)(CS(=O)(=O)O)NC(=O)CCSCCC(C(C(C(C(C(F)(F)F)(F)F)(F)F)(F)F)(F)F)(F)F,,CC(C(=O)[O-])NC(=O)CCSCCC(C(C(C(C(C(F)(F)F)(F)F)(F)F)(F)F)(F)F)(F)F,70,7,22,biotransformation,,,,,,,,,,aerobic,21
6:2 FtTAoS,,C(=C(\C(C(C(C(C(F)(F)F)(F)F)(F)F)(F)F)(F)F)/F)/C(=O)O,,C(CC(C(C(C(C(F)(F)F)(F)F)(F)F)(F)F)(F)F)C(=O)[O-],70,7,22,biotransformation,,,,,,,,,,aerobic,21
6:2 FtTAoS,,C(C[S-](=O)=O)C(C(C(C(C(C(F)(F)F)(F)F)(F)F)(F)F)(F)F)(F)F,,C(CS(=O)(=O)O)C(C(C(C(C(C(F)(F)F)(F)F)(F)F)(F)F)(F)F)(F)F,70,7,22,biotransformation,,,,,,,,,,aerobic,21
6:2 FtTAoS,,C(CS(=O)(=O)O)C(C(C(C(C(C(F)(F)F)(F)F)(F)F)(F)F)(F)F)(F)F,,C(=O)(C(C(C(C(C(F)(F)F)(F)F)(F)F)(F)F)(F)F)O,20,,30,biotransformation,,,,,,,,,,anaerobic,300
6:2 FtTAoS,,CC(C(=O)O)NC(=O)CCSCCC(C(C(C(C(C(F)(F)F)(F)F)(F)F)(F)F)(F)F)(F)F,,CC(C(=O)O)NC(=O)CCS(=O)CCC(C(C(C(C(C(F)(F)F)(F)F)(F)F)(F)F)(F)F)(F)F,20,,30,biotransformation,,,,,,,,,,anaerobic,300
6:2 FtTAoS,,C(CS(=O)O)C(C(C(C(C(C(F)(F)F)(F)F)(F)F)(F)F)(F)F)(F)F,,C(CS(=O)(=O)O)C(C(C(C(C(C(F)(F)F)(F)F)(F)F)(F)F)(F)F)(F)F,20,,30,biotransformation,,,,,,,,,,anaerobic,300
6:2 FtTAoS,,CC(C(=O)NC(C)C(=O)O)NC(=O)CCSCCC(C(C(C(C(C(F)(F)F)(F)F)(F)F)(F)F)(F)F)(F)F,,C(CS)C(C(C(C(C(C(F)(F)F)(F)F)(F)F)(F)F)(F)F)(F)F,20,,30,biotransformation,,,,,,,,,,anaerobic,300
6:2 FtTAoS,,C(CS)C(C(C(C(C(C(F)(F)F)(F)F)(F)F)(F)F)(F)F)(F)F,,C(CSS(=O)(=O)O)C(C(C(C(C(C(F)(F)F)(F)F)(F)F)(F)F)(F)F)(F)F,20,,30,biotransformation,,,,,,,,,,anaerobic,300
6:2 FtTAoS,,CC(C)(CS(=O)(=O)O)NC(=O)CCS(=O)CCC(C(C(C(C(C(F)(F)F)(F)F)(F)F)(F)F)(F)F)(F)F,,C(CS(=O)CCC(C(C(C(C(C(F)(F)F)(F)F)(F)F)(F)F)(F)F)(F)F)C(=O)O,20,,30,biotransformation,,,,,,,,,,anaerobic,300
6:2 FtTAoS,,C(CS)C(C(C(C(C(C(F)(F)F)(F)F)(F)F)(F)F)(F)F)(F)F,,C(CS(=O)O)C(C(C(C(C(C(F)(F)F)(F)F)(F)F)(F)F)(F)F)(F)F,20,,30,biotransformation,,,,,,,,,,anaerobic,300
6:2 FtTAoS,,C(CS(=O)(=O)CCC(C(C(C(C(C(F)(F)F)(F)F)(F)F)(F)F)(F)F)(F)F)C(=O)O,,C(CS(=O)(=O)O)C(C(C(C(C(C(F)(F)F)(F)F)(F)F)(F)F)(F)F)(F)F,20,,30,biotransformation,,,,,,,,,,anaerobic,300
6:2 FtTAoS,,C(CS(=O)CCC(C(C(C(C(C(F)(F)F)(F)F)(F)F)(F)F)(F)F)(F)F)C(=O)O,,C(CS(=O)(=O)CCC(C(C(C(C(C(F)(F)F)(F)F)(F)F)(F)F)(F)F)(F)F)C(=O)O,20,,30,biotransformation,,,,,,,,,,anaerobic,300
6:2 FtTAoS,,CC(C)(CS(=O)(=O)O)NC(=O)CCSCCC(C(C(C(C(C(F)(F)F)(F)F)(F)F)(F)F)(F)F)(F)F,,C(CSCCC(C(C(C(C(C(F)(F)F)(F)F)(F)F)(F)F)(F)F)(F)F)C(=O)O,20,,30,biotransformation,,,,,,,,,,anaerobic,300
6:2 FtTAoS,,C(CS)C(C(C(C(C(C(F)(F)F)(F)F)(F)F)(F)F)(F)F)(F)F,,C(CSS(=O)O)C(C(C(C(C(C(F)(F)F)(F)F)(F)F)(F)F)(F)F)(F)F,20,,30,biotransformation,,,,,,,,,,anaerobic,300
6:2 FtTAoS,,CC(C)(CS(=O)(=O)O)NC(=O)CCSCCC(C(C(C(C(C(F)(F)F)(F)F)(F)F)(F)F)(F)F)(F)F,,CC(C(=O)O)NC(=O)CCSCCC(C(C(C(C(C(F)(F)F)(F)F)(F)F)(F)F)(F)F)(F)F,20,,30,biotransformation,,,,,,,,,,anaerobic,300
6:2 FtTAoS,,CC(C(=O)O)NC(=O)CCSCCC(C(C(C(C(C(F)(F)F)(F)F)(F)F)(F)F)(F)F)(F)F,,C(CSCCC(C(C(C(C(C(F)(F)F)(F)F)(F)F)(F)F)(F)F)(F)F)C(=O)O,20,,30,biotransformation,,,,,,,,,,anaerobic,300
6:2 FtTAoS,,CC(C)(CS(=O)(=O)O)NC(=O)CCS(=O)(=O)CCC(C(C(C(C(C(F)(F)F)(F)F)(F)F)(F)F)(F)F)(F)F,,C(CS(=O)(=O)CCC(C(C(C(C(C(F)(F)F)(F)F)(F)F)(F)F)(F)F)(F)F)C(=O)O,20,,30,biotransformation,,,,,,,,,,anaerobic,300
6:2 FtTAoS,,C(CSCCC(C(C(C(C(C(F)(F)F)(F)F)(F)F)(F)F)(F)F)(F)F)C(=O)O,,C(CS(=O)CCC(C(C(C(C(C(F)(F)F)(F)F)(F)F)(F)F)(F)F)(F)F)C(=O)O,20,,30,biotransformation,,,,,,,,,,anaerobic,300
6:2 FtTAoS,,CC(C(=O)O)NC(=O)CCS(=O)CCC(C(C(C(C(C(F)(F)F)(F)F)(F)F)(F)F)(F)F)(F)F,,C(CS(=O)CCC(C(C(C(C(C(F)(F)F)(F)F)(F)F)(F)F)(F)F)(F)F)C(=O)O,20,,30,biotransformation,,,,,,,,,,anaerobic,300
6:2 FtTAoS,,CC(C)(CS(=O)(=O)O)NC(=O)CCSCCC(C(C(C(C(C(F)(F)F)(F)F)(F)F)(F)F)(F)F)(F)F,,CC(C)(CS(=O)(=O)O)NC(=O)CCS(=O)CCC(C(C(C(C(C(F)(F)F)(F)F)(F)F)(F)F)(F)F)(F)F,20,,30,biotransformation,,,,,,,,,,anaerobic,300
6:2 FtTAoS,,CC(C(=O)O)NC(=O)CCS(=O)CCC(C(C(C(C(C(F)(F)F)(F)F)(F)F)(F)F)(F)F)(F)F,,C(CS(=O)O)C(C(C(C(C(C(F)(F)F)(F)F)(F)F)(F)F)(F)F)(F)F,20,,30,biotransformation,,,,,,,,,,anaerobic,300
6:2 FtTAoS,,CC(C(=O)O)NC(=O)CCSCCC(C(C(C(C(C(F)(F)F)(F)F)(F)F)(F)F)(F)F)(F)F,,CC(C(=O)NC(C)C(=O)O)NC(=O)CCSCCC(C(C(C(C(C(F)(F)F)(F)F)(F)F)(F)F)(F)F)(F)F,20,,30,biotransformation,,,,,,,,,,anaerobic,300
6:2 FtTAoS,,CC(C)(CS(=O)(=O)O)NC(=O)CCSCCC(C(C(C(C(C(F)(F)F)(F)F)(F)F)(F)F)(F)F)(F)F,,C(CS)C(C(C(C(C(C(F)(F)F)(F)F)(F)F)(F)F)(F)F)(F)F,20,,30,biotransformation,,,,,,,,,,anaerobic,300
6:2 FtTAoS,,CC(C)(CS(=O)(=O)O)NC(=O)CCS(=O)CCC(C(C(C(C(C(F)(F)F)(F)F)(F)F)(F)F)(F)F)(F)F,,CC(C)(CS(=O)(=O)O)NC(=O)CCS(=O)(=O)CCC(C(C(C(C(C(F)(F)F)(F)F)(F)F)(F)F)(F)F)(F)F,20,,30,biotransformation,,,,,,,,,,anaerobic,300
6:2 FtTAoS,,C(=C(\C(C(C(C(C(F)(F)F)(F)F)(F)F)(F)F)(F)F)/F)/C(=O)O,,C(CC(C(C(C(C(F)(F)F)(F)F)(F)F)(F)F)(F)F)C(=O)O,26,7.4,30,,,,,,,,,,,aerobic,60
6:2 FtTAoS,,C(=C(\C(C(C(C(C(F)(F)F)(F)F)(F)F)(F)F)(F)F)/F)/C(=O)O,,C(=O)(C(C(C(C(F)(F)F)(F)F)(F)F)(F)F)O,26,7.4,30,,,,,,,,,,,aerobic,60
6:2 FtTAoS,,CC(C)(CS(=O)(=O)O)NC(=O)CCS(=O)(=O)CCC(C(C(C(C(C(F)(F)F)(F)F)(F)F)(F)F)(F)F)(F)F,,C(CS(=O)(=O)O)C(C(C(C(C(C(F)(F)F)(F)F)(F)F)(F)F)(F)F)(F)F,26,7.4,30,,,,,,,,,,,aerobic,60
6:2 FtTAoS,,C(=C(\C(C(C(C(C(F)(F)F)(F)F)(F)F)(F)F)(F)F)/F)/C(=O)O,,C(=O)(C(C(C(C(C(F)(F)F)(F)F)(F)F)(F)F)(F)F)O,26,7.4,30,,,,,,,,,,,aerobic,60
6:2 FtTAoS,,CC(C)(CS(=O)(=O)O)NC(=O)CCSCCC(C(C(C(C(C(F)(F)F)(F)F)(F)F)(F)F)(F)F)(F)F,,CC(C)(CS(=O)(=O)O)NC(=O)CCS(=O)CCC(C(C(C(C(C(F)(F)F)(F)F)(F)F)(F)F)(F)F)(F)F,26,7.4,30,,,,,,,,,,,aerobic,60
6:2 FtTAoS,,CC(C)(CS(=O)(=O)O)NC(=O)CCS(=O)CCC(C(C(C(C(C(F)(F)F)(F)F)(F)F)(F)F)(F)F)(F)F,,CC(C)(CS(=O)(=O)O)NC(=O)CCS(=O)(=O)CCC(C(C(C(C(C(F)(F)F)(F)F)(F)F)(F)F)(F)F)(F)F,26,7.4,30,,,,,,,,,,,aerobic,60
6:2 FtTAoS,,C(CS(=O)(=O)O)C(C(C(C(C(C(F)(F)F)(F)F)(F)F)(F)F)(F)F)(F)F,,C(=C(\C(C(C(C(C(F)(F)F)(F)F)(F)F)(F)F)(F)F)/F)/C(=O)O,26,7.4,30,,,,,,,,,,,aerobic,60
6:2 FtTAoS,,C(=C(\C(C(C(C(C(F)(F)F)(F)F)(F)F)(F)F)(F)F)/F)/C(=O)O,,C(=O)(C(C(C(F)(F)F)(F)F)(F)F)O,26,7.4,30,,,,,,,,,,,aerobic,60
6:2 FtTAoS,,CC(C)(CS(=O)(=O)O)NC(=O)CCSCCC(C(C(C(C(C(F)(F)F)(F)F)(F)F)(F)F)(F)F)(F)F,,CC(C(=O)O)NC(=O)CCSCCC(C(C(C(C(C(F)(F)F)(F)F)(F)F)(F)F)(F)F)(F)F,,5.54,25,biotransformation,,,11.8,0.48,1.29,11.7,,,,aerobic,150
6:2 FtTAoS,,CC(C(=O)O)NC(=O)CCS(=O)(=O)CCC(C(C(C(C(C(F)(F)F)(F)F)(F)F)(F)F)(F)F)(F)F,,C(CS(=O)(=O)CCC(C(C(C(C(C(F)(F)F)(F)F)(F)F)(F)F)(F)F)(F)F)C(=O)O,,5.54,25,biotransformation,,,11.8,0.48,1.29,11.7,,,,aerobic,150
6:2 FtTAoS,,C(CSCCC(C(C(C(C(C(F)(F)F)(F)F)(F)F)(F)F)(F)F)(F)F)C(=O)O,,C(CS(=O)CCC(C(C(C(C(C(F)(F)F)(F)F)(F)F)(F)F)(F)F)(F)F)C(=O)O,,5.54,25,biotransformation,,,11.8,0.48,1.29,11.7,,,,aerobic,150
6:2 FtTAoS,,CC(C(=O)O)NC(=O)CCS(=O)CCC(C(C(C(C(C(F)(F)F)(F)F)(F)F)(F)F)(F)F)(F)F,,C(CS(=O)CCC(C(C(C(C(C(F)(F)F)(F)F)(F)F)(F)F)(F)F)(F)F)C(=O)O,,5.54,25,biotransformation,,,11.8,0.48,1.29,11.7,,,,aerobic,150
6:2 FtTAoS,,CC(C(=O)O)NC(=O)CCS(=O)CCC(C(C(C(C(C(F)(F)F)(F)F)(F)F)(F)F)(F)F)(F)F,,CC(C(=O)O)NC(=O)CCS(=O)(=O)CCC(C(C(C(C(C(F)(F)F)(F)F)(F)F)(F)F)(F)F)(F)F,,5.54,25,biotransformation,,,11.8,0.48,1.29,11.7,,,,aerobic,150
6:2 FtTAoS,,C(CS(=O)CCC(C(C(C(C(C(F)(F)F)(F)F)(F)F)(F)F)(F)F)(F)F)C(=O)O,,C(CS(=O)(=O)CCC(C(C(C(C(C(F)(F)F)(F)F)(F)F)(F)F)(F)F)(F)F)C(=O)O,,5.54,25,biotransformation,,,11.8,0.48,1.29,11.7,,,,aerobic,150
6:2 FtTAoS,,CC(C)(CS(=O)(=O)O)NC(=O)CCS(=O)(=O)CCC(C(C(C(C(C(F)(F)F)(F)F)(F)F)(F)F)(F)F)(F)F,,C(CS(=O)(=O)CCC(C(C(C(C(C(F)(F)F)(F)F)(F)F)(F)F)(F)F)(F)F)C(=O)O,,5.54,25,biotransformation,,,11.8,0.48,1.29,11.7,,,,aerobic,150
6:2 FtTAoS,,CC(C(=O)O)NC(=O)CCSCCC(C(C(C(C(C(F)(F)F)(F)F)(F)F)(F)F)(F)F)(F)F,,CC(C(=O)O)NC(=O)CCS(=O)CCC(C(C(C(C(C(F)(F)F)(F)F)(F)F)(F)F)(F)F)(F)F,,5.54,25,biotransformation,,,11.8,0.48,1.29,11.7,,,,aerobic,150
6:2 FtTAoS,,CC(C(=O)O)NC(=O)CCS(=O)CCC(C(C(C(C(C(F)(F)F)(F)F)(F)F)(F)F)(F)F)(F)F,,C(CS(=O)O)C(C(C(C(C(C(F)(F)F)(F)F)(F)F)(F)F)(F)F)(F)F,,5.54,25,biotransformation,,,11.8,0.48,1.29,11.7,,,,aerobic,150
6:2 FtTAoS,,CC(C)(CS(=O)(=O)O)NC(=O)CCSCCC(C(C(C(C(C(F)(F)F)(F)F)(F)F)(F)F)(F)F)(F)F,,CC(C)(CS(=O)(=O)O)NC(=O)CCS(=O)CCC(C(C(C(C(C(F)(F)F)(F)F)(F)F)(F)F)(F)F)(F)F,,5.54,25,biotransformation,,,11.8,0.48,1.29,11.7,,,,aerobic,150
6:2 FtTAoS,,CC(C)(CS(=O)(=O)O)NC(=O)CCS(=O)CCC(C(C(C(C(C(F)(F)F)(F)F)(F)F)(F)F)(F)F)(F)F,,C(CS(=O)CCC(C(C(C(C(C(F)(F)F)(F)F)(F)F)(F)F)(F)F)(F)F)C(=O)O,,5.54,25,biotransformation,,,11.8,0.48,1.29,11.7,,,,aerobic,150
6:2 FtTAoS,,CC(C)(CS(=O)(=O)O)NC(=O)CCSCCC(C(C(C(C(C(F)(F)F)(F)F)(F)F)(F)F)(F)F)(F)F,,C(CSCCC(C(C(C(C(C(F)(F)F)(F)F)(F)F)(F)F)(F)F)(F)F)C(=O)O,,5.54,25,biotransformation,,,11.8,0.48,1.29,11.7,,,,aerobic,150
6:2 FtTAoS,,CC(C)(CS(=O)(=O)O)NC(=O)CCS(=O)CCC(C(C(C(C(C(F)(F)F)(F)F)(F)F)(F)F)(F)F)(F)F,,CC(C)(CS(=O)(=O)O)NC(=O)CCS(=O)(=O)CCC(C(C(C(C(C(F)(F)F)(F)F)(F)F)(F)F)(F)F)(F)F,,5.54,25,biotransformation,,,11.8,0.48,1.29,11.7,,,,aerobic,150
6:2 FtTAoS,,CC(C(=O)O)NC(=O)CCS(=O)(=O)CCC(C(C(C(C(C(F)(F)F)(F)F)(F)F)(F)F)(F)F)(F)F,,C(CS(=O)(=O)O)C(C(C(C(C(C(F)(F)F)(F)F)(F)F)(F)F)(F)F)(F)F,,5.54,25,biotransformation,,,11.8,0.48,1.29,11.7,,,,aerobic,150
6:2 FtTAoS,,CC(C)(CS(=O)(=O)[O-])NC(=O)CCSCCC(C(C(C(C(C(F)(F)F)(F)F)(F)F)(F)F)(F)F)(F)F,,C(CSCCC(C(C(C(C(C(F)(F)F)(F)F)(F)F)(F)F)(F)F)(F)F)C(=O)[O-],20,,30,biotransformation,,,,,,,,,,anaerobic,282
6:2 FtTAoS,,CC(C)(CS(=O)(=O)[O-])NC(=O)CCSCCC(C(C(C(C(C(F)(F)F)(F)F)(F)F)(F)F)(F)F)(F)F,,CC(C(=O)[O-])NC(=O)CCSCCC(C(C(C(C(C(F)(F)F)(F)F)(F)F)(F)F)(F)F)(F)F,20,,30,biotransformation,,,,,,,,,,anaerobic,282
6:2 FtTAoS,,CC(C)(CS(=O)(=O)[O-])NC(=O)CCSCCC(C(C(C(C(C(F)(F)F)(F)F)(F)F)(F)F)(F)F)(F)F,,CC(C(=O)[O-])OC(=O)CCSCCC(C(C(C(C(C(F)(F)F)(F)F)(F)F)(F)F)(F)F)(F)F,20,,30,biotransformation,,,,,,,,,,anaerobic,282
6:2 diPAP,,C(CC(C(C(C(C(F)(F)F)(F)F)(F)F)(F)F)(F)F)C(=O)O,,C(=O)(C(C(C(C(F)(F)F)(F)F)(F)F)(F)F)O,0.00186,7,30,biotransformation,,,,,,,,,,,92
6:2 diPAP,,C(=C(\C(C(C(C(C(F)(F)F)(F)F)(F)F)(F)F)(F)F)/F)/C(=O)O,,C(=O)(C(C(C(C(C(F)(F)F)(F)F)(F)F)(F)F)(F)F)O,0.00186,7,30,biotransformation,,,,,,,,,,,92
6:2 diPAP,,C(C(=O)O)C(C(C(C(C(C(F)(F)F)(F)F)(F)F)(F)F)(F)F)(F)F,,C(=O)(C(C(C(C(C(C(F)(F)F)(F)F)(F)F)(F)F)(F)F)(F)F)O,0.00186,7,30,biotransformation,,,,,,,,,,,92
6:2 diPAP,,C(CO)C(C(C(C(C(C(F)(F)F)(F)F)(F)F)(F)F)(F)F)(F)F,,C(C(=O)O)C(C(C(C(C(C(F)(F)F)(F)F)(F)F)(F)F)(F)F)(F)F,0.00186,7,30,biotransformation,,,,,,,,,,,92
6:2 diPAP,,CC(C(C(C(C(C(F)(F)F)(F)F)(F)F)(F)F)(F)F)O,,C(=O)(C(C(C(C(F)(F)F)(F)F)(F)F)(F)F)O,0.00186,7,30,biotransformation,,,,,,,,,,,92
6:2 diPAP,,C(C(=O)O)C(C(C(C(C(C(F)(F)F)(F)F)(F)F)(F)F)(F)F)(F)F,,C(=C(\C(C(C(C(C(F)(F)F)(F)F)(F)F)(F)F)(F)F)/F)/C(=O)O,0.00186,7,30,biotransformation,,,,,,,,,,,92
6:2 diPAP,,C(=C(\C(C(C(C(C(F)(F)F)(F)F)(F)F)(F)F)(F)F)/F)/C(=O)O,,C(CC(C(C(C(C(F)(F)F)(F)F)(F)F)(F)F)(F)F)C(=O)O,0.00186,7,30,biotransformation,,,,,,,,,,,92
6:2 diPAP,,CC(=O)C(C(C(C(C(F)(F)F)(F)F)(F)F)(F)F)(F)F,,CC(C(C(C(C(C(F)(F)F)(F)F)(F)F)(F)F)(F)F)O,0.00186,7,30,biotransformation,,,,,,,,,,,92
6:2 diPAP,,C(COP(=O)(O)O)C(C(C(C(C(C(F)(F)F)(F)F)(F)F)(F)F)(F)F)(F)F,,C(CO)C(C(C(C(C(C(F)(F)F)(F)F)(F)F)(F)F)(F)F)(F)F,0.00186,7,30,biotransformation,,,,,,,,,,,92
6:2 diPAP,,C(=C(\C(C(C(C(C(F)(F)F)(F)F)(F)F)(F)F)(F)F)/F)/C(=O)O,,CC(=O)C(C(C(C(C(F)(F)F)(F)F)(F)F)(F)F)(F)F,0.00186,7,30,biotransformation,,,,,,,,,,,92
6:2 diPAP,,C(COP(=O)(O)OCCC(C(C(C(C(C(F)(F)F)(F)F)(F)F)(F)F)(F)F)(F)F)C(C(C(C(C(C(F)(F)F)(F)F)(F)F)(F)F)(F)F)(F)F,,C(COP(=O)(O)O)C(C(C(C(C(C(F)(F)F)(F)F)(F)F)(F)F)(F)F)(F)F,0.00186,7,30,biotransformation,,,,,,,,,,,92
7:3 FTCA,,C(C(=O)[O-])(C(C(C(C(C(C(F)(F)F)(F)F)(F)F)(F)F)(F)F)(F)F)O,,C(=O)C(C(C(C(C(C(F)(F)F)(F)F)(F)F)(F)F)(F)F)(F)F,1.21,,30,biotransformation,,,,,,,,,,,60
7:3 FTCA,,C(CC(C(C(C(C(C(C(F)(F)F)(F)F)(F)F)(F)F)(F)F)(F)F)(F)F)C(=O)[O-],,C(C(C(=O)[O-])O)C(C(C(C(C(C(C(F)(F)F)(F)F)(F)F)(F)F)(F)F)(F)F)(F)F,1.21,,30,biotransformation,,,,,,,,,,,60
7:3 FTCA,,C(C=O)C(C(C(C(C(C(C(F)(F)F)(F)F)(F)F)(F)F)(F)F)(F)F)(F)F,,C(C(=O)[O-])C(C(C(C(C(C(C(F)(F)F)(F)F)(F)F)(F)F)(F)F)(F)F)(F)F,1.21,,30,biotransformation,,,,,,,,,,,60
7:3 FTCA,,C(C(=O)[O-])C(C(C(C(C(C(C(F)(F)F)(F)F)(F)F)(F)F)(F)F)(F)F)(F)F,,C(=C(\C(C(C(C(C(C(F)(F)F)(F)F)(F)F)(F)F)(F)F)(F)F)/F)/C(=O)[O-],1.21,,30,biotransformation,,,,,,,,,,,60
7:3 FTCA,,C(C(=O)[O-])C(C(C(C(C(C(F)(F)F)(F)F)(F)F)(F)F)(F)F)(F)F,,C(C(=O)[O-])(C(C(C(C(C(C(F)(F)F)(F)F)(F)F)(F)F)(F)F)(F)F)O,1.21,,30,biotransformation,,,,,,,,,,,60
7:3 FTCA,,C(=C(/C(C(C(C(C(F)(F)F)(F)F)(F)F)(F)F)(F)F)\F)/C(=O)[O-],,C(=C\C(C(C(C(C(F)(F)F)(F)F)(F)F)(F)F)(F)F)/C(=O)[O-],1.21,,30,biotransformation,,,,,,,,,,,60
7:3 FTCA,,C(C(C(C(C(C(C(F)(F)F)(F)F)(F)F)(F)F)(F)F)O)C(=O)[O-],,C(C(=O)C(C(C(C(C(F)(F)F)(F)F)(F)F)(F)F)(F)F)C(=O)[O-],1.21,,30,biotransformation,,,,,,,,,,,60
7:3 FTCA,,C(=C(\C(C(C(C(C(C(F)(F)F)(F)F)(F)F)(F)F)(F)F)(F)F)/F)/C(=O)[O-],,C(=C\C(C(C(C(C(C(F)(F)F)(F)F)(F)F)(F)F)(F)F)(F)F)/C(=O)[O-],1.21,,30,biotransformation,,,,,,,,,,,60
7:3 FTCA,,C(C(=O)[O-])C(C(C(C(C(C(F)(F)F)(F)F)(F)F)(F)F)(F)F)(F)F,,C(=C(/C(C(C(C(C(F)(F)F)(F)F)(F)F)(F)F)(F)F)\F)/C(=O)[O-],1.21,,30,biotransformation,,,,,,,,,,,60
7:3 FTCA,,C(C(=O)C(C(C(C(C(C(C(F)(F)F)(F)F)(F)F)(F)F)(F)F)(F)F)(F)F)C(=O)[O-],,C(=O)(C(C(C(C(C(C(C(F)(F)F)(F)F)(F)F)(F)F)(F)F)(F)F)(F)F)[O-],1.21,,30,biotransformation,,,,,,,,,,,60
7:3 FTCA,,C(=C\C(C(C(C(C(F)(F)F)(F)F)(F)F)(F)F)(F)F)/C(=O)[O-],,C(C(C(C(C(C(C(F)(F)F)(F)F)(F)F)(F)F)(F)F)O)C(=O)[O-],1.21,,30,biotransformation,,,,,,,,,,,60
7:3 FTCA,,C(C(C(=O)[O-])O)C(C(C(C(C(C(F)(F)F)(F)F)(F)F)(F)F)(F)F)(F)F,,C(C(=O)C(C(C(C(C(C(F)(F)F)(F)F)(F)F)(F)F)(F)F)(F)F)C(=O)[O-],1.21,,30,biotransformation,,,,,,,,,,,60
7:3 FTCA,,C(C(=O)C(C(C(C(C(F)(F)F)(F)F)(F)F)(F)F)(F)F)C(=O)[O-],,C(=O)(C(C(C(C(C(F)(F)F)(F)F)(F)F)(F)F)(F)F)[O-],1.21,,30,biotransformation,,,,,,,,,,,60
7:3 FTCA,,C(=O)C(C(C(C(C(C(F)(F)F)(F)F)(F)F)(F)F)(F)F)(F)F,,C(=O)(C(C(C(C(C(C(F)(F)F)(F)F)(F)F)(F)F)(F)F)(F)F)[O-],1.21,,30,biotransformation,,,,,,,,,,,60
7:3 FTCA,,C(C(=O)[O-])C(C(C(C(C(C(C(F)(F)F)(F)F)(F)F)(F)F)(F)F)(F)F)(F)F,,C(C(=O)[O-])(C(C(C(C(C(C(C(F)(F)F)(F)F)(F)F)(F)F)(F)F)(F)F)(F)F)O,1.21,,30,biotransformation,,,,,,,,,,,60
7:3 FTCA,,C(C(=O)[O-])(C(C(C(C(C(C(C(F)(F)F)(F)F)(F)F)(F)F)(F)F)(F)F)(F)F)O,,C(=O)C(C(C(C(C(C(C(F)(F)F)(F)F)(F)F)(F)F)(F)F)(F)F)(F)F,1.21,,30,biotransformation,,,,,,,,,,,60
7:3 FTCA,,C(C(C(=O)[O-])O)C(C(C(C(C(C(C(F)(F)F)(F)F)(F)F)(F)F)(F)F)(F)F)(F)F,,C(C=O)C(C(C(C(C(C(C(F)(F)F)(F)F)(F)F)(F)F)(F)F)(F)F)(F)F,1.21,,30,biotransformation,,,,,,,,,,,60
7:3 FTCA,,C(=C\C(C(C(C(C(C(F)(F)F)(F)F)(F)F)(F)F)(F)F)(F)F)/C(=O)[O-],,C(C(C(=O)[O-])O)C(C(C(C(C(C(F)(F)F)(F)F)(F)F)(F)F)(F)F)(F)F,1.21,,30,biotransformation,,,,,,,,,,,60
7:3 FTCA,,C(=C\C(C(C(C(C(F)(F)F)(F)F)(F)F)(F)F)(F)F)/C(=O)[O-],,C(CC(C(C(C(C(F)(F)F)(F)F)(F)F)(F)F)(F)F)C(=O)[O-],1.21,,30,biotransformation,,,,,,,,,,,60
7:3 FTCA,,C(=C\C(C(C(C(C(C(C(F)(F)F)(F)F)(F)F)(F)F)(F)F)(F)F)(F)F)/C(=O)[O-],,C(C(C(=O)[O-])O)C(C(C(C(C(C(C(F)(F)F)(F)F)(F)F)(F)F)(F)F)(F)F)(F)F,1.21,,30,biotransformation,,,,,,,,,,,60
7:3 FTCA,,C(C(C(=O)[O-])O)C(C(C(C(C(C(C(F)(F)F)(F)F)(F)F)(F)F)(F)F)(F)F)(F)F,,C(C(=O)C(C(C(C(C(C(C(F)(F)F)(F)F)(F)F)(F)F)(F)F)(F)F)(F)F)C(=O)[O-],1.21,,30,biotransformation,,,,,,,,,,,60
7:3 FTCA,,C(CC(C(C(C(C(C(F)(F)F)(F)F)(F)F)(F)F)(F)F)(F)F)C(=O)[O-],,C(=C\C(C(C(C(C(C(F)(F)F)(F)F)(F)F)(F)F)(F)F)(F)F)/C(=O)[O-],1.21,,30,biotransformation,,,,,,,,,,,60
7:3 FTCA,,C(CC(C(C(C(C(C(F)(F)F)(F)F)(F)F)(F)F)(F)F)(F)F)C(=O)[O-],,C(C(C(=O)[O-])O)C(C(C(C(C(C(F)(F)F)(F)F)(F)F)(F)F)(F)F)(F)F,1.21,,30,biotransformation,,,,,,,,,,,60
7:3 FTCA,,C(=C\C(C(C(C(C(C(F)(F)F)(F)F)(F)F)(F)F)(F)F)(F)F)/C(=O)[O-],,C(CC(C(C(C(C(C(F)(F)F)(F)F)(F)F)(F)F)(F)F)(F)F)C(=O)[O-],1.21,,30,biotransformation,,,,,,,,,,,60
7:3 FTCA,,C(C(C(=O)[O-])O)C(C(C(C(C(C(F)(F)F)(F)F)(F)F)(F)F)(F)F)(F)F,,C(C=O)C(C(C(C(C(C(F)(F)F)(F)F)(F)F)(F)F)(F)F)(F)F,1.21,,30,biotransformation,,,,,,,,,,,60
7:3 FTCA,,C(CC(C(C(C(C(C(C(F)(F)F)(F)F)(F)F)(F)F)(F)F)(F)F)(F)F)C(=O)[O-],,C(=C\C(C(C(C(C(C(C(F)(F)F)(F)F)(F)F)(F)F)(F)F)(F)F)(F)F)/C(=O)[O-],1.21,,30,biotransformation,,,,,,,,,,,60
7:3 FTCA,,C(=O)C(C(C(C(C(C(C(F)(F)F)(F)F)(F)F)(F)F)(F)F)(F)F)(F)F,,C(=O)(C(C(C(C(C(C(C(F)(F)F)(F)F)(F)F)(F)F)(F)F)(F)F)(F)F)[O-],1.21,,30,biotransformation,,,,,,,,,,,60
7:3 FTCA,,C(CC(C(C(C(C(F)(F)F)(F)F)(F)F)(F)F)(F)F)C(=O)[O-],,C(=C\C(C(C(C(C(F)(F)F)(F)F)(F)F)(F)F)(F)F)/C(=O)[O-],1.21,,30,biotransformation,,,,,,,,,,,60
7:3 FTCA,,C(C(=O)C(C(C(C(C(C(F)(F)F)(F)F)(F)F)(F)F)(F)F)(F)F)C(=O)[O-],,C(=O)(C(C(C(C(C(C(F)(F)F)(F)F)(F)F)(F)F)(F)F)(F)F)[O-],1.21,,30,biotransformation,,,,,,,,,,,60
7:3 FTCA,,C(C=O)C(C(C(C(C(C(F)(F)F)(F)F)(F)F)(F)F)(F)F)(F)F,,C(C(=O)[O-])C(C(C(C(C(C(F)(F)F)(F)F)(F)F)(F)F)(F)F)(F)F,1.21,,30,biotransformation,,,,,,,,,,,60
8:2 FT Stearate,,CCCCCCCCCCCCCCCCCC(=O)OCCC(C(C(C(C(C(C(C(F)(F)F)(F)F)(F)F)(F)F)(F)F)(F)F)(F)F)(F)F,,C(CO)C(C(C(C(C(C(C(C(F)(F)F)(F)F)(F)F)(F)F)(F)F)(F)F)(F)F)(F)F,0.0004,6.5,22,biotransformation,,2.7,,,,,25.6,,,aerobic,80
8:2 FTAC,,C=CC(=O)OCCC(C(C(C(C(C(C(C(F)(F)F)(F)F)(F)F)(F)F)(F)F)(F)F)(F)F)(F)F,,C(CO)C(C(C(C(C(C(C(C(F)(F)F)(F)F)(F)F)(F)F)(F)F)(F)F)(F)F)(F)F,0.000161,5.4,22,biotransformation,,5.3,10.4,,,,32,,,aerobic,105
8:2 FTMAC,,C=C(C)C(=O)OCCC(C(C(C(C(C(C(C(F)(F)F)(F)F)(F)F)(F)F)(F)F)(F)F)(F)F)(F)F,,C(CO)C(C(C(C(C(C(C(C(F)(F)F)(F)F)(F)F)(F)F)(F)F)(F)F)(F)F)(F)F,0.000174,5.4,22,biotransformation,,5.3,10.4,,,,32,,,aerobic,105
8:2 FTOH,,C(=C(\C(C(C(C(C(C(C(F)(F)F)(F)F)(F)F)(F)F)(F)F)(F)F)(F)F)/F)/C(=O)O,,C(=C\C(C(C(C(C(C(C(F)(F)F)(F)F)(F)F)(F)F)(F)F)(F)F)(F)F)/C(=O)O,,7.51,30,biotransformation,,,,,,,,,,anaerobic,90
8:2 FTOH,,C(=C(\C(C(C(C(C(C(C(F)(F)F)(F)F)(F)F)(F)F)(F)F)(F)F)(F)F)/F)/C(=O)O,,C(C(C(C(C(C(C(C(C(F)(F)F)(F)F)(F)F)(F)F)(F)F)(F)F)(F)F)F)C(=O)O,,7.51,30,biotransformation,,,,,,,,,,anaerobic,90
8:2 FTOH,,C(C(C(C(C(C(C(C(C(F)(F)F)(F)F)(F)F)(F)F)(F)F)(F)F)(F)F)F)C(=O)O,,C(=C(\C(C(C(C(C(C(C(F)(F)F)(F)F)(F)F)(F)F)(F)F)(F)F)(F)F)/F)/C(=O)O,,7.51,30,biotransformation,,,,,,,,,,anaerobic,90
8:2 FTOH,,C(C=O)C(C(C(C(C(C(C(C(F)(F)F)(F)F)(F)F)(F)F)(F)F)(F)F)(F)F)(F)F,,C(C(=O)O)C(C(C(C(C(C(C(C(F)(F)F)(F)F)(F)F)(F)F)(F)F)(F)F)(F)F)(F)F,,7.51,30,biotransformation,,,,,,,,,,anaerobic,90
8:2 FTOH,,C(C(C(C(C(C(C(C(C(F)(F)F)(F)F)(F)F)(F)F)(F)F)(F)F)(F)F)F)C(=O)O,,C(=C\C(C(C(C(C(C(C(F)(F)F)(F)F)(F)F)(F)F)(F)F)(F)F)(F)F)/C(=O)O,,7.51,30,biotransformation,,,,,,,,,,anaerobic,90
8:2 FTOH,,C(CC(C(C(C(C(C(C(F)(F)F)(F)F)(F)F)(F)F)(F)F)(F)F)(F)F)C(=O)O,,CC(C(C(C(C(C(C(C(F)(F)F)(F)F)(F)F)(F)F)(F)F)(F)F)(F)F)O,,7.51,30,biotransformation,,,,,,,,,,anaerobic,90
8:2 FTOH,,C(=C\C(C(C(C(C(C(C(F)(F)F)(F)F)(F)F)(F)F)(F)F)(F)F)(F)F)/C(=O)O,,C(CC(C(C(C(C(C(C(F)(F)F)(F)F)(F)F)(F)F)(F)F)(F)F)(F)F)C(=O)O,,7.51,30,biotransformation,,,,,,,,,,anaerobic,90
8:2 FTOH,,C(CO)C(C(C(C(C(C(C(C(F)(F)F)(F)F)(F)F)(F)F)(F)F)(F)F)(F)F)(F)F,,C(C=O)C(C(C(C(C(C(C(C(F)(F)F)(F)F)(F)F)(F)F)(F)F)(F)F)(F)F)(F)F,,7.51,30,biotransformation,,,,,,,,,,anaerobic,90
8:2 FTOH,,CC(C(C(C(C(C(C(C(F)(F)F)(F)F)(F)F)(F)F)(F)F)(F)F)(F)F)O,,C(=O)(C(C(C(C(C(C(C(F)(F)F)(F)F)(F)F)(F)F)(F)F)(F)F)(F)F)O,,7.51,30,biotransformation,,,,,,,,,,anaerobic,90
8:2 FTOH,,C(C(=O)O)C(C(C(C(C(C(C(C(F)(F)F)(F)F)(F)F)(F)F)(F)F)(F)F)(F)F)(F)F,,C(=C(\C(C(C(C(C(C(C(F)(F)F)(F)F)(F)F)(F)F)(F)F)(F)F)(F)F)/F)/C(=O)O,,7.51,30,biotransformation,,,,,,,,,,anaerobic,90
8:2 FTOH,,CC(C(C(C(C(C(C(C(F)(F)F)(F)F)(F)F)(F)F)(F)F)(F)F)(F)F)O,,C(=O)(C(C(C(C(C(F)(F)F)(F)F)(F)F)(F)F)(F)F)O,0.00188,7.9,20,biotransformation,,,,,,,,,,aerobic,90
8:2 FTOH,,C(=CC(C(C(C(C(C(C(F)(F)F)(F)F)(F)F)(F)F)(F)F)(F)F)(F)F)C(=O)O,,C(CC(C(C(C(C(C(C(F)(F)F)(F)F)(F)F)(F)F)(F)F)(F)F)(F)F)C(=O)O,0.00188,7.9,20,biotransformation,,,,,,,,,,aerobic,90
8:2 FTOH,,C(=CC(C(C(C(C(C(C(F)(F)F)(F)F)(F)F)(F)F)(F)F)(F)F)(F)F)C(=O)O,,C(C(C(C(C(C(C(C(C(F)(F)F)(F)F)(F)F)(F)F)(F)F)(F)F)(F)F)O)C(=O)O,0.00188,7.9,20,biotransformation,,,,,,,,,,aerobic,90
8:2 FTOH,,C(CO)C(C(C(C(C(C(C(C(F)(F)F)(F)F)(F)F)(F)F)(F)F)(F)F)(F)F)(F)F,,C(C=O)C(C(C(C(C(C(C(C(F)(F)F)(F)F)(F)F)(F)F)(F)F)(F)F)(F)F)(F)F,0.00188,7.9,20,biotransformation,,,,,,,,,,aerobic,90
8:2 FTOH,,C(CC(C(C(C(C(C(C(F)(F)F)(F)F)(F)F)(F)F)(F)F)(F)F)(F)F)C(=O)O,,C(=CC(C(C(C(C(C(C(F)(F)F)(F)F)(F)F)(F)F)(F)F)(F)F)(F)F)C(=O)O,0.00188,7.9,20,biotransformation,,,,,,,,,,aerobic,90
8:2 FTOH,,C(=C(C(C(C(C(C(C(C(F)(F)F)(F)F)(F)F)(F)F)(F)F)(F)F)(F)F)F)C(=O)O,,C(=CC(C(C(C(C(C(C(F)(F)F)(F)F)(F)F)(F)F)(F)F)(F)F)(F)F)C(=O)O,0.00188,7.9,20,biotransformation,,,,,,,,,,aerobic,90
8:2 FTOH,,C(=C(C(C(C(C(C(C(C(F)(F)F)(F)F)(F)F)(F)F)(F)F)(F)F)(F)F)F)C(=O)O,,CC(=O)C(C(C(C(C(C(C(F)(F)F)(F)F)(F)F)(F)F)(F)F)(F)F)(F)F,0.00188,7.9,20,biotransformation,,,,,,,,,,aerobic,90
8:2 FTOH,,CC(=O)C(C(C(C(C(C(C(F)(F)F)(F)F)(F)F)(F)F)(F)F)(F)F)(F)F,,CC(C(C(C(C(C(C(C(F)(F)F)(F)F)(F)F)(F)F)(F)F)(F)F)(F)F)O,0.00188,7.9,20,biotransformation,,,,,,,,,,aerobic,90
8:2 FTOH,,C(C(C(C(C(C(C(C(C(F)(F)F)(F)F)(F)F)(F)F)(F)F)(F)F)(F)F)O)C(=O)O,,C(=O)(C(C(C(C(C(F)(F)F)(F)F)(F)F)(F)F)(F)F)O,0.00188,7.9,20,biotransformation,,,,,,,,,,aerobic,90
8:2 FTOH,,C(C(C(C(C(C(C(C(C(F)(F)F)(F)F)(F)F)(F)F)(F)F)(F)F)(F)F)O)C(=O)O,,C(=O)(C(C(C(C(F)(F)F)(F)F)(F)F)(F)F)O,0.00188,7.9,20,biotransformation,,,,,,,,,,aerobic,90
8:2 FTOH,,CC(C(C(C(C(C(C(C(F)(F)F)(F)F)(F)F)(F)F)(F)F)(F)F)(F)F)O,,C(=O)(C(C(C(C(C(C(F)(F)F)(F)F)(F)F)(F)F)(F)F)(F)F)O,0.00188,7.9,20,biotransformation,,,,,,,,,,aerobic,90
8:2 FTOH,,CC(C(C(C(C(C(C(C(F)(F)F)(F)F)(F)F)(F)F)(F)F)(F)F)(F)F)O,,C(=O)(C(C(C(C(C(C(C(F)(F)F)(F)F)(F)F)(F)F)(F)F)(F)F)(F)F)O,0.00188,7.9,20,biotransformation,,,,,,,,,,aerobic,90
8:2 FTOH,,C(C=O)C(C(C(C(C(C(C(C(F)(F)F)(F)F)(F)F)(F)F)(F)F)(F)F)(F)F)(F)F,,C(C(=O)O)C(C(C(C(C(C(C(C(F)(F)F)(F)F)(F)F)(F)F)(F)F)(F)F)(F)F)(F)F,0.00188,7.9,20,biotransformation,,,,,,,,,,aerobic,90
8:2 FTOH,,C(C(=O)O)C(C(C(C(C(C(C(C(F)(F)F)(F)F)(F)F)(F)F)(F)F)(F)F)(F)F)(F)F,,C(=C(C(C(C(C(C(C(C(F)(F)F)(F)F)(F)F)(F)F)(F)F)(F)F)(F)F)F)C(=O)O,0.00188,7.9,20,biotransformation,,,,,,,,,,aerobic,90
8:2 FTOH,,C(CC(C(C(C(C(C(C(F)(F)F)(F)F)(F)F)(F)F)(F)F)(F)F)(F)F)C(=O)O,,C(C(C(C(C(C(C(F)(F)F)(F)F)(F)F)(F)F)(F)F)(F)F)(F)F,3.66,5.23,25,biotransformation,,3.5,18.74,,,,24.1,,,aerobic,90
8:2 FTOH,,C(CO)C(C(C(C(C(C(C(C(F)(F)F)(F)F)(F)F)(F)F)(F)F)(F)F)(F)F)(F)F,,C(C=O)C(C(C(C(C(C(C(C(F)(F)F)(F)F)(F)F)(F)F)(F)F)(F)F)(F)F)(F)F,3.66,5.23,25,biotransformation,,3.5,18.74,,,,24.1,,,aerobic,90
8:2 FTOH,,C(C(C(C(C(C(C(F)(F)F)(F)F)(F)F)(F)F)(F)F)(F)F)(F)F,,C(=O)C(C(C(C(C(C(F)(F)F)(F)F)(F)F)(F)F)(F)F)(F)F,3.66,5.23,25,biotransformation,,3.5,18.74,,,,24.1,,,aerobic,90
8:2 FTOH,,C(=C(\C(C(C(C(C(C(C(F)(F)F)(F)F)(F)F)(F)F)(F)F)(F)F)(F)F)/F)/C(=O)O,,CC(=O)C(C(C(C(C(C(C(F)(F)F)(F)F)(F)F)(F)F)(F)F)(F)F)(F)F,3.66,5.23,25,biotransformation,,3.5,18.74,,,,24.1,,,aerobic,90
8:2 FTOH,,C(=C\C(C(C(C(C(C(C(F)(F)F)(F)F)(F)F)(F)F)(F)F)(F)F)(F)F)/C(=O)O,,C(C(C(C(C(C(C(C(C(F)(F)F)(F)F)(F)F)(F)F)(F)F)(F)F)(F)F)O)C(=O)O,3.66,5.23,25,biotransformation,,3.5,18.74,,,,24.1,,,aerobic,90
8:2 FTOH,,C(=C(\C(C(C(C(C(C(C(F)(F)F)(F)F)(F)F)(F)F)(F)F)(F)F)(F)F)/F)/C(=O)O,,C(C(C(C(C(C(C(C(C(F)(F)F)(F)F)(F)F)(F)F)(F)F)(F)F)(F)F)F)C(=O)O,3.66,5.23,25,biotransformation,,3.5,18.74,,,,24.1,,,aerobic,90
8:2 FTOH,,CC(=O)C(C(C(C(C(C(C(F)(F)F)(F)F)(F)F)(F)F)(F)F)(F)F)(F)F,,C(C(C(C(C(C(C(F)(F)F)(F)F)(F)F)(F)F)(F)F)(F)F)(F)F,3.66,5.23,25,biotransformation,,3.5,18.74,,,,24.1,,,aerobic,90
8:2 FTOH,,C(C=O)C(C(C(C(C(C(C(C(F)(F)F)(F)F)(F)F)(F)F)(F)F)(F)F)(F)F)(F)F,,C(C(=O)O)C(C(C(C(C(C(C(C(F)(F)F)(F)F)(F)F)(F)F)(F)F)(F)F)(F)F)(F)F,3.66,5.23,25,biotransformation,,3.5,18.74,,,,24.1,,,aerobic,90
8:2 FTOH,,C(=C\C(C(C(C(C(C(C(F)(F)F)(F)F)(F)F)(F)F)(F)F)(F)F)(F)F)/C(=O)O,,C(CC(C(C(C(C(C(C(F)(F)F)(F)F)(F)F)(F)F)(F)F)(F)F)(F)F)C(=O)O,3.66,5.23,25,biotransformation,,3.5,18.74,,,,24.1,,,aerobic,90
8:2 FTOH,,C(C(C(C(C(C(F)(F)F)(F)F)(F)F)(F)F)(F)F)(F)F,,C(=O)(C(C(C(C(C(F)(F)F)(F)F)(F)F)(F)F)(F)F)O,3.66,5.23,25,biotransformation,,3.5,18.74,,,,24.1,,,aerobic,90
8:2 FTOH,,C(=C\C(C(C(C(C(C(C(F)(F)F)(F)F)(F)F)(F)F)(F)F)(F)F)(F)F)/C(=O)O,,C(CC(C(C(C(C(C(F)(F)F)(F)F)(F)F)(F)F)(F)F)(F)F)C(=O)O,3.66,5.23,25,biotransformation,,3.5,18.74,,,,24.1,,,aerobic,90
8:2 FTOH,,CC(C(C(C(C(C(C(C(F)(F)F)(F)F)(F)F)(F)F)(F)F)(F)F)(F)F)O,,C(=O)(C(C(C(C(C(C(F)(F)F)(F)F)(F)F)(F)F)(F)F)(F)F)O,3.66,5.23,25,biotransformation,,3.5,18.74,,,,24.1,,,aerobic,90
8:2 FTOH,,CC(C(C(C(C(C(C(C(F)(F)F)(F)F)(F)F)(F)F)(F)F)(F)F)(F)F)O,,C(=O)(C(C(C(C(C(F)(F)F)(F)F)(F)F)(F)F)(F)F)O,3.66,5.23,25,biotransformation,,3.5,18.74,,,,24.1,,,aerobic,90
8:2 FTOH,,C(=C\C(C(C(C(C(C(C(F)(F)F)(F)F)(F)F)(F)F)(F)F)(F)F)(F)F)/C(=O)O,,C(=C\C(C(C(C(C(C(C(F)(F)F)(F)F)(F)F)(F)F)(F)F)(F)F)(F)F)/C(=O)N,3.66,5.23,25,biotransformation,,3.5,18.74,,,,24.1,,,aerobic,90
8:2 FTOH,,CC(C(C(C(C(C(C(C(F)(F)F)(F)F)(F)F)(F)F)(F)F)(F)F)(F)F)O,,C(=O)(C(C(C(F)(F)F)(F)F)(F)F)O,3.66,5.23,25,biotransformation,,3.5,18.74,,,,24.1,,,aerobic,90
8:2 FTOH,,C(CC(C(C(C(C(C(F)(F)F)(F)F)(F)F)(F)F)(F)F)(F)F)C(=O)O,,C(C(C(C(C(C(F)(F)F)(F)F)(F)F)(F)F)(F)F)(F)F,3.66,5.23,25,biotransformation,,3.5,18.74,,,,24.1,,,aerobic,90
8:2 FTOH,,CC(C(C(C(C(C(C(C(F)(F)F)(F)F)(F)F)(F)F)(F)F)(F)F)(F)F)O,,C(=O)(C(C(C(C(F)(F)F)(F)F)(F)F)(F)F)O,3.66,5.23,25,biotransformation,,3.5,18.74,,,,24.1,,,aerobic,90
8:2 FTOH,,CC(=O)C(C(C(C(C(C(C(F)(F)F)(F)F)(F)F)(F)F)(F)F)(F)F)(F)F,,CC(C(C(C(C(C(C(C(F)(F)F)(F)F)(F)F)(F)F)(F)F)(F)F)(F)F)O,3.66,5.23,25,biotransformation,,3.5,18.74,,,,24.1,,,aerobic,90
8:2 FTOH,,CC(C(C(C(C(C(C(C(F)(F)F)(F)F)(F)F)(F)F)(F)F)(F)F)(F)F)O,,C(=O)(C(C(C(C(C(C(C(F)(F)F)(F)F)(F)F)(F)F)(F)F)(F)F)(F)F)O,3.66,5.23,25,biotransformation,,3.5,18.74,,,,24.1,,,aerobic,90
8:2 FTOH,,C(=O)C(C(C(C(C(C(F)(F)F)(F)F)(F)F)(F)F)(F)F)(F)F,,C(=O)(C(C(C(C(C(C(F)(F)F)(F)F)(F)F)(F)F)(F)F)(F)F)O,3.66,5.23,25,biotransformation,,3.5,18.74,,,,24.1,,,aerobic,90
8:2 FTOH,,C(=C\C(C(C(C(C(C(C(F)(F)F)(F)F)(F)F)(F)F)(F)F)(F)F)(F)F)/C(=O)O,,C(C(=O)O)C(C(C(C(C(C(F)(F)F)(F)F)(F)F)(F)F)(F)F)(F)F,3.66,5.23,25,biotransformation,,3.5,18.74,,,,24.1,,,aerobic,90
8:2 FTOH,,C(C(=O)O)C(C(C(C(C(C(C(C(F)(F)F)(F)F)(F)F)(F)F)(F)F)(F)F)(F)F)(F)F,,C(=C(\C(C(C(C(C(C(C(F)(F)F)(F)F)(F)F)(F)F)(F)F)(F)F)(F)F)/F)/C(=O)O,3.66,5.23,25,biotransformation,,3.5,18.74,,,,24.1,,,aerobic,90
8:2 FTOH,,C(=C(\C(C(C(C(C(C(C(F)(F)F)(F)F)(F)F)(F)F)(F)F)(F)F)(F)F)/F)/C(=O)O,,C(=C\C(C(C(C(C(C(C(F)(F)F)(F)F)(F)F)(F)F)(F)F)(F)F)(F)F)/C(=O)O,3.66,5.23,25,biotransformation,,3.5,18.74,,,,24.1,,,aerobic,90
8:2 FTOH,,C(C(=O)O)C(C(C(C(C(C(F)(F)F)(F)F)(F)F)(F)F)(F)F)(F)F,,C(=C(\C(C(C(C(C(F)(F)F)(F)F)(F)F)(F)F)(F)F)/F)/C(=O)O,3.66,5.23,25,biotransformation,,3.5,18.74,,,,24.1,,,aerobic,90
8:2 FTOH,,C(=C\C(C(C(C(C(C(C(F)(F)F)(F)F)(F)F)(F)F)(F)F)(F)F)(F)F)/C(=O)[O-],,C(=O)(C(C(C(C(C(C(F)(F)F)(F)F)(F)F)(F)F)(F)F)(F)F)[O-],,,18,biotransformation,,,,,,,,,,,
8:2 FTOH,,C(=C\C(C(C(C(C(C(C(F)(F)F)(F)F)(F)F)(F)F)(F)F)(F)F)(F)F)/C(=O)[O-],,C(CC(C(C(C(C(C(C(F)(F)F)(F)F)(F)F)(F)F)(F)F)(F)F)(F)F)C(=O)[O-],,,18,biotransformation,,,,,,,,,,,
8:2 FTOH,,C(C(=O)C(C(C(C(C(C(C(F)(F)F)(F)F)(F)F)(F)F)(F)F)(F)F)(F)F)C(=O)[O-],,C(=O)(C(C(C(C(C(C(C(F)(F)F)(F)F)(F)F)(F)F)(F)F)(F)F)(F)F)O,,,18,biotransformation,,,,,,,,,,,
8:2 FTOH,,C(=C(C(C(C(C(C(C(C(F)(F)F)(F)F)(F)F)(F)F)(F)F)(F)F)(F)F)F)C=O,,C(=C\C(C(C(C(C(C(C(F)(F)F)(F)F)(F)F)(F)F)(F)F)(F)F)(F)F)/C(=O)[O-],,,18,biotransformation,,,,,,,,,,,
8:2 FTOH,,C(CC(C(C(C(C(C(C(F)(F)F)(F)F)(F)F)(F)F)(F)F)(F)F)(F)F)C(=O)[O-],,C(=C\C(C(C(C(C(C(C(F)(F)F)(F)F)(F)F)(F)F)(F)F)(F)F)(F)F)/C(=O)[O-],,,18,biotransformation,,,,,,,,,,,
8:2 FTOH,,C(CO)C(C(C(C(C(C(C(C(F)(F)F)(F)F)(F)F)(F)F)(F)F)(F)F)(F)F)(F)F,,CC1(C(C(=O)O)OC(C)(C(C)(C1(C)O)O)OCCC(C(C(C(C(C(C(C(F)(F)F)(F)F)(F)F)(F)F)(F)F)(F)F)(F)F)(F)F)O,,,18,biotransformation,,,,,,,,,,,
8:2 FTOH,,C(=C\C(C(C(C(C(C(C(F)(F)F)(F)F)(F)F)(F)F)(F)F)(F)F)(F)F)/C(=O)[O-],,C(CC(=O)NC(CS/C(=C\C(=O)[O-])/C(C(C(C(C(C(C(F)(F)F)(F)F)(F)F)(F)F)(F)F)(F)F)(F)F)C(=O)NCC(=O)O)C(C(=O)O)N,,,18,biotransformation,,,,,,,,,,,
8:2 FTOH,,C(C(=O)[O-])C(C(C(C(C(C(C(C(F)(F)F)(F)F)(F)F)(F)F)(F)F)(F)F)(F)F)(F)F,,C(=O)(C(C(C(C(C(C(C(C(F)(F)F)(F)F)(F)F)(F)F)(F)F)(F)F)(F)F)(F)F)[O-],,,18,biotransformation,,,,,,,,,,,
8:2 FTOH,,C(=C\C(C(C(C(C(C(C(F)(F)F)(F)F)(F)F)(F)F)(F)F)(F)F)(F)F)/C(=O)[O-],,C(CC(C(C(C(C(C(C(F)(F)F)(F)F)(F)F)(F)F)(F)F)(F)F)(F)F)C(=O)[O-],,,18,biotransformation,,,,,,,,,,,
8:2 FTOH,,C(=C(C(C(C(C(C(C(C(F)(F)F)(F)F)(F)F)(F)F)(F)F)(F)F)(F)F)F)C=O,,C(CC(=O)NC(CSC(CC=O)C(C(C(C(C(C(C(F)(F)F)(F)F)(F)F)(F)F)(F)F)(F)F)(F)F)C(=O)NCC(=O)O)C(C(=O)O)N,,,18,biotransformation,,,,,,,,,,,
8:2 FTOH,,C(C(=O)C(C(C(C(C(C(C(F)(F)F)(F)F)(F)F)(F)F)(F)F)(F)F)(F)F)C(=O)[O-],,CC(=O)C(C(C(C(C(C(C(F)(F)F)(F)F)(F)F)(F)F)(F)F)(F)F)(F)F,,,18,biotransformation,,,,,,,,,,,
8:2 FTOH,,CC(=O)C(C(C(C(C(C(C(F)(F)F)(F)F)(F)F)(F)F)(F)F)(F)F)(F)F,,C(=O)(C(C(C(C(C(C(C(F)(F)F)(F)F)(F)F)(F)F)(F)F)(F)F)(F)F)O,,,18,biotransformation,,,,,,,,,,,
8:2 FTOH,,C(C=O)C(C(C(C(C(C(C(C(F)(F)F)(F)F)(F)F)(F)F)(F)F)(F)F)(F)F)(F)F,,C(C(=O)[O-])C(C(C(C(C(C(C(C(F)(F)F)(F)F)(F)F)(F)F)(F)F)(F)F)(F)F)(F)F,,,18,biotransformation,,,,,,,,,,,
8:2 FTOH,,CC(=O)C(C(C(C(C(C(C(F)(F)F)(F)F)(F)F)(F)F)(F)F)(F)F)(F)F,,CC(C(C(C(C(C(C(C(F)(F)F)(F)F)(F)F)(F)F)(F)F)(F)F)(F)F)O,,,18,biotransformation,,,,,,,,,,,
8:2 FTOH,,C(=C(C(C(C(C(C(C(C(F)(F)F)(F)F)(F)F)(F)F)(F)F)(F)F)(F)F)F)C=O,,C(C=O)C(=O)C(C(C(C(C(C(C(F)(F)F)(F)F)(F)F)(F)F)(F)F)(F)F)(F)F,,,18,biotransformation,,,,,,,,,,,
8:2 FTOH,,C(CO)C(C(C(C(C(C(C(C(F)(F)F)(F)F)(F)F)(F)F)(F)F)(F)F)(F)F)(F)F,,C(C(C(C(C(F)(F)OS(=O)(=O)[O-])(F)F)(F)F)(F)F)(C(C(C(F)(F)F)(F)F)(F)F)(F)F,,,18,biotransformation,,,,,,,,,,,
8:2 FTOH,,C(=C\C(C(C(C(C(C(C(F)(F)F)(F)F)(F)F)(F)F)(F)F)(F)F)(F)F)/C(=O)[O-],,C(C(=O)C(C(C(C(C(C(C(F)(F)F)(F)F)(F)F)(F)F)(F)F)(F)F)(F)F)C(=O)[O-],,,18,biotransformation,,,,,,,,,,,
8:2 FTOH,,C(C(=O)[O-])C(C(C(C(C(C(C(C(F)(F)F)(F)F)(F)F)(F)F)(F)F)(F)F)(F)F)(F)F,,C(=C\C(C(C(C(C(C(C(F)(F)F)(F)F)(F)F)(F)F)(F)F)(F)F)(F)F)/C(=O)[O-],,,18,biotransformation,,,,,,,,,,,
8:2 FTOH,,C(CO)C(C(C(C(C(C(C(C(F)(F)F)(F)F)(F)F)(F)F)(F)F)(F)F)(F)F)(F)F,,C(C=O)C(C(C(C(C(C(C(C(F)(F)F)(F)F)(F)F)(F)F)(F)F)(F)F)(F)F)(F)F,,,18,biotransformation,,,,,,,,,,,
8:2 FTOH,,C(C=O)C(C(C(C(C(C(C(C(F)(F)F)(F)F)(F)F)(F)F)(F)F)(F)F)(F)F)(F)F,,C(C(=O)O)C(C(C(C(C(C(C(C(F)(F)F)(F)F)(F)F)(F)F)(F)F)(F)F)(F)F)(F)F,0.369,7.7,25,biotransformation,,,,,,,,,30,,
8:2 FTOH,,C(=C(\C(C(C(C(C(C(C(F)(F)F)(F)F)(F)F)(F)F)(F)F)(F)F)(F)F)/F)/C(=O)O,,C(CC(C(C(C(C(C(C(F)(F)F)(F)F)(F)F)(F)F)(F)F)(F)F)(F)F)C(=O)O,0.369,7.7,25,biotransformation,,,,,,,,,30,,
8:2 FTOH,,C(CC(C(C(C(C(C(C(F)(F)F)(F)F)(F)F)(F)F)(F)F)(F)F)(F)F)C(=O)O,,C=CC(C(C(C(C(C(C(F)(F)F)(F)F)(F)F)(F)F)(F)F)(F)F)(F)F,0.369,7.7,25,biotransformation,,,,,,,,,30,,
8:2 FTOH,,CC(C(C(C(C(C(C(C(F)(F)F)(F)F)(F)F)(F)F)(F)F)(F)F)(F)F)O,,C(=O)(C(C(C(C(C(C(C(F)(F)F)(F)F)(F)F)(F)F)(F)F)(F)F)(F)F)O,0.369,7.7,25,biotransformation,,,,,,,,,30,,
8:2 FTOH,,C(=C\C(C(C(C(C(C(C(F)(F)F)(F)F)(F)F)(F)F)(F)F)(F)F)(F)F)/C(=O)O,,C=CC(C(C(C(C(C(C(F)(F)F)(F)F)(F)F)(F)F)(F)F)(F)F)(F)F,0.369,7.7,25,biotransformation,,,,,,,,,30,,
8:2 FTOH,,C(C=O)C(C(C(C(C(C(C(C(F)(F)F)(F)F)(F)F)(F)F)(F)F)(F)F)(F)F)(F)F,,C(=C(\C(C(C(C(C(C(C(F)(F)F)(F)F)(F)F)(F)F)(F)F)(F)F)(F)F)/F)/C(=O)O,0.369,7.7,25,biotransformation,,,,,,,,,30,,
8:2 FTOH,,C(CC(C(C(C(C(C(C(F)(F)F)(F)F)(F)F)(F)F)(F)F)(F)F)(F)F)C(=O)O,,C(=O)(C(C(C(C(C(C(C(F)(F)F)(F)F)(F)F)(F)F)(F)F)(F)F)(F)F)O,0.369,7.7,25,biotransformation,,,,,,,,,30,,
8:2 FTOH,,C(=C\C(C(C(C(C(C(C(F)(F)F)(F)F)(F)F)(F)F)(F)F)(F)F)(F)F)/C(=O)O,,C(CC(C(C(C(C(C(C(F)(F)F)(F)F)(F)F)(F)F)(F)F)(F)F)(F)F)C(=O)O,0.369,7.7,25,biotransformation,,,,,,,,,30,,
8:2 FTOH,,CC(C(C(C(C(C(C(C(F)(F)F)(F)F)(F)F)(F)F)(F)F)(F)F)(F)F)O,,C(=O)(C(C(C(F)(F)F)(F)F)(F)F)O,0.369,7.7,25,biotransformation,,,,,,,,,30,,
8:2 FTOH,,CC(C(C(C(C(C(C(C(F)(F)F)(F)F)(F)F)(F)F)(F)F)(F)F)(F)F)O,,C(=O)(C(C(C(C(C(F)(F)F)(F)F)(F)F)(F)F)(F)F)O,0.369,7.7,25,biotransformation,,,,,,,,,30,,
8:2 FTOH,,C(CO)C(C(C(C(C(C(C(C(F)(F)F)(F)F)(F)F)(F)F)(F)F)(F)F)(F)F)(F)F,,C(C=O)C(C(C(C(C(C(C(C(F)(F)F)(F)F)(F)F)(F)F)(F)F)(F)F)(F)F)(F)F,0.369,7.7,25,biotransformation,,,,,,,,,30,,
8:2 FTOH,,C(C(=O)O)C(C(C(C(C(C(C(C(F)(F)F)(F)F)(F)F)(F)F)(F)F)(F)F)(F)F)(F)F,,C(CC(C(C(C(C(C(C(F)(F)F)(F)F)(F)F)(F)F)(F)F)(F)F)(F)F)C(=O)O,0.369,7.7,25,biotransformation,,,,,,,,,30,,
8:2 FTOH,,C=CC(C(C(C(C(C(C(F)(F)F)(F)F)(F)F)(F)F)(F)F)(F)F)(F)F,,CC(C(C(C(C(C(C(C(F)(F)F)(F)F)(F)F)(F)F)(F)F)(F)F)(F)F)O,0.369,7.7,25,biotransformation,,,,,,,,,30,,
8:2 FTOH,,C(=C(\C(C(C(C(C(C(C(F)(F)F)(F)F)(F)F)(F)F)(F)F)(F)F)(F)F)/F)/C(=O)O,,C(=C\C(C(C(C(C(C(C(F)(F)F)(F)F)(F)F)(F)F)(F)F)(F)F)(F)F)/C(=O)O,0.369,7.7,25,biotransformation,,,,,,,,,30,,
8:2 FTOH,,CC(C(C(C(C(C(C(C(F)(F)F)(F)F)(F)F)(F)F)(F)F)(F)F)(F)F)O,,C(=O)(C(C(C(C(C(C(F)(F)F)(F)F)(F)F)(F)F)(F)F)(F)F)O,0.369,7.7,25,biotransformation,,,,,,,,,30,,
8:2 FTOH,,CC(C(C(C(C(C(C(C(F)(F)F)(F)F)(F)F)(F)F)(F)F)(F)F)(F)F)O,,C(=O)(C(C(C(C(F)(F)F)(F)F)(F)F)(F)F)O,0.369,7.7,25,biotransformation,,,,,,,,,30,,
8:2 FTOH,,C(C(=O)O)C(C(C(C(C(C(C(C(F)(F)F)(F)F)(F)F)(F)F)(F)F)(F)F)(F)F)(F)F,,C(=C(\C(C(C(C(C(C(C(F)(F)F)(F)F)(F)F)(F)F)(F)F)(F)F)(F)F)/F)/C(=O)O,0.369,7.7,25,biotransformation,,,,,,,,,30,,
8:2 FTOH,,C(=C(\C(C(C(C(C(C(C(F)(F)F)(F)F)(F)F)(F)F)(F)F)(F)F)(F)F)/F)/C(=O)O,,C(=C\C(C(C(C(C(C(C(F)(F)F)(F)F)(F)F)(F)F)(F)F)(F)F)(F)F)/C(=O)O,,,,biotransformation,,,,,,,,,,aerobic,
8:2 FTOH,,CC(=O)C(C(C(C(C(C(C(F)(F)F)(F)F)(F)F)(F)F)(F)F)(F)F)(F)F,,CC(C(C(C(C(C(C(C(F)(F)F)(F)F)(F)F)(F)F)(F)F)(F)F)(F)F)O,,,,biotransformation,,,,,,,,,,aerobic,
8:2 FTOH,,CC(=O)C(C(C(C(C(C(C(F)(F)F)(F)F)(F)F)(F)F)(F)F)(F)F)(F)F,,CC(=O)C(C(C(C(C(C(C(F)(F)F)(F)F)(F)F)(F)F)(F)F)(F)F)F,,,,biotransformation,,,,,,,,,,aerobic,
8:2 FTOH,,C(=C\C(C(C(C(C(C(C(F)(F)F)(F)F)(F)F)(F)F)(F)F)(F)F)(F)F)/C(=O)O,,C(=O)(C(C(C(C(C(F)(F)F)(F)F)(F)F)(F)F)(F)F)O,,,,biotransformation,,,,,,,,,,aerobic,
8:2 FTOH,,C(=C\C(C(C(C(C(C(C(F)(F)F)(F)F)(F)F)(F)F)(F)F)(F)F)(F)F)/C(=O)O,,C(C(C(C(C(C(C(C(C(F)(F)F)(F)F)(F)F)(F)F)(F)F)(F)F)(F)F)O)C(=O)O,,,,biotransformation,,,,,,,,,,aerobic,
8:2 FTOH,,CC(=O)C(C(C(C(C(C(C(F)(F)F)(F)F)(F)F)(F)F)(F)F)(F)F)F,,C(C(=O)O)(C(C(C(C(C(C(F)(F)F)(F)F)(F)F)(F)F)(F)F)(F)F)F,,,,biotransformation,,,,,,,,,,aerobic,
8:2 FTOH,,C(=C\C(C(C(C(C(C(C(F)(F)F)(F)F)(F)F)(F)F)(F)F)(F)F)(F)F)/C(=O)O,,C(CC(C(C(C(C(C(C(F)(F)F)(F)F)(F)F)(F)F)(F)F)(F)F)(F)F)C(=O)O,,,,biotransformation,,,,,,,,,,aerobic,
8:2 FTOH,,C(C=O)C(C(C(C(C(C(C(C(F)(F)F)(F)F)(F)F)(F)F)(F)F)(F)F)(F)F)(F)F,,C(C(=O)O)C(C(C(C(C(C(C(C(F)(F)F)(F)F)(F)F)(F)F)(F)F)(F)F)(F)F)(F)F,,,,biotransformation,,,,,,,,,,aerobic,
8:2 FTOH,,C(CO)C(C(C(C(C(C(C(C(F)(F)F)(F)F)(F)F)(F)F)(F)F)(F)F)(F)F)(F)F,,C(C=O)C(C(C(C(C(C(C(C(F)(F)F)(F)F)(F)F)(F)F)(F)F)(F)F)(F)F)(F)F,,,,biotransformation,,,,,,,,,,aerobic,
8:2 FTOH,,C(C(=O)O)C(C(C(C(C(C(C(C(F)(F)F)(F)F)(F)F)(F)F)(F)F)(F)F)(F)F)(F)F,,C(=C(\C(C(C(C(C(C(C(F)(F)F)(F)F)(F)F)(F)F)(F)F)(F)F)(F)F)/F)/C(=O)O,,,,biotransformation,,,,,,,,,,aerobic,
8:2 FTOH,,C(=C(\C(C(C(C(C(C(C(F)(F)F)(F)F)(F)F)(F)F)(F)F)(F)F)(F)F)/F)/C(=O)O,,CC(C(C(C(C(C(C(C(F)(F)F)(F)F)(F)F)(F)F)(F)F)(F)F)(F)F)O,,,,biotransformation,,,,,,,,,,aerobic,
8:2 FTOH,,CC(C(C(C(C(C(C(C(F)(F)F)(F)F)(F)F)(F)F)(F)F)(F)F)(F)F)O,,C(=O)(C(C(C(C(C(C(C(F)(F)F)(F)F)(F)F)(F)F)(F)F)(F)F)(F)F)O,,,,biotransformation,,,,,,,,,,aerobic,
8:2 FTOH,,CC(C(C(C(C(C(C(C(F)(F)F)(F)F)(F)F)(F)F)(F)F)(F)F)(F)F)O,,CC(=O)C(C(C(C(C(C(C(F)(F)F)(F)F)(F)F)(F)F)(F)F)(F)F)(F)F,,,,biotransformation,,,,,,,,,,aerobic,
8:2 FTOH,,C(=C\C(C(C(C(C(C(C(F)(F)F)(F)F)(F)F)(F)F)(F)F)(F)F)(F)F)/C(=O)O,,C(=C\C(C(C(C(C(C(C(F)(F)F)(F)F)(F)F)(F)F)(F)F)(F)F)(F)F)/C(=O)N,0.366,5.1,25,biotransformation,,0.6,2.8,,,,7,,,aerobic,90
8:2 FTOH,,CC(C(C(C(C(C(C(C(F)(F)F)(F)F)(F)F)(F)F)(F)F)(F)F)(F)F)O,,C(=O)(C(C(C(C(F)(F)F)(F)F)(F)F)(F)F)O,0.366,5.1,25,biotransformation,,0.6,2.8,,,,7,,,aerobic,90
8:2 FTOH,,CC(C(C(C(C(C(C(C(F)(F)F)(F)F)(F)F)(F)F)(F)F)(F)F)(F)F)O,,C(=O)(C(C(C(C(C(C(C(F)(F)F)(F)F)(F)F)(F)F)(F)F)(F)F)(F)F)O,0.366,5.1,25,biotransformation,,0.6,2.8,,,,7,,,aerobic,90
8:2 FTOH,,C(C(=O)O)C(C(C(C(C(C(C(C(F)(F)F)(F)F)(F)F)(F)F)(F)F)(F)F)(F)F)(F)F,,C(=C(\C(C(C(C(C(C(C(F)(F)F)(F)F)(F)F)(F)F)(F)F)(F)F)(F)F)/F)/C(=O)O,0.366,5.1,25,biotransformation,,0.6,2.8,,,,7,,,aerobic,90
8:2 FTOH,,C(=C\C(C(C(C(C(C(C(F)(F)F)(F)F)(F)F)(F)F)(F)F)(F)F)(F)F)/C(=O)O,,C(CC(C(C(C(C(C(C(F)(F)F)(F)F)(F)F)(F)F)(F)F)(F)F)(F)F)C(=O)O,0.366,5.1,25,biotransformation,,0.6,2.8,,,,7,,,aerobic,90
8:2 FTOH,,C(=C(\C(C(C(C(C(C(C(F)(F)F)(F)F)(F)F)(F)F)(F)F)(F)F)(F)F)/F)/C(=O)O,,CC(=O)C(C(C(C(C(C(C(F)(F)F)(F)F)(F)F)(F)F)(F)F)(F)F)(F)F,0.366,5.1,25,biotransformation,,0.6,2.8,,,,7,,,aerobic,90
8:2 FTOH,,C(=C(\C(C(C(C(C(C(C(F)(F)F)(F)F)(F)F)(F)F)(F)F)(F)F)(F)F)/F)/C(=O)O,,C(=C\C(C(C(C(C(C(C(F)(F)F)(F)F)(F)F)(F)F)(F)F)(F)F)(F)F)/C(=O)O,0.366,5.1,25,biotransformation,,0.6,2.8,,,,7,,,aerobic,90
8:2 FTOH,,CC(C(C(C(C(C(C(C(F)(F)F)(F)F)(F)F)(F)F)(F)F)(F)F)(F)F)O,,C(=O)(C(C(C(C(C(C(F)(F)F)(F)F)(F)F)(F)F)(F)F)(F)F)O,0.366,5.1,25,biotransformation,,0.6,2.8,,,,7,,,aerobic,90
8:2 FTOH,,C(CC(C(C(C(C(C(C(F)(F)F)(F)F)(F)F)(F)F)(F)F)(F)F)(F)F)C(=O)O,,C(C(C(C(C(C(C(F)(F)F)(F)F)(F)F)(F)F)(F)F)(F)F)(F)F,0.366,5.1,25,biotransformation,,0.6,2.8,,,,7,,,aerobic,90
8:2 FTOH,,CC(=O)C(C(C(C(C(C(C(F)(F)F)(F)F)(F)F)(F)F)(F)F)(F)F)(F)F,,CC(C(C(C(C(C(C(C(F)(F)F)(F)F)(F)F)(F)F)(F)F)(F)F)(F)F)O,0.366,5.1,25,biotransformation,,0.6,2.8,,,,7,,,aerobic,90
8:2 FTOH,,C(C(C(C(C(C(C(F)(F)F)(F)F)(F)F)(F)F)(F)F)(F)F)(F)F,,C(=O)C(C(C(C(C(C(F)(F)F)(F)F)(F)F)(F)F)(F)F)(F)F,0.366,5.1,25,biotransformation,,0.6,2.8,,,,7,,,aerobic,90
8:2 FTOH,,C(CO)C(C(C(C(C(C(C(C(F)(F)F)(F)F)(F)F)(F)F)(F)F)(F)F)(F)F)(F)F,,C(C=O)C(C(C(C(C(C(C(C(F)(F)F)(F)F)(F)F)(F)F)(F)F)(F)F)(F)F)(F)F,0.366,5.1,25,biotransformation,,0.6,2.8,,,,7,,,aerobic,90
8:2 FTOH,,C(=O)C(C(C(C(C(C(F)(F)F)(F)F)(F)F)(F)F)(F)F)(F)F,,C(=O)(C(C(C(C(C(C(F)(F)F)(F)F)(F)F)(F)F)(F)F)(F)F)O,0.366,5.1,25,biotransformation,,0.6,2.8,,,,7,,,aerobic,90
8:2 FTOH,,CC(=O)C(C(C(C(C(C(C(F)(F)F)(F)F)(F)F)(F)F)(F)F)(F)F)(F)F,,C(C(C(C(C(C(C(F)(F)F)(F)F)(F)F)(F)F)(F)F)(F)F)(F)F,0.366,5.1,25,biotransformation,,0.6,2.8,,,,7,,,aerobic,90
8:2 FTOH,,CC(C(C(C(C(C(C(C(F)(F)F)(F)F)(F)F)(F)F)(F)F)(F)F)(F)F)O,,C(=O)(C(C(C(F)(F)F)(F)F)(F)F)O,0.366,5.1,25,biotransformation,,0.6,2.8,,,,7,,,aerobic,90
8:2 FTOH,,CC(C(C(C(C(C(C(C(F)(F)F)(F)F)(F)F)(F)F)(F)F)(F)F)(F)F)O,,C(=O)(C(C(C(C(C(F)(F)F)(F)F)(F)F)(F)F)(F)F)O,0.366,5.1,25,biotransformation,,0.6,2.8,,,,7,,,aerobic,90
8:2 FTOH,,C(C=O)C(C(C(C(C(C(C(C(F)(F)F)(F)F)(F)F)(F)F)(F)F)(F)F)(F)F)(F)F,,C(C(=O)O)C(C(C(C(C(C(C(C(F)(F)F)(F)F)(F)F)(F)F)(F)F)(F)F)(F)F)(F)F,0.366,5.1,25,biotransformation,,0.6,2.8,,,,7,,,aerobic,90
8:2 FTOH,,C(C(=O)O)C(C(C(C(C(C(C(C(F)(F)F)(F)F)(F)F)(F)F)(F)F)(F)F)(F)F)(F)F,,C(=C(C(C(C(C(C(C(C(F)(F)F)(F)F)(F)F)(F)F)(F)F)(F)F)(F)F)F)C(=O)O,0.108,7,25,biotransformation,,,,,,,,,,aerobic,81
8:2 FTOH,,C(CO)C(C(C(C(C(C(C(C(F)(F)F)(F)F)(F)F)(F)F)(F)F)(F)F)(F)F)(F)F,,C(C=O)C(C(C(C(C(C(C(C(F)(F)F)(F)F)(F)F)(F)F)(F)F)(F)F)(F)F)(F)F,0.108,7,25,biotransformation,,,,,,,,,,aerobic,81
8:2 FTOH,,C(=C(C(C(C(C(C(C(C(F)(F)F)(F)F)(F)F)(F)F)(F)F)(F)F)(F)F)F)C(=O)O,,C(=O)(C(C(C(C(C(C(C(F)(F)F)(F)F)(F)F)(F)F)(F)F)(F)F)(F)F)O,0.108,7,25,biotransformation,,,,,,,,,,aerobic,81
8:2 FTOH,,C(C=O)C(C(C(C(C(C(C(C(F)(F)F)(F)F)(F)F)(F)F)(F)F)(F)F)(F)F)(F)F,,C(C(=O)O)C(C(C(C(C(C(C(C(F)(F)F)(F)F)(F)F)(F)F)(F)F)(F)F)(F)F)(F)F,0.108,7,25,biotransformation,,,,,,,,,,aerobic,81
8:2 FTOH,,C(=C\C(C(C(C(C(C(C(F)(F)F)(F)F)(F)F)(F)F)(F)F)(F)F)(F)F)/C(=O)O,,C(=O)(C(C(C(C(F)(F)F)(F)F)(F)F)(F)F)O,,6.4,22,biotransformation,,3.8,,,,,24,,,aerobic,
8:2 FTOH,,C(=C(\C(C(C(C(C(C(C(F)(F)F)(F)F)(F)F)(F)F)(F)F)(F)F)(F)F)/F)/C(=O)O,,C(=C\C(C(C(C(C(C(C(F)(F)F)(F)F)(F)F)(F)F)(F)F)(F)F)(F)F)/C(=O)O,,6.4,22,biotransformation,,3.8,,,,,24,,,aerobic,
8:2 FTOH,,C(CO)C(C(C(C(C(C(C(C(F)(F)F)(F)F)(F)F)(F)F)(F)F)(F)F)(F)F)(F)F,,C(C=O)C(C(C(C(C(C(C(C(F)(F)F)(F)F)(F)F)(F)F)(F)F)(F)F)(F)F)(F)F,,6.4,22,biotransformation,,3.8,,,,,24,,,aerobic,
8:2 FTOH,,CC(=O)C(C(C(C(C(C(C(F)(F)F)(F)F)(F)F)(F)F)(F)F)(F)F)F,,C(C(=O)O)(C(C(C(C(C(C(F)(F)F)(F)F)(F)F)(F)F)(F)F)(F)F)F,,6.4,22,biotransformation,,3.8,,,,,24,,,aerobic,
8:2 FTOH,,C(=C\C(C(C(C(C(C(C(F)(F)F)(F)F)(F)F)(F)F)(F)F)(F)F)(F)F)/C(=O)O,,C(=O)(C(C(C(C(C(C(F)(F)F)(F)F)(F)F)(F)F)(F)F)(F)F)O,,6.4,22,biotransformation,,3.8,,,,,24,,,aerobic,
8:2 FTOH,,CC(=O)C(C(C(C(C(C(C(F)(F)F)(F)F)(F)F)(F)F)(F)F)(F)F)(F)F,,CC(=O)C(C(C(C(C(C(C(F)(F)F)(F)F)(F)F)(F)F)(F)F)(F)F)F,,6.4,22,biotransformation,,3.8,,,,,24,,,aerobic,
8:2 FTOH,,C(C(=O)O)C(C(C(C(C(C(C(C(F)(F)F)(F)F)(F)F)(F)F)(F)F)(F)F)(F)F)(F)F,,C(=C(\C(C(C(C(C(C(C(F)(F)F)(F)F)(F)F)(F)F)(F)F)(F)F)(F)F)/F)/C(=O)O,,6.4,22,biotransformation,,3.8,,,,,24,,,aerobic,
8:2 FTOH,,C(=C\C(C(C(C(C(C(C(F)(F)F)(F)F)(F)F)(F)F)(F)F)(F)F)(F)F)/C(=O)O,,C(CC(C(C(C(C(C(C(F)(F)F)(F)F)(F)F)(F)F)(F)F)(F)F)(F)F)C(=O)O,,6.4,22,biotransformation,,3.8,,,,,24,,,aerobic,
8:2 FTOH,,C(=C\C(C(C(C(C(C(C(F)(F)F)(F)F)(F)F)(F)F)(F)F)(F)F)(F)F)/C(=O)O,,C(C(C(C(C(C(C(C(C(F)(F)F)(F)F)(F)F)(F)F)(F)F)(F)F)(F)F)O)C(=O)O,,6.4,22,biotransformation,,3.8,,,,,24,,,aerobic,
8:2 FTOH,,C(C=O)C(C(C(C(C(C(C(C(F)(F)F)(F)F)(F)F)(F)F)(F)F)(F)F)(F)F)(F)F,,C(C(=O)O)C(C(C(C(C(C(C(C(F)(F)F)(F)F)(F)F)(F)F)(F)F)(F)F)(F)F)(F)F,,6.4,22,biotransformation,,3.8,,,,,24,,,aerobic,
8:2 FTOH,,CC(C(C(C(C(C(C(C(F)(F)F)(F)F)(F)F)(F)F)(F)F)(F)F)(F)F)O,,CC(=O)C(C(C(C(C(C(C(F)(F)F)(F)F)(F)F)(F)F)(F)F)(F)F)(F)F,,6.4,22,biotransformation,,3.8,,,,,24,,,aerobic,
8:2 FTOH,,CC(=O)C(C(C(C(C(C(C(F)(F)F)(F)F)(F)F)(F)F)(F)F)(F)F)(F)F,,CC(C(C(C(C(C(C(C(F)(F)F)(F)F)(F)F)(F)F)(F)F)(F)F)(F)F)O,,6.4,22,biotransformation,,3.8,,,,,24,,,aerobic,
8:2 FTOH,,C(=C(\C(C(C(C(C(C(C(F)(F)F)(F)F)(F)F)(F)F)(F)F)(F)F)(F)F)/F)/C(=O)O,,CC(C(C(C(C(C(C(C(F)(F)F)(F)F)(F)F)(F)F)(F)F)(F)F)(F)F)O,,6.4,22,biotransformation,,3.8,,,,,24,,,aerobic,
8:2 FTOH,,CC(C(C(C(C(C(C(C(F)(F)F)(F)F)(F)F)(F)F)(F)F)(F)F)(F)F)O,,C(=O)(C(C(C(C(C(C(C(F)(F)F)(F)F)(F)F)(F)F)(F)F)(F)F)(F)F)O,,6.4,22,biotransformation,,3.8,,,,,24,,,aerobic,
8:2 FTOH,,C(=C\C(C(C(C(C(C(C(F)(F)F)(F)F)(F)F)(F)F)(F)F)(F)F)(F)F)/C(=O)O,,C(=O)(C(C(C(C(C(F)(F)F)(F)F)(F)F)(F)F)(F)F)O,,6.4,22,biotransformation,,3.8,,,,,24,,,aerobic,
8:2 FtTAoS,,C(=C(\C(C(C(C(C(C(C(F)(F)F)(F)F)(F)F)(F)F)(F)F)(F)F)(F)F)/F)/C(=O)O,,C(=O)(C(C(C(C(C(C(F)(F)F)(F)F)(F)F)(F)F)(F)F)(F)F)O,0.06,,30,biotransformation,,,,,,,,,,aerobic,60
8:2 FtTAoS,,C(=C(\C(C(C(C(C(C(C(F)(F)F)(F)F)(F)F)(F)F)(F)F)(F)F)(F)F)/F)/C(=O)O,,C(CC(C(C(C(C(C(C(F)(F)F)(F)F)(F)F)(F)F)(F)F)(F)F)(F)F)C(=O)O,0.06,,30,biotransformation,,,,,,,,,,aerobic,60
8:2 FtTAoS,,C(=C(\C(C(C(C(C(C(C(F)(F)F)(F)F)(F)F)(F)F)(F)F)(F)F)(F)F)/F)/C(=O)O,,C(=O)(C(C(C(C(C(F)(F)F)(F)F)(F)F)(F)F)(F)F)O,0.06,,30,biotransformation,,,,,,,,,,aerobic,60
8:2 FtTAoS,,C(=C(\C(C(C(C(C(C(C(F)(F)F)(F)F)(F)F)(F)F)(F)F)(F)F)(F)F)/F)/C(=O)O,,C(=O)(C(C(C(C(C(C(C(F)(F)F)(F)F)(F)F)(F)F)(F)F)(F)F)(F)F)O,0.06,,30,biotransformation,,,,,,,,,,aerobic,60
8:2 FtTAoS,,C(CS(=O)(=O)O)C(C(C(C(C(C(C(C(F)(F)F)(F)F)(F)F)(F)F)(F)F)(F)F)(F)F)(F)F,,C(=C(\C(C(C(C(C(C(C(F)(F)F)(F)F)(F)F)(F)F)(F)F)(F)F)(F)F)/F)/C(=O)O,0.06,,30,biotransformation,,,,,,,,,,aerobic,60
8:2 FtTAoS,,CC(C)(CS(=O)(=O)O)NC(=O)CCS(=O)CCC(C(C(C(C(C(C(C(F)(F)F)(F)F)(F)F)(F)F)(F)F)(F)F)(F)F)(F)F,,CC(C)(CS(=O)(=O)O)NC(=O)CCS(=O)(=O)CCC(C(C(C(C(C(C(C(F)(F)F)(F)F)(F)F)(F)F)(F)F)(F)F)(F)F)(F)F,0.06,,30,biotransformation,,,,,,,,,,aerobic,60
8:2 monoPAP,,C(COP(=O)(O)O)C(C(C(C(C(C(C(C(F)(F)F)(F)F)(F)F)(F)F)(F)F)(F)F)(F)F)(F)F,,C(CO)C(C(C(C(C(C(C(C(F)(F)F)(F)F)(F)F)(F)F)(F)F)(F)F)(F)F)(F)F,1.84,7,,biotransformation,,,,,,,,,400,aerobic,92
AmPr-FBSA-PrA,,C[NH+](C)CCCN(CCC(=O)[O-])S(=O)(=O)C(C(C(C(F)(F)F)(F)F)(F)F)(F)F,,CN(CC(=O)O)S(=O)(=O)C(C(C(C(F)(F)F)(F)F)(F)F)(F)F,,,,,,,,,,,,,,,
AmPr-FBSA-PrA,,C(C(=O)O)NS(=O)(=O)C(C(C(C(F)(F)F)(F)F)(F)F)(F)F,,C(C(C(F)(F)S(=O)(=O)N)(F)F)(C(F)(F)F)(F)F,,,,,,,,,,,,,,,
AmPr-FBSA-PrA,,CN(CC(=O)O)S(=O)(=O)C(C(C(C(F)(F)F)(F)F)(F)F)(F)F,,C(C(=O)O)NS(=O)(=O)C(C(C(C(F)(F)F)(F)F)(F)F)(F)F,,,,,,,,,,,,,,,
AmPr-FBSA-PrA,,C[NH+](C)CCC[N-]S(=O)(=O)C(C(C(C(F)(F)F)(F)F)(F)F)(F)F,,C[N+](C)(CCCNS(=O)(=O)C(C(C(C(F)(F)F)(F)F)(F)F)(F)F)[O-],,,,,,,,,,,,,,,
AmPr-FBSA-PrA,,C[NH+](C)CCCN(CCC(=O)[O-])S(=O)(=O)C(C(C(C(F)(F)F)(F)F)(F)F)(F)F,,C[NH+](C)CCC[N-]S(=O)(=O)C(C(C(C(F)(F)F)(F)F)(F)F)(F)F,,,,,,,,,,,,,,,
AmPr-FBSA-PrA,,C[NH2+]CCC[N-]S(=O)(=O)C(C(C(C(F)(F)F)(F)F)(F)F)(F)F,,C(C[N+])C[N-]S(=O)(=O)C(C(C(C(F)(F)F)(F)F)(F)F)(F)F,,,,,,,,,,,,,,,
AmPr-FBSA-PrA,,C[NH+](C)CCCN(CCC(=O)[O-])S(=O)(=O)C(C(C(C(F)(F)F)(F)F)(F)F)(F)F,,CCN(CC(=O)O)S(=O)(=O)C(C(C(C(F)(F)F)(F)F)(F)F)(F)F,,,,,,,,,,,,,,,
AmPr-FBSA-PrA,,C(C[N+])C[N-]S(=O)(=O)C(C(C(C(F)(F)F)(F)F)(F)F)(F)F,,C(CNS(=O)(=O)C(C(C(C(F)(F)F)(F)F)(F)F)(F)F)C(=O)O,,,,,,,,,,,,,,,
AmPr-FBSA-PrA,,C(CNS(=O)(=O)C(C(C(C(F)(F)F)(F)F)(F)F)(F)F)C(=O)O,,C(C(C(F)(F)S(=O)(=O)N)(F)F)(C(F)(F)F)(F)F,,,,,,,,,,,,,,,
AmPr-FBSA-PrA,,C(C(C(F)(F)S(=O)=O)(F)F)(C(F)(F)F)(F)F,,C(C(C(F)(F)S(=O)(=O)O)(F)F)(C(F)(F)F)(F)F,,,,,,,,,,,,,,,
AmPr-FBSA-PrA,,C(CNS(=O)(=O)C(C(C(C(F)(F)F)(F)F)(F)F)(F)F)C(=O)O,,C(C(=O)O)NS(=O)(=O)C(C(C(C(F)(F)F)(F)F)(F)F)(F)F,,,,,,,,,,,,,,,
AmPr-FBSA-PrA,,C(C(C(F)(F)S(=O)(=O)N)(F)F)(C(F)(F)F)(F)F,,C(C(C(F)(F)S(=O)=O)(F)F)(C(F)(F)F)(F)F,,,,,,,,,,,,,,,
AmPr-FBSA-PrA,,CCN(CC(=O)O)S(=O)(=O)C(C(C(C(F)(F)F)(F)F)(F)F)(F)F,,C(C(=O)O)NS(=O)(=O)C(C(C(C(F)(F)F)(F)F)(F)F)(F)F,,,,,,,,,,,,,,,
AmPr-FBSA-PrA,,C(C(C(F)(F)S(=O)(=O)N)(F)F)(C(F)(F)F)(F)F,,C(C(C(F)(F)S(=O)(=O)O)(F)F)(C(F)(F)F)(F)F,,,,,,,,,,,,,,,
AmPr-FBSA-PrA,,C[NH+](C)CCC[N-]S(=O)(=O)C(C(C(C(F)(F)F)(F)F)(F)F)(F)F,,C[NH2+]CCC[N-]S(=O)(=O)C(C(C(C(F)(F)F)(F)F)(F)F)(F)F,,,,,,,,,,,,,,,
AmPr-FHpSA-PrA,,C(C(C(C(F)(F)F)(F)F)(F)F)(C(C(C(F)(F)S(=O)=O)(F)F)(F)F)(F)F,,C(C(C(C(F)(F)F)(F)F)(F)F)(C(C(C(F)(F)S(=O)(=O)O)(F)F)(F)F)(F)F,,,25,biotransformation,,,,,,,,,,aerobic,308
AmPr-FHpSA-PrA,,C[NH+](C)CCCN(CCC(=O)[O-])S(=O)(=O)C(C(C(C(C(C(C(F)(F)F)(F)F)(F)F)(F)F)(F)F)(F)F)(F)F,,CN(CC(=O)O)S(=O)(=O)C(C(C(C(C(C(C(F)(F)F)(F)F)(F)F)(F)F)(F)F)(F)F)(F)F,,,25,biotransformation,,,,,,,,,,aerobic,308
AmPr-FHpSA-PrA,,C(C(C(C(F)(F)F)(F)F)(F)F)(C(C(C(F)(F)S(=O)(=O)N)(F)F)(F)F)(F)F,,C(C(C(C(F)(F)F)(F)F)(F)F)(C(C(C(F)(F)S(=O)(=O)O)(F)F)(F)F)(F)F,,,25,biotransformation,,,,,,,,,,aerobic,308
AmPr-FHpSA-PrA,,[NH3+]CCC[N-]S(=O)(C(F)(F)C(F)(F)C(F)(F)C(F)(F)C(F)(F)C(F)(F)C(F)(F)F)=O,,C(CNS(=O)(=O)C(C(C(C(C(C(C(F)(F)F)(F)F)(F)F)(F)F)(F)F)(F)F)(F)F)C(=O)O,,,25,biotransformation,,,,,,,,,,aerobic,308
AmPr-FHpSA-PrA,,C(CNS(=O)(=O)C(C(C(C(C(C(C(F)(F)F)(F)F)(F)F)(F)F)(F)F)(F)F)(F)F)C(=O)O,,C(C(=O)O)NS(=O)(=O)C(C(C(C(C(C(C(F)(F)F)(F)F)(F)F)(F)F)(F)F)(F)F)(F)F,,,25,biotransformation,,,,,,,,,,aerobic,308
AmPr-FHpSA-PrA,,C[NH+](C)CCCN(CCC(=O)[O-])S(=O)(=O)C(C(C(C(C(C(C(F)(F)F)(F)F)(F)F)(F)F)(F)F)(F)F)(F)F,,C[NH+](C)CCC[N-]S(=O)(=O)C(C(C(C(C(C(C(F)(F)F)(F)F)(F)F)(F)F)(F)F)(F)F)(F)F,,,25,biotransformation,,,,,,,,,,aerobic,308
AmPr-FHpSA-PrA,,C[NH+](C)CCCN(CCC(=O)[O-])S(=O)(=O)C(C(C(C(C(C(C(F)(F)F)(F)F)(F)F)(F)F)(F)F)(F)F)(F)F,,CCN(CC(=O)O)S(=O)(=O)C(C(C(C(C(C(C(F)(F)F)(F)F)(F)F)(F)F)(F)F)(F)F)(F)F,,,25,biotransformation,,,,,,,,,,aerobic,308
AmPr-FHpSA-PrA,,C[NH2+]CCC[N-]S(=O)(=O)C(C(C(C(C(C(C(F)(F)F)(F)F)(F)F)(F)F)(F)F)(F)F)(F)F,,[NH3+]CCC[N-]S(=O)(C(F)(F)C(F)(F)C(F)(F)C(F)(F)C(F)(F)C(F)(F)C(F)(F)F)=O,,,25,biotransformation,,,,,,,,,,aerobic,308
AmPr-FHpSA-PrA,,C(CNS(=O)(=O)C(C(C(C(C(C(C(F)(F)F)(F)F)(F)F)(F)F)(F)F)(F)F)(F)F)C(=O)O,,C(C(C(C(F)(F)F)(F)F)(F)F)(C(C(C(F)(F)S(=O)(=O)N)(F)F)(F)F)(F)F,,,25,biotransformation,,,,,,,,,,aerobic,308
AmPr-FHpSA-PrA,,CCN(CC(=O)O)S(=O)(=O)C(C(C(C(C(C(C(F)(F)F)(F)F)(F)F)(F)F)(F)F)(F)F)(F)F,,C(C(=O)O)NS(=O)(=O)C(C(C(C(C(C(C(F)(F)F)(F)F)(F)F)(F)F)(F)F)(F)F)(F)F,,,25,biotransformation,,,,,,,,,,aerobic,308
AmPr-FHpSA-PrA,,C(C(=O)O)NS(=O)(=O)C(C(C(C(C(C(C(F)(F)F)(F)F)(F)F)(F)F)(F)F)(F)F)(F)F,,C(C(C(C(F)(F)F)(F)F)(F)F)(C(C(C(F)(F)S(=O)(=O)N)(F)F)(F)F)(F)F,,,25,biotransformation,,,,,,,,,,aerobic,308
AmPr-FHpSA-PrA,,C(C(C(C(F)(F)F)(F)F)(F)F)(C(C(C(F)(F)S(=O)(=O)N)(F)F)(F)F)(F)F,,C(C(C(C(F)(F)F)(F)F)(F)F)(C(C(C(F)(F)S(=O)=O)(F)F)(F)F)(F)F,,,25,biotransformation,,,,,,,,,,aerobic,308
AmPr-FHpSA-PrA,,C[NH+](C)CCC[N-]S(=O)(=O)C(C(C(C(C(C(C(F)(F)F)(F)F)(F)F)(F)F)(F)F)(F)F)(F)F,,C[N+](C)(CCCNS(=O)(=O)C(C(C(C(C(C(C(F)(F)F)(F)F)(F)F)(F)F)(F)F)(F)F)(F)F)[O-],,,25,biotransformation,,,,,,,,,,aerobic,308
AmPr-FHxSA,,C[NH+](C)CCC[N-]S(=O)(=O)C(C(C(C(C(C(F)(F)F)(F)F)(F)F)(F)F)(F)F)(F)F,,C[NH2+]CCC[N-]S(=O)(=O)C(C(C(C(C(C(F)(F)F)(F)F)(F)F)(F)F)(F)F)(F)F,0.2,,30,biotransformation,,,,,,,,,,,
AmPr-FHxSA,,C[NH2+]CCC[N-]S(=O)(=O)C(C(C(C(C(C(F)(F)F)(F)F)(F)F)(F)F)(F)F)(F)F,,C(C[NH3+])C[N-]S(=O)(=O)C(C(C(C(C(C(F)(F)F)(F)F)(F)F)(F)F)(F)F)(F)F,0.2,,30,biotransformation,,,,,,,,,,,
AmPr-FHxSA,,C(C[N-]S(=O)(=O)C(C(C(C(C(C(F)(F)F)(F)F)(F)F)(F)F)(F)F)(F)F)C(=O)O,,C(C(C(C(F)(F)S(=O)(=O)[O-])(F)F)(F)F)(C(C(F)(F)F)(F)F)(F)F,0.2,,30,biotransformation,,,,,,,,,,,
AmPr-FHxSA,,C(C[NH3+])C[N-]S(=O)(=O)C(C(C(C(C(C(F)(F)F)(F)F)(F)F)(F)F)(F)F)(F)F,,C(C[N-]S(=O)(=O)C(C(C(C(C(C(F)(F)F)(F)F)(F)F)(F)F)(F)F)(F)F)C=O,0.2,,30,biotransformation,,,,,,,,,,,
AmPr-FHxSA,,C[NH+](C)CCC[N-]S(=O)(=O)C(C(C(C(C(C(F)(F)F)(F)F)(F)F)(F)F)(F)F)(F)F,,C[N+](C)(CCC[N-]S(=O)(=O)C(C(C(C(C(C(F)(F)F)(F)F)(F)F)(F)F)(F)F)(F)F)[O-],0.2,,30,biotransformation,,,,,,,,,,,
AmPr-FHxSA,,C(C[N-]S(=O)(=O)C(C(C(C(C(C(F)(F)F)(F)F)(F)F)(F)F)(F)F)(F)F)C=O,,C(C[N-]S(=O)(=O)C(C(C(C(C(C(F)(F)F)(F)F)(F)F)(F)F)(F)F)(F)F)C(=O)O,0.2,,30,biotransformation,,,,,,,,,,,
AmPr-FHxSA,,C(C(C(C(F)(F)S(=O)[O-])(F)F)(F)F)(C(C(F)(F)F)(F)F)(F)F,,C(C(C(C(F)(F)S(=O)(=O)[O-])(F)F)(F)F)(C(C(F)(F)F)(F)F)(F)F,0.2,,30,biotransformation,,,,,,,,,,,
AmPr-FHxSA,,C(C[N-]S(=O)(=O)C(C(C(C(C(C(F)(F)F)(F)F)(F)F)(F)F)(F)F)(F)F)C(=O)O,,C(C(=O)O)[N-]S(=O)(=O)C(C(C(C(C(C(F)(F)F)(F)F)(F)F)(F)F)(F)F)(F)F,0.2,,30,biotransformation,,,,,,,,,,,
AmPr-FHxSA,,C(C[N-]S(=O)(=O)C(C(C(C(C(C(F)(F)F)(F)F)(F)F)(F)F)(F)F)(F)F)C(=O)O,,C(C(C(C(F)(F)S(=O)(=O)N)(F)F)(F)F)(C(C(F)(F)F)(F)F)(F)F,0.2,,30,biotransformation,,,,,,,,,,,
AmPr-FHxSA,,C(C(=O)O)[N-]S(=O)(=O)C(C(C(C(C(C(F)(F)F)(F)F)(F)F)(F)F)(F)F)(F)F,,C(C(C(C(F)(F)S(=O)(=O)[O-])(F)F)(F)F)(C(C(F)(F)F)(F)F)(F)F,0.2,,30,biotransformation,,,,,,,,,,,
AmPr-FHxSA,,C[N+](C)(CCC[N-]S(=O)(=O)C(C(C(C(C(C(F)(F)F)(F)F)(F)F)(F)F)(F)F)(F)F)[O-],,C(C(C(C(F)(F)S(=O)(=O)[O-])(F)F)(F)F)(C(C(F)(F)F)(F)F)(F)F,0.2,,30,biotransformation,,,,,,,,,,,
AmPr-FHxSA,,CN(C)CCCNS(=O)(=O)C(C(C(C(C(C(F)(F)F)(F)F)(F)F)(F)F)(F)F)(F)F,,CCN(CC(=O)O)S(=O)(=O)C(C(C(C(C(C(F)(F)F)(F)F)(F)F)(F)F)(F)F)(F)F,0.0109,,22,biotransformation,,,,,,,,,,,
AmPr-FHxSA,,C(C(C(C(F)(F)S(=O)=O)(F)F)(F)F)(C(C(F)(F)F)(F)F)(F)F,,C(C(C(C(F)(F)S(=O)(=O)O)(F)F)(F)F)(C(C(F)(F)F)(F)F)(F)F,0.0109,,22,biotransformation,,,,,,,,,,,
AmPr-FHxSA,,CCN(CC(=O)O)S(=O)(=O)C(C(C(C(C(C(F)(F)F)(F)F)(F)F)(F)F)(F)F)(F)F,,C(C(C(C(F)(F)S(=O)=O)(F)F)(F)F)(C(C(F)(F)F)(F)F)(F)F,0.0109,,22,biotransformation,,,,,,,,,,,
AmPr-FHxSA-PrA,,C(C(C(C(F)(F)S(=O)=O)(F)F)(F)F)(C(C(F)(F)F)(F)F)(F)F,,C(C(C(C(F)(F)S(=O)(=O)O)(F)F)(F)F)(C(C(F)(F)F)(F)F)(F)F,,,25,biotransformation,,,,,,,,,,aerobic,308
AmPr-FHxSA-PrA,,C(CNS(=O)(=O)C(C(C(C(C(C(F)(F)F)(F)F)(F)F)(F)F)(F)F)(F)F)C(=O)O,,C(C(C(C(F)(F)S(=O)(=O)N)(F)F)(F)F)(C(C(F)(F)F)(F)F)(F)F,,,25,biotransformation,,,,,,,,,,aerobic,308
AmPr-FHxSA-PrA,,C[NH2+]CCC[N-]S(=O)(=O)C(C(C(C(C(C(F)(F)F)(F)F)(F)F)(F)F)(F)F)(F)F,,C(C[N+])C[N-]S(=O)(=O)C(C(C(C(C(C(F)(F)F)(F)F)(F)F)(F)F)(F)F)(F)F,,,25,biotransformation,,,,,,,,,,aerobic,308
AmPr-FHxSA-PrA,,C[NH+](C)CCC[N-]S(=O)(=O)C(C(C(C(C(C(F)(F)F)(F)F)(F)F)(F)F)(F)F)(F)F,,C[NH2+]CCC[N-]S(=O)(=O)C(C(C(C(C(C(F)(F)F)(F)F)(F)F)(F)F)(F)F)(F)F,,,25,biotransformation,,,,,,,,,,aerobic,308
AmPr-FHxSA-PrA,,C(C(C(C(F)(F)S(=O)(=O)N)(F)F)(F)F)(C(C(F)(F)F)(F)F)(F)F,,C(C(C(C(F)(F)S(=O)=O)(F)F)(F)F)(C(C(F)(F)F)(F)F)(F)F,,,25,biotransformation,,,,,,,,,,aerobic,308
AmPr-FHxSA-PrA,,CN(CC(=O)O)S(=O)(=O)C(C(C(C(C(C(F)(F)F)(F)F)(F)F)(F)F)(F)F)(F)F,,C(C(=O)O)NS(=O)(=O)C(C(C(C(C(C(F)(F)F)(F)F)(F)F)(F)F)(F)F)(F)F,,,25,biotransformation,,,,,,,,,,aerobic,308
AmPr-FHxSA-PrA,,C[N+](C)CCCN(CCC(=O)[O-])S(=O)(=O)C(C(C(C(C(C(F)(F)F)(F)F)(F)F)(F)F)(F)F)(F)F,,CCN(CC(=O)O)S(=O)(=O)C(C(C(C(C(C(F)(F)F)(F)F)(F)F)(F)F)(F)F)(F)F,,,25,biotransformation,,,,,,,,,,aerobic,308
AmPr-FHxSA-PrA,,C[NH+](C)CCC[N-]S(=O)(=O)C(C(C(C(C(C(F)(F)F)(F)F)(F)F)(F)F)(F)F)(F)F,,C[N+](C)(CCCNS(=O)(=O)C(C(C(C(C(C(F)(F)F)(F)F)(F)F)(F)F)(F)F)(F)F)[O-],,,25,biotransformation,,,,,,,,,,aerobic,308
AmPr-FHxSA-PrA,,C(C(=O)O)NS(=O)(=O)C(C(C(C(C(C(F)(F)F)(F)F)(F)F)(F)F)(F)F)(F)F,,C(C(C(C(F)(F)S(=O)(=O)N)(F)F)(F)F)(C(C(F)(F)F)(F)F)(F)F,,,25,biotransformation,,,,,,,,,,aerobic,308
AmPr-FHxSA-PrA,,C[N+](C)CCCN(CCC(=O)[O-])S(=O)(=O)C(C(C(C(C(C(F)(F)F)(F)F)(F)F)(F)F)(F)F)(F)F,,CN(CC(=O)O)S(=O)(=O)C(C(C(C(C(C(F)(F)F)(F)F)(F)F)(F)F)(F)F)(F)F,,,25,biotransformation,,,,,,,,,,aerobic,308
AmPr-FHxSA-PrA,,C(CNS(=O)(=O)C(C(C(C(C(C(F)(F)F)(F)F)(F)F)(F)F)(F)F)(F)F)C(=O)O,,C(C(=O)O)NS(=O)(=O)C(C(C(C(C(C(F)(F)F)(F)F)(F)F)(F)F)(F)F)(F)F,,,25,biotransformation,,,,,,,,,,aerobic,308
AmPr-FHxSA-PrA,,CCN(CC(=O)O)S(=O)(=O)C(C(C(C(C(C(F)(F)F)(F)F)(F)F)(F)F)(F)F)(F)F,,C(C(=O)O)NS(=O)(=O)C(C(C(C(C(C(F)(F)F)(F)F)(F)F)(F)F)(F)F)(F)F,,,25,biotransformation,,,,,,,,,,aerobic,308
AmPr-FHxSA-PrA,,C(C(C(C(F)(F)S(=O)(=O)N)(F)F)(F)F)(C(C(F)(F)F)(F)F)(F)F,,C(C(C(C(F)(F)S(=O)(=O)O)(F)F)(F)F)(C(C(F)(F)F)(F)F)(F)F,,,25,biotransformation,,,,,,,,,,aerobic,308
AmPr-FHxSA-PrA,,C(C[N+])C[N-]S(=O)(=O)C(C(C(C(C(C(F)(F)F)(F)F)(F)F)(F)F)(F)F)(F)F,,C(CNS(=O)(=O)C(C(C(C(C(C(F)(F)F)(F)F)(F)F)(F)F)(F)F)(F)F)C(=O)O,,,25,biotransformation,,,,,,,,,,aerobic,308
AmPr-FOSA-PrA,,C[N+](C)CCCN(CCC(=O)[O-])S(=O)(=O)C(C(C(C(C(C(C(C(F)(F)F)(F)F)(F)F)(F)F)(F)F)(F)F)(F)F)(F)F,,CN(CC(=O)O)S(=O)(=O)C(C(C(C(C(C(C(C(F)(F)F)(F)F)(F)F)(F)F)(F)F)(F)F)(F)F)(F)F,,,25,biotransformation,,,,,,,,,,aerobic,308
AmPr-FOSA-PrA,,CCN(CC(=O)O)S(=O)(=O)C(C(C(C(C(C(C(C(F)(F)F)(F)F)(F)F)(F)F)(F)F)(F)F)(F)F)(F)F,,C(C(=O)O)NS(=O)(=O)C(C(C(C(C(C(C(C(F)(F)F)(F)F)(F)F)(F)F)(F)F)(F)F)(F)F)(F)F,,,25,biotransformation,,,,,,,,,,aerobic,308
AmPr-FOSA-PrA,,C(C(C(C(C(F)(F)S(=O)(=O)N)(F)F)(F)F)(F)F)(C(C(C(F)(F)F)(F)F)(F)F)(F)F,,C(C(C(C(C(F)(F)S(=O)(=O)O)(F)F)(F)F)(F)F)(C(C(C(F)(F)F)(F)F)(F)F)(F)F,,,25,biotransformation,,,,,,,,,,aerobic,308
AmPr-FOSA-PrA,,C(C[NH3+])C[N-]S(=O)(=O)C(C(C(C(C(C(C(C(F)(F)F)(F)F)(F)F)(F)F)(F)F)(F)F)(F)F)(F)F,,C(CNS(=O)(=O)C(C(C(C(C(C(C(C(F)(F)F)(F)F)(F)F)(F)F)(F)F)(F)F)(F)F)(F)F)C(=O)O,,,25,biotransformation,,,,,,,,,,aerobic,308
AmPr-FOSA-PrA,,C(C(C(C(C(F)(F)S(=O)=O)(F)F)(F)F)(F)F)(C(C(C(F)(F)F)(F)F)(F)F)(F)F,,C(C(C(C(C(F)(F)S(=O)(=O)O)(F)F)(F)F)(F)F)(C(C(C(F)(F)F)(F)F)(F)F)(F)F,,,25,biotransformation,,,,,,,,,,aerobic,308
AmPr-FOSA-PrA,,C(CNS(=O)(=O)C(C(C(C(C(C(C(C(F)(F)F)(F)F)(F)F)(F)F)(F)F)(F)F)(F)F)(F)F)C(=O)O,,C(C(=O)O)NS(=O)(=O)C(C(C(C(C(C(C(C(F)(F)F)(F)F)(F)F)(F)F)(F)F)(F)F)(F)F)(F)F,,,25,biotransformation,,,,,,,,,,aerobic,308
AmPr-FOSA-PrA,,C[NH+](C)CCC[N-]S(=O)(=O)C(C(C(C(C(C(C(C(F)(F)F)(F)F)(F)F)(F)F)(F)F)(F)F)(F)F)(F)F,,C[N+](C)(CCCNS(=O)(=O)C(C(C(C(C(C(C(C(F)(F)F)(F)F)(F)F)(F)F)(F)F)(F)F)(F)F)(F)F)[O-],,,25,biotransformation,,,,,,,,,,aerobic,308
AmPr-FOSA-PrA,,CN(CC(=O)O)S(=O)(=O)C(C(C(C(C(C(C(C(F)(F)F)(F)F)(F)F)(F)F)(F)F)(F)F)(F)F)(F)F,,C(C(=O)O)NS(=O)(=O)C(C(C(C(C(C(C(C(F)(F)F)(F)F)(F)F)(F)F)(F)F)(F)F)(F)F)(F)F,,,25,biotransformation,,,,,,,,,,aerobic,308
AmPr-FOSA-PrA,,C(CNS(=O)(=O)C(C(C(C(C(C(C(C(F)(F)F)(F)F)(F)F)(F)F)(F)F)(F)F)(F)F)(F)F)C(=O)O,,C(C(C(C(C(F)(F)S(=O)(=O)N)(F)F)(F)F)(F)F)(C(C(C(F)(F)F)(F)F)(F)F)(F)F,,,25,biotransformation,,,,,,,,,,aerobic,308
AmPr-FOSA-PrA,,C[N+](C)CCCN(CCC(=O)[O-])S(=O)(=O)C(C(C(C(C(C(C(C(F)(F)F)(F)F)(F)F)(F)F)(F)F)(F)F)(F)F)(F)F,,C[NH+](C)CCC[N-]S(=O)(=O)C(C(C(C(C(C(C(C(F)(F)F)(F)F)(F)F)(F)F)(F)F)(F)F)(F)F)(F)F,,,25,biotransformation,,,,,,,,,,aerobic,308
AmPr-FOSA-PrA,,C(C(C(C(C(F)(F)S(=O)(=O)N)(F)F)(F)F)(F)F)(C(C(C(F)(F)F)(F)F)(F)F)(F)F,,C(C(C(C(C(F)(F)S(=O)=O)(F)F)(F)F)(F)F)(C(C(C(F)(F)F)(F)F)(F)F)(F)F,,,25,biotransformation,,,,,,,,,,aerobic,308
AmPr-FOSA-PrA,,C[N+](C)CCCN(CCC(=O)[O-])S(=O)(=O)C(C(C(C(C(C(C(C(F)(F)F)(F)F)(F)F)(F)F)(F)F)(F)F)(F)F)(F)F,,CCN(CC(=O)O)S(=O)(=O)C(C(C(C(C(C(C(C(F)(F)F)(F)F)(F)F)(F)F)(F)F)(F)F)(F)F)(F)F,,,25,biotransformation,,,,,,,,,,aerobic,308
AmPr-FOSA-PrA,,C(C(=O)O)NS(=O)(=O)C(C(C(C(C(C(C(C(F)(F)F)(F)F)(F)F)(F)F)(F)F)(F)F)(F)F)(F)F,,C(C(C(C(C(F)(F)S(=O)(=O)N)(F)F)(F)F)(F)F)(C(C(C(F)(F)F)(F)F)(F)F)(F)F,,,25,biotransformation,,,,,,,,,,aerobic,308
AmPr-FOSA-PrA,,C[NH+](C)CCC[N-]S(=O)(=O)C(C(C(C(C(C(C(C(F)(F)F)(F)F)(F)F)(F)F)(F)F)(F)F)(F)F)(F)F,,C[NH2+]CCC[N-]S(=O)(=O)C(C(C(C(C(C(C(C(F)(F)F)(F)F)(F)F)(F)F)(F)F)(F)F)(F)F)(F)F,,,25,biotransformation,,,,,,,,,,aerobic,308
AmPr-FPeSA-PrA,,C[N+](C)CCCN(CCC(=O)[O-])S(=O)(=O)C(C(C(C(C(F)(F)F)(F)F)(F)F)(F)F)(F)F,,CCN(CC(=O)O)S(=O)(=O)C(C(C(C(C(F)(F)F)(F)F)(F)F)(F)F)(F)F,,,25,biotransformation,,,,,,,,,,aerobic,308
AmPr-FPeSA-PrA,,C(C(=O)O)NS(=O)(=O)C(C(C(C(C(F)(F)F)(F)F)(F)F)(F)F)(F)F,,C(C(C(F)(F)F)(F)F)(C(C(F)(F)S(=O)(=O)N)(F)F)(F)F,,,25,biotransformation,,,,,,,,,,aerobic,308
AmPr-FPeSA-PrA,,C[N+](C)CCCN(CCC(=O)[O-])S(=O)(=O)C(C(C(C(C(F)(F)F)(F)F)(F)F)(F)F)(F)F,,CN(CC(=O)O)S(=O)(=O)C(C(C(C(C(F)(F)F)(F)F)(F)F)(F)F)(F)F,,,25,biotransformation,,,,,,,,,,aerobic,308
AmPr-FPeSA-PrA,,C(C(C(F)(F)F)(F)F)(C(C(F)(F)S(=O)(=O)N)(F)F)(F)F,,C(C(C(F)(F)F)(F)F)(C(C(F)(F)S(=O)=O)(F)F)(F)F,,,25,biotransformation,,,,,,,,,,aerobic,308
AmPr-FPeSA-PrA,,C(CNS(=O)(=O)C(C(C(C(C(F)(F)F)(F)F)(F)F)(F)F)(F)F)C(=O)O,,C(C(=O)O)NS(=O)(=O)C(C(C(C(C(F)(F)F)(F)F)(F)F)(F)F)(F)F,,,25,biotransformation,,,,,,,,,,aerobic,308
AmPr-FPeSA-PrA,,C[NH+](C)CCC[N-]S(=O)(=O)C(C(C(C(C(F)(F)F)(F)F)(F)F)(F)F)(F)F,,C[N+](C)(CCCNS(=O)(=O)C(C(C(C(C(F)(F)F)(F)F)(F)F)(F)F)(F)F)[O-],,,25,biotransformation,,,,,,,,,,aerobic,308
AmPr-FPeSA-PrA,,CN(CC(=O)O)S(=O)(=O)C(C(C(C(C(F)(F)F)(F)F)(F)F)(F)F)(F)F,,C(C(=O)O)NS(=O)(=O)C(C(C(C(C(F)(F)F)(F)F)(F)F)(F)F)(F)F,,,25,biotransformation,,,,,,,,,,aerobic,308
AmPr-FPeSA-PrA,,C(CNS(=O)(=O)C(C(C(C(C(F)(F)F)(F)F)(F)F)(F)F)(F)F)C(=O)O,,C(C(C(F)(F)F)(F)F)(C(C(F)(F)S(=O)(=O)N)(F)F)(F)F,,,25,biotransformation,,,,,,,,,,aerobic,308
AmPr-FPeSA-PrA,,CCN(CC(=O)O)S(=O)(=O)C(C(C(C(C(F)(F)F)(F)F)(F)F)(F)F)(F)F,,C(C(=O)O)NS(=O)(=O)C(C(C(C(C(F)(F)F)(F)F)(F)F)(F)F)(F)F,,,25,biotransformation,,,,,,,,,,aerobic,308
AmPr-FPeSA-PrA,,C[N+]CCC[N-]S(=O)(=O)C(C(C(C(C(F)(F)F)(F)F)(F)F)(F)F)(F)F,,C(C[N+])C[N-]S(=O)(=O)C(C(C(C(C(F)(F)F)(F)F)(F)F)(F)F)(F)F,,,25,biotransformation,,,,,,,,,,aerobic,308
AmPr-FPeSA-PrA,,C[N+](C)CCCN(CCC(=O)[O-])S(=O)(=O)C(C(C(C(C(F)(F)F)(F)F)(F)F)(F)F)(F)F,,C[NH+](C)CCC[N-]S(=O)(=O)C(C(C(C(C(F)(F)F)(F)F)(F)F)(F)F)(F)F,,,25,biotransformation,,,,,,,,,,aerobic,308
AmPr-FPeSA-PrA,,C(C[N+])C[N-]S(=O)(=O)C(C(C(C(C(F)(F)F)(F)F)(F)F)(F)F)(F)F,,C(CNS(=O)(=O)C(C(C(C(C(F)(F)F)(F)F)(F)F)(F)F)(F)F)C(=O)O,,,25,biotransformation,,,,,,,,,,aerobic,308
AmPr-FPeSA-PrA,,C(C(C(F)(F)F)(F)F)(C(C(F)(F)S(=O)(=O)N)(F)F)(F)F,,C(C(C(F)(F)F)(F)F)(C(C(F)(F)S(=O)(=O)O)(F)F)(F)F,,,25,biotransformation,,,,,,,,,,aerobic,308
AmPr-FPeSA-PrA,,C(C(C(F)(F)F)(F)F)(C(C(F)(F)S(=O)=O)(F)F)(F)F,,C(C(C(F)(F)F)(F)F)(C(C(F)(F)S(=O)(=O)O)(F)F)(F)F,,,25,biotransformation,,,,,,,,,,aerobic,308
AmPr-FPeSA-PrA,,C[NH+](C)CCC[N-]S(=O)(=O)C(C(C(C(C(F)(F)F)(F)F)(F)F)(F)F)(F)F,,C[N+]CCC[N-]S(=O)(=O)C(C(C(C(C(F)(F)F)(F)F)(F)F)(F)F)(F)F,,,25,biotransformation,,,,,,,,,,aerobic,308
CTFE2,,C(=O)(C(C(C(Cl)(F)F)(Cl)F)(F)F)[O-],,C(C(C(=O)[O-])(F)F)(C(Cl)(F)F)F,,7.4,34,biotransformation,,,,,,,,,,anaerobic,
CTFE2,,C(=O)(C(C(C(Cl)(F)F)(Cl)F)(F)F)[O-],,C(=C(\F)/F)(/C(C(=O)[O-])(F)F)\F,,7.4,34,biotransformation,,,,,,,,,,anaerobic,
CTFE2,,C(C(C(=O)[O-])(F)F)(C(F)(F)O)F,,C(C(=O)O)(C(C(=O)[O-])(F)F)F,,7.4,34,biotransformation,,,,,,,,,,anaerobic,
CTFE2,,C(=O)(C(C(C(F)(F)O)(Cl)F)(F)F)[O-],,C(=O)(C(C(C(=O)[O-])(F)F)(Cl)F)O,,7.4,34,biotransformation,,,,,,,,,,anaerobic,
CTFE2,,C(C(C(=O)[O-])(F)F)(C(Cl)(F)F)F,,C(C(F)F)(C(C(=O)[O-])(F)F)F,,7.4,34,biotransformation,,,,,,,,,,anaerobic,
CTFE2,,C(=O)(C(C(C(Cl)(F)F)(Cl)F)(F)F)[O-],,C(=O)(C(C(C(F)(F)O)(Cl)F)(F)F)[O-],,7.4,34,biotransformation,,,,,,,,,,anaerobic,
CTFE2,,C(=O)(C(C(C(=O)[O-])(F)F)(Cl)F)O,,C(C(=O)O)(C(C(=O)[O-])(F)F)F,,7.4,34,biotransformation,,,,,,,,,,anaerobic,
CTFE2,,C(C(C(=O)[O-])(F)F)(C(Cl)(F)F)F,,C(C(C(=O)[O-])(F)F)(C(F)(F)O)F,,7.4,34,biotransformation,,,,,,,,,,anaerobic,
CTFE2,,C(=C(\F)/F)(/C(C(=O)[O-])(F)F)\F,,C(C(F)F)(C(C(=O)[O-])(F)F)F,,7.4,34,biotransformation,,,,,,,,,,anaerobic,
CTFE3,,C(=O)(C(C(C(C(C(Cl)(F)F)(Cl)F)(F)F)(Cl)F)(F)F)[O-],,C(C(C(C(C(=O)[O-])(F)F)(Cl)F)(F)F)(C(Cl)(F)F)F,,7.4,34,biotransformation,,,,,,,,,,anaerobic,
CTFE3,,C(=C(\C(C(=O)C(=O)O)(F)F)/F)(/C(=O)[O-])\F,,C(C(C(C(=O)O)(F)F)F)(C(=O)[O-])F,,7.4,34,biotransformation,,,,,,,,,,anaerobic,
CTFE3,,C(=C(\C(C(C(=O)O)F)(F)F)/F)(/C(=O)[O-])\F,,C(C(C(C(C(=O)O)F)(F)F)F)(C(=O)[O-])F,,7.4,34,biotransformation,,,,,,,,,,anaerobic,
CTFE3,,C(=O)(C(C(C(C(C(Cl)(F)F)(Cl)F)(F)F)(Cl)F)(F)F)[O-],,C(=C(\C(C(C(Cl)(F)F)(Cl)F)(F)F)/F)(/C(=O)[O-])\F,,7.4,34,biotransformation,,,,,,,,,,anaerobic,
CTFE3,,C(C(=O)O)(C(C(C(C(=O)[O-])(F)F)(Cl)F)(F)F)F,,C(=C(\C(C(C(=O)O)F)(F)F)/F)(/C(=O)[O-])\F,,7.4,34,biotransformation,,,,,,,,,,anaerobic,
CTFE3,,C(=C(\C(C(=C(F)F)F)(F)F)/F)(/C(=O)[O-])\F,,C(C(C(/C(=C(\F)/F)/F)(F)F)F)(C(=O)[O-])F,,7.4,34,biotransformation,,,,,,,,,,anaerobic,
CTFE3,,C(C(C(C(C(=O)[O-])(F)F)(Cl)F)(F)F)(C(Cl)(F)F)F,,C(C(C(C(C(=O)[O-])(F)F)(F)O)(F)F)(C(F)(F)O)F,,7.4,34,biotransformation,,,,,,,,,,anaerobic,
CTFE3,,C(C(C(C(C(=O)[O-])(F)F)(F)O)(F)F)(C(F)(F)O)F,,C(C(=O)O)(C(C(=O)C(C(=O)[O-])(F)F)(F)F)F,,7.4,34,biotransformation,,,,,,,,,,anaerobic,
CTFE3,,C(C(=O)O)(C(C(C(C(=O)[O-])(F)F)(Cl)F)(F)F)F,,C(C(=O)O)C(C(C(C(=O)[O-])(F)F)F)(F)F,,7.4,34,biotransformation,,,,,,,,,,anaerobic,
CTFE3,,C(=C(\C(C(=C(F)F)F)(F)F)/F)(/C(=O)[O-])\F,,C(=C(\C(/C(=C(\F)/F)/F)(F)F)/F)/C(=O)[O-],,7.4,34,biotransformation,,,,,,,,,,anaerobic,
CTFE3,,C(=C(\C(C(C(Cl)(F)F)(Cl)F)(F)F)/F)(/C(=O)[O-])\F,,C(=C(\C(C(=C(F)F)F)(F)F)/F)(/C(=O)[O-])\F,,7.4,34,biotransformation,,,,,,,,,,anaerobic,
CTFE3,,C(C(C(=O)[O-])(F)F)(C(C(C(F)(F)O)(Cl)F)(F)F)F,,C(C(C(=O)[O-])(F)F)(C(C(C(=O)F)(Cl)F)(F)F)F,,7.4,34,biotransformation,,,,,,,,,,anaerobic,
CTFE3,,C(C(C(=O)[O-])(F)F)(C(C(C(Cl)(F)F)(Cl)F)(F)F)F,,C(C(C(C(Cl)(F)F)F)(F)F)(C(C(=O)[O-])(F)F)F,,7.4,34,biotransformation,,,,,,,,,,anaerobic,
CTFE3,,C(C(C(=O)[O-])(F)F)(C(C(C(=O)O)(Cl)F)(F)F)F,,C(=C(\C(C(C(=O)O)F)(F)F)/F)(/C(=O)[O-])\F,,7.4,34,biotransformation,,,,,,,,,,anaerobic,
CTFE3,,C(C(C(=O)[O-])(F)F)(C(C(C(=O)F)(Cl)F)(F)F)F,,C(C(=O)O)(C(C(C(C(=O)[O-])(F)F)(Cl)F)(F)F)F,,7.4,34,biotransformation,,,,,,,,,,anaerobic,
CTFE3,,C(C(=O)O)(C(C(=O)C(C(=O)[O-])(F)F)(F)F)F,,C(C(=O)O)(C(C(=O)[O-])(F)F)F,,7.4,34,biotransformation,,,,,,,,,,anaerobic,
CTFE3,,C(C(C(=O)[O-])(F)F)(C(C(C(=O)O)(Cl)F)(F)F)F,,C(C(=O)O)C(C(C(C(=O)[O-])(F)F)F)(F)F,,7.4,34,biotransformation,,,,,,,,,,anaerobic,
CTFE3,,C(C(=O)O)(C(C(C(C(=O)[O-])(F)F)(Cl)F)(F)F)F,,C(C(=O)O)(C(C(C(C(=O)[O-])(F)F)F)(F)F)F,,7.4,34,biotransformation,,,,,,,,,,anaerobic,
CTFE3,,C(=O)(C(C(C(C(C(Cl)(F)F)(Cl)F)(F)F)(Cl)F)(F)F)[O-],,C(=C(\C(C(C(F)(F)O)(F)O)(F)F)/F)(/C(=O)[O-])\F,,7.4,34,biotransformation,,,,,,,,,,anaerobic,
CTFE3,,C(=C(\C(C(C(Cl)(F)F)(Cl)F)(F)F)/F)(/C(=O)[O-])\F,,C(C(C(C(C(Cl)(F)F)F)(F)F)F)(C(=O)[O-])F,,7.4,34,biotransformation,,,,,,,,,,anaerobic,
CTFE3,,C(=C(/F)\F)(/C(C(C(C(=O)[O-])(F)F)(Cl)F)(F)F)\F,,C(=C(/F)\F)(/C(C(C(C(=O)[O-])(F)F)F)(F)F)\F,,7.4,34,biotransformation,,,,,,,,,,anaerobic,
CTFE3,,C(=O)(C(C(C(C(C(F)(F)O)(Cl)F)(F)F)(F)O)(F)F)[O-],,C(=O)(C(C(=O)[O-])(F)F)C(C(C(=O)O)(Cl)F)(F)F,,7.4,34,biotransformation,,,,,,,,,,anaerobic,
CTFE3,,C(=C(\C(C(C(F)(F)O)(F)O)(F)F)/F)(/C(=O)[O-])\F,,C(=C(\C(C(=O)C(=O)O)(F)F)/F)(/C(=O)[O-])\F,,7.4,34,biotransformation,,,,,,,,,,anaerobic,
CTFE3,,C(C(C(=O)[O-])(F)F)(C(C(C(Cl)(F)F)(Cl)F)(F)F)F,,C(C(C(=O)[O-])(F)F)(C(C(C(F)(F)O)(Cl)F)(F)F)F,,7.4,34,biotransformation,,,,,,,,,,anaerobic,
CTFE3,,C(=O)(C(C(C(C(C(Cl)(F)F)(Cl)F)(F)F)(Cl)F)(F)F)[O-],,C(=O)(C(C(C(C(C(F)(F)O)(Cl)F)(F)F)(F)O)(F)F)[O-],,7.4,34,biotransformation,,,,,,,,,,anaerobic,
CTFE3,,C(=O)(C(C(C(=O)[O-])(F)F)(Cl)F)O,,C(C(=O)O)(C(C(=O)[O-])(F)F)F,,7.4,34,biotransformation,,,,,,,,,,anaerobic,
CTFE3,,C(=O)(C(C(C(C(C(Cl)(F)F)(Cl)F)(F)F)(Cl)F)(F)F)[O-],,C(C(C(=O)[O-])(F)F)(C(C(C(Cl)(F)F)(Cl)F)(F)F)F,,7.4,34,biotransformation,,,,,,,,,,anaerobic,
CTFE3,,C(=C(\C(C(C(=O)O)F)(F)F)/F)(/C(=O)[O-])\F,,C(C(=O)O)C(C(C(C(=O)[O-])(F)F)F)(F)F,,7.4,34,biotransformation,,,,,,,,,,anaerobic,
CTFE3,,C(C(C(C(C(=O)[O-])(F)F)(Cl)F)(F)F)(C(Cl)(F)F)F,,C(C(C(C(Cl)(F)F)F)(F)F)(C(C(=O)[O-])(F)F)F,,7.4,34,biotransformation,,,,,,,,,,anaerobic,
CTFE3,,C(C(=O)O)(C(C(C(C(=O)[O-])(F)F)(Cl)F)(F)F)F,,C(C(C(C(C(=O)O)F)(F)F)F)(C(=O)[O-])F,,7.4,34,biotransformation,,,,,,,,,,anaerobic,
CTFE3,,C(=O)(C(C(=O)[O-])(F)F)C(C(C(=O)O)(Cl)F)(F)F,,C(=O)(C(C(C(=O)[O-])(F)F)(Cl)F)O,,7.4,34,biotransformation,,,,,,,,,,anaerobic,
CTFE3,,C(C(C(=O)[O-])(F)F)(C(C(C(=O)F)(Cl)F)(F)F)F,,C(C(C(=O)[O-])(F)F)(C(C(C(=O)O)(Cl)F)(F)F)F,,7.4,34,biotransformation,,,,,,,,,,anaerobic,
CTFE3,,C(=O)(C(C(C(C(C(Cl)(F)F)(Cl)F)(F)F)(Cl)F)(F)F)[O-],,C(=C(/F)\F)(/C(C(C(C(=O)[O-])(F)F)(Cl)F)(F)F)\F,,7.4,34,biotransformation,,,,,,,,,,anaerobic,
CTFE3,,C(=C(/F)\F)(/C(C(C(C(=O)[O-])(F)F)F)(F)F)\F,,C(C(F)F)(C(C(C(C(=O)[O-])(F)F)F)(F)F)F,,7.4,34,biotransformation,,,,,,,,,,anaerobic,
CTFE3,,C(C(C(=O)[O-])(F)F)(C(C(C(=O)O)(Cl)F)(F)F)F,,C(C(=O)O)(C(C(C(C(=O)[O-])(F)F)F)(F)F)F,,7.4,34,biotransformation,,,,,,,,,,anaerobic,
CTFE3,,C(C(C(=O)[O-])(F)F)(C(C(C(=O)O)(Cl)F)(F)F)F,,C(C(C(C(C(=O)O)F)(F)F)F)(C(=O)[O-])F,,7.4,34,biotransformation,,,,,,,,,,anaerobic,
CTFE4,,C(=O)(C(C(=O)O)(F)F)C(C(=O)[O-])(F)F,,C(=O)(C(C(=O)[O-])(F)F)O,,7.4,34,biotransformation,,,,,,,,,,anaerobic,
CTFE4,,C(=O)(C(=O)O)C(C(C(C(C(C(=O)[O-])(F)F)(Cl)F)(F)F)(Cl)F)(F)F,,C(=O)(C(C(C(C(C(C(=O)[O-])(F)F)(Cl)F)(F)F)(Cl)F)(F)F)O,,7.4,34,biotransformation,,,,,,,,,,anaerobic,
CTFE4,,C(=O)(C(C(=O)[O-])(F)F)C(C(C(C(=O)O)(F)F)(Cl)F)(F)F,,C(=O)(C(C(=O)O)(F)F)C(C(=O)[O-])(F)F,,7.4,34,biotransformation,,,,,,,,,,anaerobic,
CTFE4,,C(=O)(C(C(C(C(C(C(=O)[O-])(F)F)(Cl)F)(F)F)(Cl)F)(F)F)O,,C(=O)(C(C(=O)[O-])(F)F)C(C(C(C(=O)O)(F)F)(Cl)F)(F)F,,7.4,34,biotransformation,,,,,,,,,,anaerobic,
CTFE4,,C(=O)(C(C(C(C(C(C(C(Cl)(F)F)(Cl)F)(F)F)(Cl)F)(F)F)(Cl)F)(F)F)[O-],,C(=O)(C(=O)O)C(C(C(C(C(C(=O)[O-])(F)F)(Cl)F)(F)F)(Cl)F)(F)F,,7.4,34,biotransformation,,,,,,,,,,anaerobic,
CTFE4,,C(=O)(C(C(=O)[O-])(F)F)C(C(C(=O)O)(Cl)F)(F)F,,C(=O)(C(C(C(=O)[O-])(F)F)(Cl)F)O,,7.4,34,biotransformation,,,,,,,,,,anaerobic,
CTFE4,,C(=O)(C(C(C(=O)[O-])(F)F)(Cl)F)O,,C(C(=O)O)(C(C(=O)[O-])(F)F)F,,7.4,34,biotransformation,,,,,,,,,,anaerobic,
CTFE4,,C(=O)(C(C(=O)[O-])(F)F)C(C(C(C(C(=O)O)(Cl)F)(F)F)(Cl)F)(F)F,,C(=O)(C(C(=O)[O-])(F)F)C(C(C(=O)O)(Cl)F)(F)F,,7.4,34,biotransformation,,,,,,,,,,anaerobic,
Cet-AmPr-FHpAd,,CNCCCNC(=O)C(C(C(C(C(C(C(F)(F)F)(F)F)(F)F)(F)F)(F)F)(F)F)(F)F,,C(CN)CNC(=O)C(C(C(C(C(C(C(F)(F)F)(F)F)(F)F)(F)F)(F)F)(F)F)(F)F,,,25,biotransformation,,,,,,,,,,aerobic,308
Cet-AmPr-FHpAd,,CN(C)CCCNC(=O)C(C(C(C(C(C(C(F)(F)F)(F)F)(F)F)(F)F)(F)F)(F)F)(F)F,,C[N+](C)(CCCNC(=O)C(C(C(C(C(C(C(F)(F)F)(F)F)(F)F)(F)F)(F)F)(F)F)(F)F)[O-],,,25,biotransformation,,,,,,,,,,aerobic,308
Cet-AmPr-FHpAd,,C(CNC(=O)C(C(C(C(C(C(C(F)(F)F)(F)F)(F)F)(F)F)(F)F)(F)F)(F)F)C(=O)O,,C(=O)(C(C(C(C(C(C(C(F)(F)F)(F)F)(F)F)(F)F)(F)F)(F)F)(F)F)O,,,25,biotransformation,,,,,,,,,,aerobic,308
Cet-AmPr-FHpAd,,CN(C)CCCNC(=O)C(C(C(C(C(C(C(F)(F)F)(F)F)(F)F)(F)F)(F)F)(F)F)(F)F,,CNCCCNC(=O)C(C(C(C(C(C(C(F)(F)F)(F)F)(F)F)(F)F)(F)F)(F)F)(F)F,,,25,biotransformation,,,,,,,,,,aerobic,308
Cet-AmPr-FHpAd,,C[N+](C)(CCCNC(=O)C(C(C(C(C(C(C(F)(F)F)(F)F)(F)F)(F)F)(F)F)(F)F)(F)F)CCC(=O)[O-],,CN(C)CCCNC(=O)C(C(C(C(C(C(C(F)(F)F)(F)F)(F)F)(F)F)(F)F)(F)F)(F)F,,,25,biotransformation,,,,,,,,,,aerobic,308
Cet-AmPr-FHpAd,,C(CN)CNC(=O)C(C(C(C(C(C(C(F)(F)F)(F)F)(F)F)(F)F)(F)F)(F)F)(F)F,,C(CNC(=O)C(C(C(C(C(C(C(F)(F)F)(F)F)(F)F)(F)F)(F)F)(F)F)(F)F)C(=O)O,,,25,biotransformation,,,,,,,,,,aerobic,308
DFTA,,C(=C(\C(C(C(F)(F)F)(F)F)(F)F)/F)/C(C(C(C(C(=O)O)(F)F)(F)F)(F)F)(F)F,,C(=O)(C(C(C(F)(F)F)(F)F)(F)F)O,189,,20,biotransformation,,,,,,,,,30,aerobic,
DFTA,,C(=C(\C(C(C(/C(=C/C(C(C(C(F)(F)F)(F)F)(F)F)(F)F)/F)(F)F)(F)F)(F)F)/F)/C(=O)O,,C(=C(\C(C(C(=O)O)(F)F)(F)F)/F)/C(C(C(C(F)(F)F)(F)F)(F)F)(F)F,189,,20,biotransformation,,,,,,,,,30,aerobic,
DFTA,,C(=C(\C(C(C(C(/C=C(/C(C(C(F)(F)F)(F)F)(F)F)\F)(F)F)(F)F)(F)F)(F)F)/F)/C(=O)O,,C(=C(\C(C(C(F)(F)F)(F)F)(F)F)/F)/C(C(C(C(C(=O)O)(F)F)(F)F)(F)F)(F)F,189,,20,biotransformation,,,,,,,,,30,aerobic,
DFTA,,C(=C(\C(C(C(F)(F)F)(F)F)(F)F)/F)/C(C(C(C(=O)O)(F)F)(F)F)(F)F,,C(=O)(C(C(C(F)(F)F)(F)F)(F)F)O,189,,20,biotransformation,,,,,,,,,30,aerobic,
DFTA,,C(=C(\C(C(C(C(CC(C(C(C(F)(F)F)(F)F)(F)F)(F)F)(F)F)(F)F)(F)F)(F)F)/F)/C(=O)O,,C(=C(\C(C(C(/C(=C/C(C(C(C(F)(F)F)(F)F)(F)F)(F)F)/F)(F)F)(F)F)(F)F)/F)/C(=O)O,189,,20,biotransformation,,,,,,,,,30,aerobic,
DFTA,,C(=C(\C(C(C(C(/C=C(/C(C(C(F)(F)F)(F)F)(F)F)\F)(F)F)(F)F)(F)F)(F)F)/F)/C(=O)O,,C(=C(\C(C(C(F)(F)F)(F)F)(F)F)/F)/C(C(C(=O)O)(F)F)(F)F,189,,20,biotransformation,,,,,,,,,30,aerobic,
DFTA,,C(=C(\C(C(C(C(=O)O)(F)F)(F)F)(F)F)/F)/C(C(C(C(F)(F)F)(F)F)(F)F)(F)F,,C(=O)(C(C(C(C(F)(F)F)(F)F)(F)F)(F)F)O,189,,20,biotransformation,,,,,,,,,30,aerobic,
DFTA,,C(=C(\C(C(=O)O)(F)F)/F)/C(C(C(C(F)(F)F)(F)F)(F)F)(F)F,,C(=O)(C(C(=O)O)(F)F)O,189,,20,biotransformation,,,,,,,,,30,aerobic,
DFTA,,C(=C(\C(C(C(/C(=C/C(C(C(C(F)(F)F)(F)F)(F)F)(F)F)/F)(F)F)(F)F)(F)F)/F)/C(=O)O,,C(=C(\C(C(C(C(=O)O)(F)F)(F)F)(F)F)/F)/C(C(C(C(F)(F)F)(F)F)(F)F)(F)F,189,,20,biotransformation,,,,,,,,,30,aerobic,
DFTA,,C(=C(\C(C(C(F)(F)F)(F)F)(F)F)/F)/C(C(C(=O)O)(F)F)(F)F,,C(=O)(C(C(C(F)(F)F)(F)F)(F)F)O,189,,20,biotransformation,,,,,,,,,30,aerobic,
DFTA,,C(=C(\C(C(C(C(=O)O)(F)F)(F)F)(F)F)/F)/C(C(C(C(F)(F)F)(F)F)(F)F)(F)F,,C(=O)(C(C(C(C(=O)O)(F)F)(F)F)(F)F)O,189,,20,biotransformation,,,,,,,,,30,aerobic,
DFTA,,C(=C(\C(C(C(=O)O)(F)F)(F)F)/F)/C(C(C(C(F)(F)F)(F)F)(F)F)(F)F,,C(=O)(C(C(C(=O)O)(F)F)(F)F)O,189,,20,biotransformation,,,,,,,,,30,aerobic,
DFTA,,C(=C(\C(C(C(=O)O)(F)F)(F)F)/F)/C(C(C(C(F)(F)F)(F)F)(F)F)(F)F,,C(=O)(C(C(C(C(F)(F)F)(F)F)(F)F)(F)F)O,189,,20,biotransformation,,,,,,,,,30,aerobic,
DFTA,,C(=C(\C(C(C(F)(F)F)(F)F)(F)F)/F)/C(C(C(C(=O)O)(F)F)(F)F)(F)F,,C(=O)(C(C(C(C(=O)O)(F)F)(F)F)(F)F)O,189,,20,biotransformation,,,,,,,,,30,aerobic,
DFTA,,C(=C(\C(C(C(F)(F)F)(F)F)(F)F)/F)/C(C(C(C(C(=O)O)(F)F)(F)F)(F)F)(F)F,,C(=O)(C(C(C(C(C(=O)O)(F)F)(F)F)(F)F)(F)F)O,189,,20,biotransformation,,,,,,,,,30,aerobic,
DFTA,,C(CO)C(C(C(C(C(CC(C(C(C(F)(F)F)(F)F)(F)F)(F)F)(F)F)(F)F)(F)F)(F)F)(F)F,,C(C(=O)O)C(C(C(C(C(CC(C(C(C(F)(F)F)(F)F)(F)F)(F)F)(F)F)(F)F)(F)F)(F)F)(F)F,189,,20,biotransformation,,,,,,,,,30,aerobic,
DFTA,,C(=C(\C(C(C(/C(=C/C(C(C(C(F)(F)F)(F)F)(F)F)(F)F)/F)(F)F)(F)F)(F)F)/F)/C(=O)O,,C(=C(\C(C(=O)O)(F)F)/F)/C(C(C(C(F)(F)F)(F)F)(F)F)(F)F,189,,20,biotransformation,,,,,,,,,30,aerobic,
DFTA,,C(=C(\C(C(C(F)(F)F)(F)F)(F)F)/F)/C(C(C(=O)O)(F)F)(F)F,,C(=O)(C(C(C(=O)O)(F)F)(F)F)O,189,,20,biotransformation,,,,,,,,,30,aerobic,
DFTA,,C(C(=O)O)C(C(C(C(C(CC(C(C(C(F)(F)F)(F)F)(F)F)(F)F)(F)F)(F)F)(F)F)(F)F)(F)F,,C(=C(\C(C(C(C(CC(C(C(C(F)(F)F)(F)F)(F)F)(F)F)(F)F)(F)F)(F)F)(F)F)/F)/C(=O)O,189,,20,biotransformation,,,,,,,,,30,aerobic,
DFTA,,C(=C(\C(C(C(C(CC(C(C(C(F)(F)F)(F)F)(F)F)(F)F)(F)F)(F)F)(F)F)(F)F)/F)/C(=O)O,,C(=C(\C(C(C(C(/C=C(/C(C(C(F)(F)F)(F)F)(F)F)\F)(F)F)(F)F)(F)F)(F)F)/F)/C(=O)O,189,,20,biotransformation,,,,,,,,,30,aerobic,
DFTA,,C(=C(\C(C(=O)O)(F)F)/F)/C(C(C(C(F)(F)F)(F)F)(F)F)(F)F,,C(=O)(C(C(C(C(F)(F)F)(F)F)(F)F)(F)F)O,189,,20,biotransformation,,,,,,,,,30,aerobic,
DFTA,,C(=C(\C(C(C(C(/C=C(/C(C(C(F)(F)F)(F)F)(F)F)\F)(F)F)(F)F)(F)F)(F)F)/F)/C(=O)O,,C(=C(\C(C(C(F)(F)F)(F)F)(F)F)/F)/C(C(C(C(=O)O)(F)F)(F)F)(F)F,189,,20,biotransformation,,,,,,,,,30,aerobic,
EtFOSE,,CCN(CCO)S(=O)(=O)C(C(C(C(C(C(C(C(F)(F)F)(F)F)(F)F)(F)F)(F)F)(F)F)(F)F)(F)F,,CCN(CC(=O)O)S(=O)(=O)C(C(C(C(C(C(C(C(F)(F)F)(F)F)(F)F)(F)F)(F)F)(F)F)(F)F)(F)F,1.75,,24,biotransformation,,,,,,,,14.3,4,anaerobic,
EtFOSE,,CCN(CC(=O)O)S(=O)(=O)C(C(C(C(C(C(C(C(F)(F)F)(F)F)(F)F)(F)F)(F)F)(F)F)(F)F)(F)F,,C(C(C(C(C(F)(F)S(=O)O)(F)F)(F)F)(F)F)(C(C(C(F)(F)F)(F)F)(F)F)(F)F,1.75,,24,biotransformation,,,,,,,,14.3,4,anaerobic,
EtFOSE,,C(C(C(C(C(F)(F)S(=O)(=O)N)(F)F)(F)F)(F)F)(C(C(C(F)(F)F)(F)F)(F)F)(F)F,,C(C(C(C(C(F)(F)S(=O)=O)(F)F)(F)F)(F)F)(C(C(C(F)(F)F)(F)F)(F)F)(F)F,0.715,7.4,22,biotransformation,,5.9,16.9,,,,28,,,aerobic,182
EtFOSE,,C(C=O)NS(=O)(=O)C(C(C(C(C(C(C(C(F)(F)F)(F)F)(F)F)(F)F)(F)F)(F)F)(F)F)(F)F,,C(C(=O)O)NS(=O)(=O)C(C(C(C(C(C(C(C(F)(F)F)(F)F)(F)F)(F)F)(F)F)(F)F)(F)F)(F)F,0.715,7.4,22,biotransformation,,5.9,16.9,,,,28,,,aerobic,182
EtFOSE,,CCNS(=O)(=O)C(C(C(C(C(C(C(C(F)(F)F)(F)F)(F)F)(F)F)(F)F)(F)F)(F)F)(F)F,,C(C(C(C(C(F)(F)S(=O)(=O)N)(F)F)(F)F)(F)F)(C(C(C(F)(F)F)(F)F)(F)F)(F)F,0.715,7.4,22,biotransformation,,5.9,16.9,,,,28,,,aerobic,182
EtFOSE,,CCN(CC(=O)O)S(=O)(=O)C(C(C(C(C(C(C(C(F)(F)F)(F)F)(F)F)(F)F)(F)F)(F)F)(F)F)(F)F,,CCNS(=O)(=O)C(C(C(C(C(C(C(C(F)(F)F)(F)F)(F)F)(F)F)(F)F)(F)F)(F)F)(F)F,0.715,7.4,22,biotransformation,,5.9,16.9,,,,28,,,aerobic,182
EtFOSE,,CCN(CCO)S(=O)(=O)C(C(C(C(C(C(C(C(F)(F)F)(F)F)(F)F)(F)F)(F)F)(F)F)(F)F)(F)F,,CCN(CC=O)S(=O)(=O)C(C(C(C(C(C(C(C(F)(F)F)(F)F)(F)F)(F)F)(F)F)(F)F)(F)F)(F)F,0.715,7.4,22,biotransformation,,5.9,16.9,,,,28,,,aerobic,182
EtFOSE,,CCNS(=O)(=O)C(C(C(C(C(C(C(C(F)(F)F)(F)F)(F)F)(F)F)(F)F)(F)F)(F)F)(F)F,,C(CO)NS(=O)(=O)C(C(C(C(C(C(C(C(F)(F)F)(F)F)(F)F)(F)F)(F)F)(F)F)(F)F)(F)F,0.715,7.4,22,biotransformation,,5.9,16.9,,,,28,,,aerobic,182
EtFOSE,,C(C(=O)O)NS(=O)(=O)C(C(C(C(C(C(C(C(F)(F)F)(F)F)(F)F)(F)F)(F)F)(F)F)(F)F)(F)F,,C(C(C(C(C(F)(F)S(=O)(=O)N)(F)F)(F)F)(F)F)(C(C(C(F)(F)F)(F)F)(F)F)(F)F,0.715,7.4,22,biotransformation,,5.9,16.9,,,,28,,,aerobic,182
EtFOSE,,C(CO)NS(=O)(=O)C(C(C(C(C(C(C(C(F)(F)F)(F)F)(F)F)(F)F)(F)F)(F)F)(F)F)(F)F,,C(C=O)NS(=O)(=O)C(C(C(C(C(C(C(C(F)(F)F)(F)F)(F)F)(F)F)(F)F)(F)F)(F)F)(F)F,0.715,7.4,22,biotransformation,,5.9,16.9,,,,28,,,aerobic,182
EtFOSE,,CCN(CC=O)S(=O)(=O)C(C(C(C(C(C(C(C(F)(F)F)(F)F)(F)F)(F)F)(F)F)(F)F)(F)F)(F)F,,CCN(CC(=O)O)S(=O)(=O)C(C(C(C(C(C(C(C(F)(F)F)(F)F)(F)F)(F)F)(F)F)(F)F)(F)F)(F)F,0.715,7.4,22,biotransformation,,5.9,16.9,,,,28,,,aerobic,182
EtFOSE,,C(C(C(C(C(F)(F)S(=O)=O)(F)F)(F)F)(F)F)(C(C(C(F)(F)F)(F)F)(F)F)(F)F,,C(C(C(C(C(F)(F)S(=O)(=O)O)(F)F)(F)F)(F)F)(C(C(C(F)(F)F)(F)F)(F)F)(F)F,0.715,7.4,22,biotransformation,,5.9,16.9,,,,28,,,aerobic,182
EtFOSE,,C(C(C(C(C(F)(F)S(=O)(=O)N)(F)F)(F)F)(F)F)(C(C(C(F)(F)F)(F)F)(F)F)(F)F,,C(C(C(C(C(F)(F)S(=O)=O)(F)F)(F)F)(F)F)(C(C(C(F)(F)F)(F)F)(F)F)(F)F,0.0035,7,22,biotransformation,,,,,,,,,,aerobic,56
EtFOSE,,CCN(CCO)S(=O)(=O)C(C(C(C(C(C(C(C(F)(F)F)(F)F)(F)F)(F)F)(F)F)(F)F)(F)F)(F)F,,CCN(CC(=O)O)S(=O)(=O)C(C(C(C(C(C(C(C(F)(F)F)(F)F)(F)F)(F)F)(F)F)(F)F)(F)F)(F)F,0.0035,7,22,biotransformation,,,,,,,,,,aerobic,56
EtFOSE,,CCN(CC(=O)O)S(=O)(=O)C(C(C(C(C(C(C(C(F)(F)F)(F)F)(F)F)(F)F)(F)F)(F)F)(F)F)(F)F,,C(C(C(C(C(F)(F)S(=O)=O)(F)F)(F)F)(F)F)(C(C(C(F)(F)F)(F)F)(F)F)(F)F,0.0035,7,22,biotransformation,,,,,,,,,,aerobic,56
EtFOSE,,CCNS(=O)(=O)C(C(C(C(C(C(C(C(F)(F)F)(F)F)(F)F)(F)F)(F)F)(F)F)(F)F)(F)F,,C(C(C(C(C(F)(F)S(=O)(=O)N)(F)F)(F)F)(F)F)(C(C(C(F)(F)F)(F)F)(F)F)(F)F,0.0035,7,22,biotransformation,,,,,,,,,,aerobic,56
EtFOSE,,CCN(CCO)S(=O)(=O)C(C(C(C(C(C(C(C(F)(F)F)(F)F)(F)F)(F)F)(F)F)(F)F)(F)F)(F)F,,CCNS(=O)(=O)C(C(C(C(C(C(C(C(F)(F)F)(F)F)(F)F)(F)F)(F)F)(F)F)(F)F)(F)F,0.0035,7,22,biotransformation,,,,,,,,,,aerobic,56
FTMeUPA,,C(=C\C(C(F)(F)F)(C(F)(F)F)F)/C(=O)O,,C(CC(C(F)(F)F)(C(F)(F)F)F)C(=O)O,75,,34,biotransformation,,,,,,,,,,anaerobic,70
FTMeUPA,,C(=C\C(C(F)(F)F)(C(F)(F)F)F)/C(=O)O,,C(=C\C(C(F)F)(C(F)(F)F)F)/C(=O)O,75,,34,biotransformation,,,,,,,,,,anaerobic,70
FTMeUPA,,C(=C\C(C(F)(F)F)(C(F)(F)F)F)/C(=O)O,,C(CC(C(F)(F)F)(C(F)(F)F)F)C(=O)O,80,7,20,biotransformation,,,,,,,,,,anaerobic,
"Hexamethylene-1,6-di(8:2 fluorotelomer urethane)",,C(CCCNC(=O)OCCC(C(C(C(C(C(C(C(F)(F)F)(F)F)(F)F)(F)F)(F)F)(F)F)(F)F)(F)F)CCNC(=O)OCCC(C(C(C(C(C(C(C(F)(F)F)(F)F)(F)F)(F)F)(F)F)(F)F)(F)F)(F)F,,C(CO)C(C(C(C(C(C(C(C(F)(F)F)(F)F)(F)F)(F)F)(F)F)(F)F)(F)F)(F)F,,6.4,22,biotransformation,,3.8,,,,,24,,,aerobic,
MeFBSE,,CN(CCO)S(=O)(=O)C(C(C(C(F)(F)F)(F)F)(F)F)(F)F,,CN(CC(=O)O)S(=O)(=O)C(C(C(C(F)(F)F)(F)F)(F)F)(F)F,2.8,,24,biotransformation,,,,,,,,14.3,4,anaerobic,
MeFBSE,,CN(CC(=O)O)S(=O)(=O)C(C(C(C(F)(F)F)(F)F)(F)F)(F)F,,C(C(C(F)(F)S(=O)O)(F)F)(C(F)(F)F)(F)F,2.8,,24,biotransformation,,,,,,,,14.3,4,anaerobic,
N-EtFOSE,,CCNS(=O)(=O)C(C(C(C(C(C(C(C(F)(F)F)(F)F)(F)F)(F)F)(F)F)(F)F)(F)F)(F)F,,C(C(=O)O)NS(=O)(=O)C(C(C(C(C(C(C(C(F)(F)F)(F)F)(F)F)(F)F)(F)F)(F)F)(F)F)(F)F,0.175,,30,biotransformation,,,,,,,,3.8,75,aerobic,10
N-EtFOSE,,C(C(=O)O)NS(=O)(=O)C(C(C(C(C(C(C(C(F)(F)F)(F)F)(F)F)(F)F)(F)F)(F)F)(F)F)(F)F,,C(C(C(C(C(F)(F)S(=O)(=O)N)(F)F)(F)F)(F)F)(C(C(C(F)(F)F)(F)F)(F)F)(F)F,0.175,,30,biotransformation,,,,,,,,3.8,75,aerobic,10
N-EtFOSE,,C(C(C(C(C(F)(F)S(=O)(=O)N)(F)F)(F)F)(F)F)(C(C(C(F)(F)F)(F)F)(F)F)(F)F,,C(C(C(C(C(F)(F)S(=O)O)(F)F)(F)F)(F)F)(C(C(C(F)(F)F)(F)F)(F)F)(F)F,0.175,,30,biotransformation,,,,,,,,3.8,75,aerobic,10
N-EtFOSE,,CCNS(=O)(=O)C(C(C(C(C(C(C(C(F)(F)F)(F)F)(F)F)(F)F)(F)F)(F)F)(F)F)(F)F,,C(C(C(C(C(F)(F)S(=O)(=O)N)(F)F)(F)F)(F)F)(C(C(C(F)(F)F)(F)F)(F)F)(F)F,0.175,,30,biotransformation,,,,,,,,3.8,75,aerobic,10
N-EtFOSE,,C(C(C(C(C(F)(F)S(=O)O)(F)F)(F)F)(F)F)(C(C(C(F)(F)F)(F)F)(F)F)(F)F,,C(C(C(C(C(F)(F)S(=O)(=O)O)(F)F)(F)F)(F)F)(C(C(C(F)(F)F)(F)F)(F)F)(F)F,0.175,,30,biotransformation,,,,,,,,3.8,75,aerobic,10
N-EtFOSE,,CCN(CCO)S(=O)(=O)C(C(C(C(C(C(C(C(F)(F)F)(F)F)(F)F)(F)F)(F)F)(F)F)(F)F)(F)F,,CCN(CC(=O)O)S(=O)(=O)C(C(C(C(C(C(C(C(F)(F)F)(F)F)(F)F)(F)F)(F)F)(F)F)(F)F)(F)F,0.175,,30,biotransformation,,,,,,,,3.8,75,aerobic,10
N-EtFOSE,,CCN(CC(=O)O)S(=O)(=O)C(C(C(C(C(C(C(C(F)(F)F)(F)F)(F)F)(F)F)(F)F)(F)F)(F)F)(F)F,,CCNS(=O)(=O)C(C(C(C(C(C(C(C(F)(F)F)(F)F)(F)F)(F)F)(F)F)(F)F)(F)F)(F)F,0.175,,30,biotransformation,,,,,,,,3.8,75,aerobic,10
N-EtFOSE,,C(C(C(C(C(F)(F)S(=O)=O)(F)F)(F)F)(F)F)(C(C(C(F)(F)F)(F)F)(F)F)(F)F,,C(=O)(C(C(C(C(C(C(C(F)(F)F)(F)F)(F)F)(F)F)(F)F)(F)F)(F)F)O,,7.4,28,biotransformation,,,,,,,,,,aerobic,
N-EtFOSE,,CCN(CC(=O)O)S(=O)(=O)C(C(C(C(C(C(C(C(F)(F)F)(F)F)(F)F)(F)F)(F)F)(F)F)(F)F)(F)F,,CCNS(=O)(=O)C(C(C(C(C(C(C(C(F)(F)F)(F)F)(F)F)(F)F)(F)F)(F)F)(F)F)(F)F,,7.4,28,biotransformation,,,,,,,,,,aerobic,
N-EtFOSE,,C(C(C(C(C(F)(F)S(=O)=O)(F)F)(F)F)(F)F)(C(C(C(F)(F)F)(F)F)(F)F)(F)F,,C(C(C(C(C(F)(F)S(=O)(=O)O)(F)F)(F)F)(F)F)(C(C(C(F)(F)F)(F)F)(F)F)(F)F,,7.4,28,biotransformation,,,,,,,,,,aerobic,
N-EtFOSE,,CCN(CCO)S(=O)(=O)C(C(C(C(C(C(C(C(F)(F)F)(F)F)(F)F)(F)F)(F)F)(F)F)(F)F)(F)F,,CCN(CC=O)S(=O)(=O)C(C(C(C(C(C(C(C(F)(F)F)(F)F)(F)F)(F)F)(F)F)(F)F)(F)F)(F)F,,7.4,28,biotransformation,,,,,,,,,,aerobic,
N-EtFOSE,,C(C(C(C(C(F)(F)S(=O)(=O)N)(F)F)(F)F)(F)F)(C(C(C(F)(F)F)(F)F)(F)F)(F)F,,C(C(C(C(C(F)(F)S(=O)=O)(F)F)(F)F)(F)F)(C(C(C(F)(F)F)(F)F)(F)F)(F)F,,7.4,28,biotransformation,,,,,,,,,,aerobic,
N-EtFOSE,,C(CO)NS(=O)(=O)C(C(C(C(C(C(C(C(F)(F)F)(F)F)(F)F)(F)F)(F)F)(F)F)(F)F)(F)F,,C(C=O)NS(=O)(=O)C(C(C(C(C(C(C(C(F)(F)F)(F)F)(F)F)(F)F)(F)F)(F)F)(F)F)(F)F,,7.4,28,biotransformation,,,,,,,,,,aerobic,
N-EtFOSE,,C(C(=O)O)NS(=O)(=O)C(C(C(C(C(C(C(C(F)(F)F)(F)F)(F)F)(F)F)(F)F)(F)F)(F)F)(F)F,,C(C(C(C(C(F)(F)S(=O)(=O)N)(F)F)(F)F)(F)F)(C(C(C(F)(F)F)(F)F)(F)F)(F)F,,7.4,28,biotransformation,,,,,,,,,,aerobic,
N-EtFOSE,,CCNS(=O)(=O)C(C(C(C(C(C(C(C(F)(F)F)(F)F)(F)F)(F)F)(F)F)(F)F)(F)F)(F)F,,C(CO)NS(=O)(=O)C(C(C(C(C(C(C(C(F)(F)F)(F)F)(F)F)(F)F)(F)F)(F)F)(F)F)(F)F,,7.4,28,biotransformation,,,,,,,,,,aerobic,
N-EtFOSE,,C(C(C(C(C(F)(F)S(=O)(=O)N)(F)F)(F)F)(F)F)(C(C(C(F)(F)F)(F)F)(F)F)(F)F,,C(C(C(C(C(F)(F)S(=O)(=O)O)(F)F)(F)F)(F)F)(C(C(C(F)(F)F)(F)F)(F)F)(F)F,0.52,7.4,22,biotransformation,,,16.9,,,,,,,aerobic,105
N-EtFOSE,,CCN(CCO)S(=O)(=O)C(C(C(C(C(C(C(C(F)(F)F)(F)F)(F)F)(F)F)(F)F)(F)F)(F)F)(F)F,,C(C(C(C(C(F)(F)S(=O)(=O)O)(F)F)(F)F)(F)F)(C(C(C(F)(F)F)(F)F)(F)F)(F)F,0.52,7.4,22,biotransformation,,,16.9,,,,,,,aerobic,105
N-EtFOSE,,C(CO)NS(=O)(=O)C(C(C(C(C(C(C(C(F)(F)F)(F)F)(F)F)(F)F)(F)F)(F)F)(F)F)(F)F,,C(C(=O)O)NS(=O)(=O)C(C(C(C(C(C(C(C(F)(F)F)(F)F)(F)F)(F)F)(F)F)(F)F)(F)F)(F)F,0.52,7.4,22,biotransformation,,,16.9,,,,,,,aerobic,105
N-EtFOSE,,CCNS(=O)(=O)C(C(C(C(C(C(C(C(F)(F)F)(F)F)(F)F)(F)F)(F)F)(F)F)(F)F)(F)F,,C(C(C(C(C(F)(F)S(=O)(=O)N)(F)F)(F)F)(F)F)(C(C(C(F)(F)F)(F)F)(F)F)(F)F,0.52,7.4,22,biotransformation,,,16.9,,,,,,,aerobic,105
N-EtFOSE,,CCN(CC(=O)O)S(=O)(=O)C(C(C(C(C(C(C(C(F)(F)F)(F)F)(F)F)(F)F)(F)F)(F)F)(F)F)(F)F,,CCNS(=O)(=O)C(C(C(C(C(C(C(C(F)(F)F)(F)F)(F)F)(F)F)(F)F)(F)F)(F)F)(F)F,0.52,7.4,22,biotransformation,,,16.9,,,,,,,aerobic,105
N-EtFOSE,,CCN(CCO)S(=O)(=O)C(C(C(C(C(C(C(C(F)(F)F)(F)F)(F)F)(F)F)(F)F)(F)F)(F)F)(F)F,,CCNS(=O)(=O)C(C(C(C(C(C(C(C(F)(F)F)(F)F)(F)F)(F)F)(F)F)(F)F)(F)F)(F)F,0.52,7.4,22,biotransformation,,,16.9,,,,,,,aerobic,105
N-EtFOSE,,CCNS(=O)(=O)C(C(C(C(C(C(C(C(F)(F)F)(F)F)(F)F)(F)F)(F)F)(F)F)(F)F)(F)F,,C(CO)NS(=O)(=O)C(C(C(C(C(C(C(C(F)(F)F)(F)F)(F)F)(F)F)(F)F)(F)F)(F)F)(F)F,0.52,7.4,22,biotransformation,,,16.9,,,,,,,aerobic,105
PFHxSAm,,C(C(=O)O)NS(=O)(=O)C(C(C(C(C(C(F)(F)F)(F)F)(F)F)(F)F)(F)F)(F)F,,C(C(C(C(F)(F)S(=O)(=O)N)(F)F)(F)F)(C(C(F)(F)F)(F)F)(F)F,,5.54,25,biotransformation,,,11.8,0.48,1.29,11.7,,,,aerobic,150
PFHxSAm,,CN(C)CCCNS(=O)(=O)C(C(C(C(C(C(F)(F)F)(F)F)(F)F)(F)F)(F)F)(F)F,,C(C(C(C(F)(F)S(=O)(=O)O)(F)F)(F)F)(C(C(F)(F)F)(F)F)(F)F,,5.54,25,biotransformation,,,11.8,0.48,1.29,11.7,,,,aerobic,150
PFHxSAm,,C(CNS(=O)(=O)C(C(C(C(C(C(F)(F)F)(F)F)(F)F)(F)F)(F)F)(F)F)C(=O)O,,C(C(C(C(F)(F)S(=O)(=O)N)(F)F)(F)F)(C(C(F)(F)F)(F)F)(F)F,,5.54,25,biotransformation,,,11.8,0.48,1.29,11.7,,,,aerobic,150
PFHxSAm,,C(C(C(C(F)(F)S(=O)O)(F)F)(F)F)(C(C(F)(F)F)(F)F)(F)F,,C(C(C(C(F)(F)S(=O)(=O)O)(F)F)(F)F)(C(C(F)(F)F)(F)F)(F)F,,5.54,25,biotransformation,,,11.8,0.48,1.29,11.7,,,,aerobic,150
PFHxSAm,,C(C(=O)O)NS(=O)(=O)C(C(C(C(C(C(F)(F)F)(F)F)(F)F)(F)F)(F)F)(F)F,,C(=O)NS(=O)(=O)C(C(C(C(C(C(F)(F)F)(F)F)(F)F)(F)F)(F)F)(F)F,,5.54,25,biotransformation,,,11.8,0.48,1.29,11.7,,,,aerobic,150
PFHxSAm,,C(=O)NS(=O)(=O)C(C(C(C(C(C(F)(F)F)(F)F)(F)F)(F)F)(F)F)(F)F,,C(C(C(C(F)(F)S(=O)(=O)N)(F)F)(F)F)(C(C(F)(F)F)(F)F)(F)F,,5.54,25,biotransformation,,,11.8,0.48,1.29,11.7,,,,aerobic,150
PFHxSAm,,C(CNCO)CNS(=O)(=O)C(C(C(C(C(C(F)(F)F)(F)F)(F)F)(F)F)(F)F)(F)F,,C(CN)CNS(=O)(=O)C(C(C(C(C(C(F)(F)F)(F)F)(F)F)(F)F)(F)F)(F)F,,5.54,25,biotransformation,,,11.8,0.48,1.29,11.7,,,,aerobic,150
PFHxSAm,,C(C(C(C(F)(F)S(=O)(=O)N)(F)F)(F)F)(C(C(F)(F)F)(F)F)(F)F,,C(=O)NS(=O)(=O)C(C(C(C(C(C(F)(F)F)(F)F)(F)F)(F)F)(F)F)(F)F,,5.54,25,biotransformation,,,11.8,0.48,1.29,11.7,,,,aerobic,150
PFHxSAm,,CN(CCCNS(=O)(=O)C(C(C(C(C(C(F)(F)F)(F)F)(F)F)(F)F)(F)F)(F)F)CO,,CNCCCNS(=O)(=O)C(C(C(C(C(C(F)(F)F)(F)F)(F)F)(F)F)(F)F)(F)F,,5.54,25,biotransformation,,,11.8,0.48,1.29,11.7,,,,aerobic,150
PFHxSAm,,CN(C)CCCNS(=O)(=O)C(C(C(C(C(C(F)(F)F)(F)F)(F)F)(F)F)(F)F)(F)F,,CN(CCCNS(=O)(=O)C(C(C(C(C(C(F)(F)F)(F)F)(F)F)(F)F)(F)F)(F)F)CO,,5.54,25,biotransformation,,,11.8,0.48,1.29,11.7,,,,aerobic,150
PFHxSAm,,CN(C)CCCNS(=O)(=O)C(C(C(C(C(C(F)(F)F)(F)F)(F)F)(F)F)(F)F)(F)F,,C/[N+](=C/CCNS(=O)(=O)C(C(C(C(C(C(F)(F)F)(F)F)(F)F)(F)F)(F)F)(F)F)/C,,5.54,25,biotransformation,,,11.8,0.48,1.29,11.7,,,,aerobic,150
PFHxSAm,,C(CNS(=O)(=O)C(C(C(C(C(C(F)(F)F)(F)F)(F)F)(F)F)(F)F)(F)F)CO,,C(CNS(=O)(=O)C(C(C(C(C(C(F)(F)F)(F)F)(F)F)(F)F)(F)F)(F)F)C=O,,5.54,25,biotransformation,,,11.8,0.48,1.29,11.7,,,,aerobic,150
PFHxSAm,,C/[N+](=C/CCNS(=O)(=O)C(C(C(C(C(C(F)(F)F)(F)F)(F)F)(F)F)(F)F)(F)F)/C,,CNCCCNS(=O)(=O)C(C(C(C(C(C(F)(F)F)(F)F)(F)F)(F)F)(F)F)(F)F,,5.54,25,biotransformation,,,11.8,0.48,1.29,11.7,,,,aerobic,150
PFHxSAm,,C(C(C(C(F)(F)S(=O)(=O)N)(F)F)(F)F)(C(C(F)(F)F)(F)F)(F)F,,C(C(C(C(F)(F)S(=O)O)(F)F)(F)F)(C(C(F)(F)F)(F)F)(F)F,,5.54,25,biotransformation,,,11.8,0.48,1.29,11.7,,,,aerobic,150
PFHxSAm,,C(CN)CNS(=O)(=O)C(C(C(C(C(C(F)(F)F)(F)F)(F)F)(F)F)(F)F)(F)F,,C(CNS(=O)(=O)C(C(C(C(C(C(F)(F)F)(F)F)(F)F)(F)F)(F)F)(F)F)CO,,5.54,25,biotransformation,,,11.8,0.48,1.29,11.7,,,,aerobic,150
PFHxSAm,,CN(C)CCCNS(=O)(=O)C(C(C(C(C(C(F)(F)F)(F)F)(F)F)(F)F)(F)F)(F)F,,CNCCCNS(=O)(=O)C(C(C(C(C(C(F)(F)F)(F)F)(F)F)(F)F)(F)F)(F)F,,5.54,25,biotransformation,,,11.8,0.48,1.29,11.7,,,,aerobic,150
PFHxSAm,,CNCCCNS(=O)(=O)C(C(C(C(C(C(F)(F)F)(F)F)(F)F)(F)F)(F)F)(F)F,,C(CN)CNS(=O)(=O)C(C(C(C(C(C(F)(F)F)(F)F)(F)F)(F)F)(F)F)(F)F,,5.54,25,biotransformation,,,11.8,0.48,1.29,11.7,,,,aerobic,150
PFHxSAm,,C(CNS(=O)(=O)C(C(C(C(C(C(F)(F)F)(F)F)(F)F)(F)F)(F)F)(F)F)C(=O)O,,C(CO)NS(=O)(=O)C(C(C(C(C(C(F)(F)F)(F)F)(F)F)(F)F)(F)F)(F)F,,5.54,25,biotransformation,,,11.8,0.48,1.29,11.7,,,,aerobic,150
PFHxSAm,,CNCCCNS(=O)(=O)C(C(C(C(C(C(F)(F)F)(F)F)(F)F)(F)F)(F)F)(F)F,,C(CNCO)CNS(=O)(=O)C(C(C(C(C(C(F)(F)F)(F)F)(F)F)(F)F)(F)F)(F)F,,5.54,25,biotransformation,,,11.8,0.48,1.29,11.7,,,,aerobic,150
PFHxSAm,,C(C=O)NS(=O)(=O)C(C(C(C(C(C(F)(F)F)(F)F)(F)F)(F)F)(F)F)(F)F,,C(C(=O)O)NS(=O)(=O)C(C(C(C(C(C(F)(F)F)(F)F)(F)F)(F)F)(F)F)(F)F,,5.54,25,biotransformation,,,11.8,0.48,1.29,11.7,,,,aerobic,150
PFHxSAm,,CN(C)CCCNS(=O)(=O)C(C(C(C(C(C(F)(F)F)(F)F)(F)F)(F)F)(F)F)(F)F,,C(C(C(C(F)(F)S(=O)O)(F)F)(F)F)(C(C(F)(F)F)(F)F)(F)F,,5.54,25,biotransformation,,,11.8,0.48,1.29,11.7,,,,aerobic,150
PFHxSAm,,C(CNS(=O)(=O)C(C(C(C(C(C(F)(F)F)(F)F)(F)F)(F)F)(F)F)(F)F)C=O,,C(CNS(=O)(=O)C(C(C(C(C(C(F)(F)F)(F)F)(F)F)(F)F)(F)F)(F)F)C(=O)O,,5.54,25,biotransformation,,,11.8,0.48,1.29,11.7,,,,aerobic,150
PFHxSAm,,C(CO)NS(=O)(=O)C(C(C(C(C(C(F)(F)F)(F)F)(F)F)(F)F)(F)F)(F)F,,C(C=O)NS(=O)(=O)C(C(C(C(C(C(F)(F)F)(F)F)(F)F)(F)F)(F)F)(F)F,,5.54,25,biotransformation,,,11.8,0.48,1.29,11.7,,,,aerobic,150
PFHxSAmS,,CNCCCNS(=O)(=O)C(C(C(C(C(C(F)(F)F)(F)F)(F)F)(F)F)(F)F)(F)F,,C(CN)CNS(=O)(=O)C(C(C(C(C(C(F)(F)F)(F)F)(F)F)(F)F)(F)F)(F)F,,6.6,,biotransformation,,,,,,,,,,aerobic,
PFHxSAmS,,C(C(=O)O)NS(=O)(=O)C(C(C(C(C(C(F)(F)F)(F)F)(F)F)(F)F)(F)F)(F)F,,C(C(C(C(F)(F)S(=O)(=O)N)(F)F)(F)F)(C(C(F)(F)F)(F)F)(F)F,,6.6,,biotransformation,,,,,,,,,,aerobic,
PFHxSAmS,,C[N+](C)(C)CCCNS(=O)(=O)C(C(C(C(C(C(F)(F)F)(F)F)(F)F)(F)F)(F)F)(F)F,,CN(C)CCCNS(=O)(=O)C(C(C(C(C(C(F)(F)F)(F)F)(F)F)(F)F)(F)F)(F)F,,6.6,,biotransformation,,,,,,,,,,aerobic,
PFHxSAmS,,C(CNS(=O)(=O)C(C(C(C(C(C(F)(F)F)(F)F)(F)F)(F)F)(F)F)(F)F)C=O,,C(CNS(=O)(=O)C(C(C(C(C(C(F)(F)F)(F)F)(F)F)(F)F)(F)F)(F)F)C(=O)O,,6.6,,biotransformation,,,,,,,,,,aerobic,
PFHxSAmS,,C(CNS(=O)(=O)C(C(C(C(C(C(F)(F)F)(F)F)(F)F)(F)F)(F)F)(F)F)C(=O)O,,C(C(=O)O)NS(=O)(=O)C(C(C(C(C(C(F)(F)F)(F)F)(F)F)(F)F)(F)F)(F)F,,6.6,,biotransformation,,,,,,,,,,aerobic,
PFHxSAmS,,C(C(C(C(F)(F)S(=O)[O-])(F)F)(F)F)(C(C(F)(F)F)(F)F)(F)F,,C(C(C(C(F)(F)S(=O)(=O)[O-])(F)F)(F)F)(C(C(F)(F)F)(F)F)(F)F,,6.6,,biotransformation,,,,,,,,,,aerobic,
PFHxSAmS,,CN(C)CCCNS(=O)(=O)C(C(C(C(C(C(F)(F)F)(F)F)(F)F)(F)F)(F)F)(F)F,,CNCCCNS(=O)(=O)C(C(C(C(C(C(F)(F)F)(F)F)(F)F)(F)F)(F)F)(F)F,,6.6,,biotransformation,,,,,,,,,,aerobic,
PFHxSAmS,,C[N+](C)(C)CCCNS(=O)(=O)C(C(C(C(C(C(F)(F)F)(F)F)(F)F)(F)F)(F)F)(F)F,,C(CNS(=O)(=O)C(C(C(C(C(C(F)(F)F)(F)F)(F)F)(F)F)(F)F)(F)F)C=O,,6.6,,biotransformation,,,,,,,,,,aerobic,
PFMeUPA,,C(=C(\C(C(F)(F)F)(C(F)(F)F)F)/F)(/C(=O)O)\F,,C(=C(\C(C(F)(F)F)(C(F)(F)F)F)/F)/C(=O)O,90,7,20,biotransformation,,,,,,,,,,anaerobic,
PFMeUPA,,C(=C(\C(C(F)(F)F)(C(F)(F)F)F)/F)/C(=O)O,,C(C(C(C(F)(F)F)(C(F)(F)F)F)F)C(=O)O,90,7,20,biotransformation,,,,,,,,,,anaerobic,
PFMeUPA,,C(=C(\C(C(F)(F)F)(C(F)(F)F)F)/F)(/C(=O)O)\F,,C(C(C(C(F)(F)F)(C(F)(F)F)F)F)(C(=O)O)F,90,7,20,biotransformation,,,,,,,,,,anaerobic,
PFMeUPA,,C(=C(\C(C(F)(F)F)(C(F)(F)F)F)/F)/C(=O)O,,C(C(C(C(F)(F)F)(C(F)(F)F)F)F)C(=O)O,75,,34,biotransformation,,,,,,,,,,anaerobic,150
PFMeUPA,,C(=C(\C(C(F)(F)F)(C(F)(F)F)F)/F)(/C(=O)O)\F,,C(C(C(C(F)(F)F)(C(F)(F)F)F)F)(C(=O)O)F,75,,34,biotransformation,,,,,,,,,,anaerobic,150
PFMeUPA,,C(=C(\C(C(F)(F)F)(C(F)(F)F)F)/F)/C(=O)O,,C=C(C(C(F)(F)F)(C(F)(F)F)F)F,75,,34,biotransformation,,,,,,,,,,anaerobic,150
PFMeUPA,,C(=C(\C(C(F)(F)F)(C(F)(F)F)F)/F)(/C(=O)O)\F,,C(=C(\C(C(F)(F)F)(C(F)(F)F)F)/F)/C(=O)O,75,,34,biotransformation,,,,,,,,,,anaerobic,150
PFMeUPA,,C=C(C(C(F)(F)F)(C(F)(F)F)F)F,,C=CC(C(F)(F)F)(C(F)(F)F)F,75,,34,biotransformation,,,,,,,,,,anaerobic,150
PFOAAmS,,C(CN)CNC(=O)C(C(C(C(C(C(C(F)(F)F)(F)F)(F)F)(F)F)(F)F)(F)F)(F)F,,C(CNC(=O)C(C(C(C(C(C(C(F)(F)F)(F)F)(F)F)(F)F)(F)F)(F)F)(F)F)C=O,6.79,5,22,biotransformation,,3.1,7.2,0.011,0.064,,23,,,aerobic,180
PFOAAmS,,C(=O)(C(C(C(C(C(C(C(F)(F)F)(F)F)(F)F)(F)F)(F)F)(F)F)(F)F)N,,C(=O)(C(C(C(C(C(C(C(F)(F)F)(F)F)(F)F)(F)F)(F)F)(F)F)(F)F)O,6.79,5,22,biotransformation,,3.1,7.2,0.011,0.064,,23,,,aerobic,180
PFOAAmS,,CN(C)CCCNC(=O)C(C(C(C(C(C(C(F)(F)F)(F)F)(F)F)(F)F)(F)F)(F)F)(F)F,,CNCCCNC(=O)C(C(C(C(C(C(C(F)(F)F)(F)F)(F)F)(F)F)(F)F)(F)F)(F)F,6.79,5,22,biotransformation,,3.1,7.2,0.011,0.064,,23,,,aerobic,180
PFOAAmS,,C(C=O)NC(=O)C(C(C(C(C(C(C(F)(F)F)(F)F)(F)F)(F)F)(F)F)(F)F)(F)F,,C(C(=O)O)NC(=O)C(C(C(C(C(C(C(F)(F)F)(F)F)(F)F)(F)F)(F)F)(F)F)(F)F,6.79,5,22,biotransformation,,3.1,7.2,0.011,0.064,,23,,,aerobic,180
PFOAAmS,,C[N+](C)(C)CCCNC(=O)C(C(C(C(C(C(C(F)(F)F)(F)F)(F)F)(F)F)(F)F)(F)F)(F)F,,C(CNC(=O)C(C(C(C(C(C(C(F)(F)F)(F)F)(F)F)(F)F)(F)F)(F)F)(F)F)C=O,6.79,5,22,biotransformation,,3.1,7.2,0.011,0.064,,23,,,aerobic,180
PFOAAmS,,C[N+](C)(C)CCCNC(=O)C(C(C(C(C(C(C(F)(F)F)(F)F)(F)F)(F)F)(F)F)(F)F)(F)F,,CN(C)CCCNC(=O)C(C(C(C(C(C(C(F)(F)F)(F)F)(F)F)(F)F)(F)F)(F)F)(F)F,6.79,5,22,biotransformation,,3.1,7.2,0.011,0.064,,23,,,aerobic,180
PFOAAmS,,C(CNC(=O)C(C(C(C(C(C(C(F)(F)F)(F)F)(F)F)(F)F)(F)F)(F)F)(F)F)C(=O)O,,CCNC(=O)C(C(C(C(C(C(C(F)(F)F)(F)F)(F)F)(F)F)(F)F)(F)F)(F)F,6.79,5,22,biotransformation,,3.1,7.2,0.011,0.064,,23,,,aerobic,180
PFOAAmS,,CNCCCNC(=O)C(C(C(C(C(C(C(F)(F)F)(F)F)(F)F)(F)F)(F)F)(F)F)(F)F,,C(CN)CNC(=O)C(C(C(C(C(C(C(F)(F)F)(F)F)(F)F)(F)F)(F)F)(F)F)(F)F,6.79,5,22,biotransformation,,3.1,7.2,0.011,0.064,,23,,,aerobic,180
PFOAAmS,,C(CO)NC(=O)C(C(C(C(C(C(C(F)(F)F)(F)F)(F)F)(F)F)(F)F)(F)F)(F)F,,C(C=O)NC(=O)C(C(C(C(C(C(C(F)(F)F)(F)F)(F)F)(F)F)(F)F)(F)F)(F)F,6.79,5,22,biotransformation,,3.1,7.2,0.011,0.064,,23,,,aerobic,180
PFOAAmS,,CCNC(=O)C(C(C(C(C(C(C(F)(F)F)(F)F)(F)F)(F)F)(F)F)(F)F)(F)F,,C(CO)NC(=O)C(C(C(C(C(C(C(F)(F)F)(F)F)(F)F)(F)F)(F)F)(F)F)(F)F,6.79,5,22,biotransformation,,3.1,7.2,0.011,0.064,,23,,,aerobic,180
PFOAAmS,,C[N+](C)(C)CCCNC(=O)C(C(C(C(C(C(C(F)(F)F)(F)F)(F)F)(F)F)(F)F)(F)F)(F)F,,C(=O)(C(C(C(C(C(C(C(F)(F)F)(F)F)(F)F)(F)F)(F)F)(F)F)(F)F)O,6.79,5,22,biotransformation,,3.1,7.2,0.011,0.064,,23,,,aerobic,180
PFOAAmS,,C(C(=O)O)NC(=O)C(C(C(C(C(C(C(F)(F)F)(F)F)(F)F)(F)F)(F)F)(F)F)(F)F,,C(=O)(C(C(C(C(C(C(C(F)(F)F)(F)F)(F)F)(F)F)(F)F)(F)F)(F)F)N,6.79,5,22,biotransformation,,3.1,7.2,0.011,0.064,,23,,,aerobic,180
PFOAAmS,,C(CNC(=O)C(C(C(C(C(C(C(F)(F)F)(F)F)(F)F)(F)F)(F)F)(F)F)(F)F)C=O,,C(CNC(=O)C(C(C(C(C(C(C(F)(F)F)(F)F)(F)F)(F)F)(F)F)(F)F)(F)F)C(=O)O,6.79,5,22,biotransformation,,3.1,7.2,0.011,0.064,,23,,,aerobic,180
PFOANO,,C(CN)CNC(=O)C(C(C(C(C(C(C(F)(F)F)(F)F)(F)F)(F)F)(F)F)(F)F)(F)F,,C(CNC(=O)C(C(C(C(C(C(C(F)(F)F)(F)F)(F)F)(F)F)(F)F)(F)F)(F)F)C=O,,,,biotransformation,,4,,,,,,,,aerobic,90
PFOANO,,C(CNC(=O)C(C(C(C(C(C(C(F)(F)F)(F)F)(F)F)(F)F)(F)F)(F)F)(F)F)C(=O)O,,CCNC(=O)C(C(C(C(C(C(C(F)(F)F)(F)F)(F)F)(F)F)(F)F)(F)F)(F)F,,,,biotransformation,,4,,,,,,,,aerobic,90
PFOANO,,C(CNC(=O)C(C(C(C(C(C(C(F)(F)F)(F)F)(F)F)(F)F)(F)F)(F)F)(F)F)C(=O)O,,C(=O)(C(C(C(C(C(C(C(F)(F)F)(F)F)(F)F)(F)F)(F)F)(F)F)(F)F)O,,,,biotransformation,,4,,,,,,,,aerobic,90
PFOANO,,CCNC(=O)C(C(C(C(C(C(C(F)(F)F)(F)F)(F)F)(F)F)(F)F)(F)F)(F)F,,C(CO)NC(=O)C(C(C(C(C(C(C(F)(F)F)(F)F)(F)F)(F)F)(F)F)(F)F)(F)F,,,,biotransformation,,4,,,,,,,,aerobic,90
PFOANO,,C(CO)NC(=O)C(C(C(C(C(C(C(F)(F)F)(F)F)(F)F)(F)F)(F)F)(F)F)(F)F,,C(C=O)NC(=O)C(C(C(C(C(C(C(F)(F)F)(F)F)(F)F)(F)F)(F)F)(F)F)(F)F,,,,biotransformation,,4,,,,,,,,aerobic,90
PFOANO,,C(C(=O)O)NC(=O)C(C(C(C(C(C(C(F)(F)F)(F)F)(F)F)(F)F)(F)F)(F)F)(F)F,,C(=O)(C(C(C(C(C(C(C(F)(F)F)(F)F)(F)F)(F)F)(F)F)(F)F)(F)F)N,,,,biotransformation,,4,,,,,,,,aerobic,90
PFOANO,,C[N+](C)(CCCNC(=O)C(C(C(C(C(C(C(F)(F)F)(F)F)(F)F)(F)F)(F)F)(F)F)(F)F)[O-],,C(=O)(C(C(C(C(C(C(C(F)(F)F)(F)F)(F)F)(F)F)(F)F)(F)F)(F)F)O,,,,biotransformation,,4,,,,,,,,aerobic,90
PFOANO,,C(CNC(=O)C(C(C(C(C(C(C(F)(F)F)(F)F)(F)F)(F)F)(F)F)(F)F)(F)F)C=O,,C(CNC(=O)C(C(C(C(C(C(C(F)(F)F)(F)F)(F)F)(F)F)(F)F)(F)F)(F)F)C(=O)O,,,,biotransformation,,4,,,,,,,,aerobic,90
PFOANO,,C(C=O)NC(=O)C(C(C(C(C(C(C(F)(F)F)(F)F)(F)F)(F)F)(F)F)(F)F)(F)F,,C(C(=O)O)NC(=O)C(C(C(C(C(C(C(F)(F)F)(F)F)(F)F)(F)F)(F)F)(F)F)(F)F,,,,biotransformation,,4,,,,,,,,aerobic,90
PFOANO,,C[N+](C)(CCCNC(=O)C(C(C(C(C(C(C(F)(F)F)(F)F)(F)F)(F)F)(F)F)(F)F)(F)F)[O-],,CN(C)CCCNC(=O)C(C(C(C(C(C(C(F)(F)F)(F)F)(F)F)(F)F)(F)F)(F)F)(F)F,,,,biotransformation,,4,,,,,,,,aerobic,90
PFOANO,,CNCCCNC(=O)C(C(C(C(C(C(C(F)(F)F)(F)F)(F)F)(F)F)(F)F)(F)F)(F)F,,C(CN)CNC(=O)C(C(C(C(C(C(C(F)(F)F)(F)F)(F)F)(F)F)(F)F)(F)F)(F)F,,,,biotransformation,,4,,,,,,,,aerobic,90
PFOANO,,C[N+](C)(CCCNC(=O)C(C(C(C(C(C(C(F)(F)F)(F)F)(F)F)(F)F)(F)F)(F)F)(F)F)[O-],,C(CNC(=O)C(C(C(C(C(C(C(F)(F)F)(F)F)(F)F)(F)F)(F)F)(F)F)(F)F)C=O,,,,biotransformation,,4,,,,,,,,aerobic,90
PFOANO,,C(=O)(C(C(C(C(C(C(C(F)(F)F)(F)F)(F)F)(F)F)(F)F)(F)F)(F)F)N,,C(=O)(C(C(C(C(C(C(C(F)(F)F)(F)F)(F)F)(F)F)(F)F)(F)F)(F)F)O,,,,biotransformation,,4,,,,,,,,aerobic,90
PFOANO,,CN(C)CCCNC(=O)C(C(C(C(C(C(C(F)(F)F)(F)F)(F)F)(F)F)(F)F)(F)F)(F)F,,CNCCCNC(=O)C(C(C(C(C(C(C(F)(F)F)(F)F)(F)F)(F)F)(F)F)(F)F)(F)F,,,,biotransformation,,4,,,,,,,,aerobic,90
PFOSAm,,CN(C)CCCNS(=O)(=O)C(C(C(C(C(C(C(C(F)(F)F)(F)F)(F)F)(F)F)(F)F)(F)F)(F)F)(F)F,,CN(CCCNS(=O)(=O)C(C(C(C(C(C(C(C(F)(F)F)(F)F)(F)F)(F)F)(F)F)(F)F)(F)F)(F)F)CO,,5.54,25,biotransformation,,,11.8,0.48,1.29,11.7,,,,aerobic,150
PFOSAm,,C(CNS(=O)(=O)C(C(C(C(C(C(C(C(F)(F)F)(F)F)(F)F)(F)F)(F)F)(F)F)(F)F)(F)F)C(=O)O,,C(CO)NS(=O)(=O)C(C(C(C(C(C(C(C(F)(F)F)(F)F)(F)F)(F)F)(F)F)(F)F)(F)F)(F)F,,5.54,25,biotransformation,,,11.8,0.48,1.29,11.7,,,,aerobic,150
PFOSAm,,C(CNS(=O)(=O)C(C(C(C(C(C(C(C(F)(F)F)(F)F)(F)F)(F)F)(F)F)(F)F)(F)F)(F)F)CO,,C(CNS(=O)(=O)C(C(C(C(C(C(C(C(F)(F)F)(F)F)(F)F)(F)F)(F)F)(F)F)(F)F)(F)F)C=O,,5.54,25,biotransformation,,,11.8,0.48,1.29,11.7,,,,aerobic,150
PFOSAm,,C(C(C(C(C(F)(F)S(=O)(=O)N)(F)F)(F)F)(F)F)(C(C(C(F)(F)F)(F)F)(F)F)(F)F,,C(=O)NS(=O)(=O)C(C(C(C(C(C(C(C(F)(F)F)(F)F)(F)F)(F)F)(F)F)(F)F)(F)F)(F)F,,5.54,25,biotransformation,,,11.8,0.48,1.29,11.7,,,,aerobic,150
PFOSAm,,CN(C)CCCNS(=O)(=O)C(C(C(C(C(C(C(C(F)(F)F)(F)F)(F)F)(F)F)(F)F)(F)F)(F)F)(F)F,,C(C(C(C(C(F)(F)S(=O)(=O)O)(F)F)(F)F)(F)F)(C(C(C(F)(F)F)(F)F)(F)F)(F)F,,5.54,25,biotransformation,,,11.8,0.48,1.29,11.7,,,,aerobic,150
PFOSAm,,C(C(=O)O)NS(=O)(=O)C(C(C(C(C(C(C(C(F)(F)F)(F)F)(F)F)(F)F)(F)F)(F)F)(F)F)(F)F,,C(C(C(C(C(F)(F)S(=O)(=O)N)(F)F)(F)F)(F)F)(C(C(C(F)(F)F)(F)F)(F)F)(F)F,,5.54,25,biotransformation,,,11.8,0.48,1.29,11.7,,,,aerobic,150
PFOSAm,,C(C=O)NS(=O)(=O)C(C(C(C(C(C(C(C(F)(F)F)(F)F)(F)F)(F)F)(F)F)(F)F)(F)F)(F)F,,C(C(=O)O)NS(=O)(=O)C(C(C(C(C(C(C(C(F)(F)F)(F)F)(F)F)(F)F)(F)F)(F)F)(F)F)(F)F,,5.54,25,biotransformation,,,11.8,0.48,1.29,11.7,,,,aerobic,150
PFOSAm,,C(C(=O)O)NS(=O)(=O)C(C(C(C(C(C(C(C(F)(F)F)(F)F)(F)F)(F)F)(F)F)(F)F)(F)F)(F)F,,C(=O)NS(=O)(=O)C(C(C(C(C(C(C(C(F)(F)F)(F)F)(F)F)(F)F)(F)F)(F)F)(F)F)(F)F,,5.54,25,biotransformation,,,11.8,0.48,1.29,11.7,,,,aerobic,150
PFOSAm,,C/[N+](=C/CCNS(=O)(=O)C(C(C(C(C(C(C(C(F)(F)F)(F)F)(F)F)(F)F)(F)F)(F)F)(F)F)(F)F)/C,,CNCCCNS(=O)(=O)C(C(C(C(C(C(C(C(F)(F)F)(F)F)(F)F)(F)F)(F)F)(F)F)(F)F)(F)F,,5.54,25,biotransformation,,,11.8,0.48,1.29,11.7,,,,aerobic,150
PFOSAm,,CN(C)CCCNS(=O)(=O)C(C(C(C(C(C(C(C(F)(F)F)(F)F)(F)F)(F)F)(F)F)(F)F)(F)F)(F)F,,C/[N+](=C/CCNS(=O)(=O)C(C(C(C(C(C(C(C(F)(F)F)(F)F)(F)F)(F)F)(F)F)(F)F)(F)F)(F)F)/C,,5.54,25,biotransformation,,,11.8,0.48,1.29,11.7,,,,aerobic,150
PFOSAm,,C(CO)NS(=O)(=O)C(C(C(C(C(C(C(C(F)(F)F)(F)F)(F)F)(F)F)(F)F)(F)F)(F)F)(F)F,,C(C=O)NS(=O)(=O)C(C(C(C(C(C(C(C(F)(F)F)(F)F)(F)F)(F)F)(F)F)(F)F)(F)F)(F)F,,5.54,25,biotransformation,,,11.8,0.48,1.29,11.7,,,,aerobic,150
PFOSAm,,CNCCCNS(=O)(=O)C(C(C(C(C(C(C(C(F)(F)F)(F)F)(F)F)(F)F)(F)F)(F)F)(F)F)(F)F,,C(CN)CNS(=O)(=O)C(C(C(C(C(C(C(C(F)(F)F)(F)F)(F)F)(F)F)(F)F)(F)F)(F)F)(F)F,,5.54,25,biotransformation,,,11.8,0.48,1.29,11.7,,,,aerobic,150
PFOSAm,,CN(C)CCCNS(=O)(=O)C(C(C(C(C(C(C(C(F)(F)F)(F)F)(F)F)(F)F)(F)F)(F)F)(F)F)(F)F,,C(C(C(C(C(F)(F)S(=O)O)(F)F)(F)F)(F)F)(C(C(C(F)(F)F)(F)F)(F)F)(F)F,,5.54,25,biotransformation,,,11.8,0.48,1.29,11.7,,,,aerobic,150
PFOSAm,,C(CN)CNS(=O)(=O)C(C(C(C(C(C(C(C(F)(F)F)(F)F)(F)F)(F)F)(F)F)(F)F)(F)F)(F)F,,C(CNS(=O)(=O)C(C(C(C(C(C(C(C(F)(F)F)(F)F)(F)F)(F)F)(F)F)(F)F)(F)F)(F)F)CO,,5.54,25,biotransformation,,,11.8,0.48,1.29,11.7,,,,aerobic,150
PFOSAm,,CN(CCCNS(=O)(=O)C(C(C(C(C(C(C(C(F)(F)F)(F)F)(F)F)(F)F)(F)F)(F)F)(F)F)(F)F)CO,,CNCCCNS(=O)(=O)C(C(C(C(C(C(C(C(F)(F)F)(F)F)(F)F)(F)F)(F)F)(F)F)(F)F)(F)F,,5.54,25,biotransformation,,,11.8,0.48,1.29,11.7,,,,aerobic,150
PFOSAm,,CN(C)CCCNS(=O)(=O)C(C(C(C(C(C(C(C(F)(F)F)(F)F)(F)F)(F)F)(F)F)(F)F)(F)F)(F)F,,CNCCCNS(=O)(=O)C(C(C(C(C(C(C(C(F)(F)F)(F)F)(F)F)(F)F)(F)F)(F)F)(F)F)(F)F,,5.54,25,biotransformation,,,11.8,0.48,1.29,11.7,,,,aerobic,150
PFOSAm,,C(CNS(=O)(=O)C(C(C(C(C(C(C(C(F)(F)F)(F)F)(F)F)(F)F)(F)F)(F)F)(F)F)(F)F)C=O,,C(CNS(=O)(=O)C(C(C(C(C(C(C(C(F)(F)F)(F)F)(F)F)(F)F)(F)F)(F)F)(F)F)(F)F)C(=O)O,,5.54,25,biotransformation,,,11.8,0.48,1.29,11.7,,,,aerobic,150
PFOSAm,,C(CNS(=O)(=O)C(C(C(C(C(C(C(C(F)(F)F)(F)F)(F)F)(F)F)(F)F)(F)F)(F)F)(F)F)C=O,,C(CNS(=O)(=O)C(C(C(C(C(C(C(C(F)(F)F)(F)F)(F)F)(F)F)(F)F)(F)F)(F)F)(F)F)C(=O)O,,5.54,25,biotransformation,,,11.8,0.48,1.29,11.7,,,,aerobic,150
PFOSAm,,C(CNS(=O)(=O)C(C(C(C(C(C(C(C(F)(F)F)(F)F)(F)F)(F)F)(F)F)(F)F)(F)F)(F)F)C(=O)O,,C(C(C(C(C(F)(F)S(=O)(=O)N)(F)F)(F)F)(F)F)(C(C(C(F)(F)F)(F)F)(F)F)(F)F,,5.54,25,biotransformation,,,11.8,0.48,1.29,11.7,,,,aerobic,150
PFOSAm,,C(C(C(C(C(F)(F)S(=O)(=O)N)(F)F)(F)F)(F)F)(C(C(C(F)(F)F)(F)F)(F)F)(F)F,,C(C(C(C(C(F)(F)S(=O)O)(F)F)(F)F)(F)F)(C(C(C(F)(F)F)(F)F)(F)F)(F)F,,5.54,25,biotransformation,,,11.8,0.48,1.29,11.7,,,,aerobic,150
PFOSAmS,,C(C=O)NS(=O)(=O)C(C(C(C(C(C(C(C(F)(F)F)(F)F)(F)F)(F)F)(F)F)(F)F)(F)F)(F)F,,C(C(=O)O)NS(=O)(=O)C(C(C(C(C(C(C(C(F)(F)F)(F)F)(F)F)(F)F)(F)F)(F)F)(F)F)(F)F,5.99,5,22,biotransformation,,3.1,7.2,0.011,0.064,,23,,,aerobic,180
PFOSAmS,,C(CO)NS(=O)(=O)C(C(C(C(C(C(C(C(F)(F)F)(F)F)(F)F)(F)F)(F)F)(F)F)(F)F)(F)F,,C(C=O)NS(=O)(=O)C(C(C(C(C(C(C(C(F)(F)F)(F)F)(F)F)(F)F)(F)F)(F)F)(F)F)(F)F,5.99,5,22,biotransformation,,3.1,7.2,0.011,0.064,,23,,,aerobic,180
PFOSAmS,,CN(C)CCCNS(=O)(=O)C(C(C(C(C(C(C(C(F)(F)F)(F)F)(F)F)(F)F)(F)F)(F)F)(F)F)(F)F,,CNCCCNS(=O)(=O)C(C(C(C(C(C(C(C(F)(F)F)(F)F)(F)F)(F)F)(F)F)(F)F)(F)F)(F)F,5.99,5,22,biotransformation,,3.1,7.2,0.011,0.064,,23,,,aerobic,180
PFOSAmS,,C(C(=O)O)NS(=O)(=O)C(C(C(C(C(C(C(C(F)(F)F)(F)F)(F)F)(F)F)(F)F)(F)F)(F)F)(F)F,,C(C(C(C(C(F)(F)S(=O)(=O)N)(F)F)(F)F)(F)F)(C(C(C(F)(F)F)(F)F)(F)F)(F)F,5.99,5,22,biotransformation,,3.1,7.2,0.011,0.064,,23,,,aerobic,180
PFOSAmS,,C(C(C(C(C(F)(F)S(=O)(=O)N)(F)F)(F)F)(F)F)(C(C(C(F)(F)F)(F)F)(F)F)(F)F,,C(C(C(C(C(F)(F)S(=O)(=O)O)(F)F)(F)F)(F)F)(C(C(C(F)(F)F)(F)F)(F)F)(F)F,5.99,5,22,biotransformation,,3.1,7.2,0.011,0.064,,23,,,aerobic,180
PFOSAmS,,C[N+](C)(C)CCCNS(=O)(=O)C(C(C(C(C(C(C(C(F)(F)F)(F)F)(F)F)(F)F)(F)F)(F)F)(F)F)(F)F,,CN(C)CCCNS(=O)(=O)C(C(C(C(C(C(C(C(F)(F)F)(F)F)(F)F)(F)F)(F)F)(F)F)(F)F)(F)F,5.99,5,22,biotransformation,,3.1,7.2,0.011,0.064,,23,,,aerobic,180
PFOSAmS,,CC(=O)CCNS(=O)(=O)C(C(C(C(C(C(C(C(F)(F)F)(F)F)(F)F)(F)F)(F)F)(F)F)(F)F)(F)F,,CCNS(=O)(=O)C(C(C(C(C(C(C(C(F)(F)F)(F)F)(F)F)(F)F)(F)F)(F)F)(F)F)(F)F,5.99,5,22,biotransformation,,3.1,7.2,0.011,0.064,,23,,,aerobic,180
PFOSAmS,,C[N+](C)(C)CCCNS(=O)(=O)C(C(C(C(C(C(C(C(F)(F)F)(F)F)(F)F)(F)F)(F)F)(F)F)(F)F)(F)F,,C(C(C(C(C(F)(F)S(=O)(=O)O)(F)F)(F)F)(F)F)(C(C(C(F)(F)F)(F)F)(F)F)(F)F,5.99,5,22,biotransformation,,3.1,7.2,0.011,0.064,,23,,,aerobic,180
PFOSAmS,,C(CN)CNS(=O)(=O)C(C(C(C(C(C(C(C(F)(F)F)(F)F)(F)F)(F)F)(F)F)(F)F)(F)F)(F)F,,C(CNS(=O)(=O)C(C(C(C(C(C(C(C(F)(F)F)(F)F)(F)F)(F)F)(F)F)(F)F)(F)F)(F)F)C=O,5.99,5,22,biotransformation,,3.1,7.2,0.011,0.064,,23,,,aerobic,180
PFOSAmS,,CCNS(=O)(=O)C(C(C(C(C(C(C(C(F)(F)F)(F)F)(F)F)(F)F)(F)F)(F)F)(F)F)(F)F,,C(CO)NS(=O)(=O)C(C(C(C(C(C(C(C(F)(F)F)(F)F)(F)F)(F)F)(F)F)(F)F)(F)F)(F)F,5.99,5,22,biotransformation,,3.1,7.2,0.011,0.064,,23,,,aerobic,180
PFOSAmS,,C[N+](C)(C)CCCNS(=O)(=O)C(C(C(C(C(C(C(C(F)(F)F)(F)F)(F)F)(F)F)(F)F)(F)F)(F)F)(F)F,,C(CNS(=O)(=O)C(C(C(C(C(C(C(C(F)(F)F)(F)F)(F)F)(F)F)(F)F)(F)F)(F)F)(F)F)C=O,5.99,5,22,biotransformation,,3.1,7.2,0.011,0.064,,23,,,aerobic,180
PFOSB,,C[NH+](C)CCC[N-]S(=O)(=O)C(C(C(C(C(C(C(C(F)(F)F)(F)F)(F)F)(F)F)(F)F)(F)F)(F)F)(F)F,,C(C(C(C(C(F)(F)S(=O)(=O)[O-])(F)F)(F)F)(F)F)(C(C(C(F)(F)F)(F)F)(F)F)(F)F,12.7,7.2,22,biotransformation,,4,18.9,,,,23,,,aerobic,150
PFOSB,,C[N+](C)(CCC[N-]S(=O)(=O)C(C(C(C(C(C(C(C(F)(F)F)(F)F)(F)F)(F)F)(F)F)(F)F)(F)F)(F)F)CC(=O)[O-],,C[NH+](C)CCC[N-]S(=O)(=O)C(C(C(C(C(C(C(C(F)(F)F)(F)F)(F)F)(F)F)(F)F)(F)F)(F)F)(F)F,12.7,7.2,22,biotransformation,,4,18.9,,,,23,,,aerobic,150
PFOSB,,C[N+](C)(CCC[N-]S(=O)(=O)C(C(C(C(C(C(C(C(F)(F)F)(F)F)(F)F)(F)F)(F)F)(F)F)(F)F)(F)F)CC(=O)[O-],,C[N+](C)(CC(C[N-]S(=O)(=O)C(C(C(C(C(C(C(C(F)(F)F)(F)F)(F)F)(F)F)(F)F)(F)F)(F)F)(F)F)O)CC(=O)[O-],12.7,7.2,22,biotransformation,,4,18.9,,,,23,,,aerobic,150
PFOSB,,C[N+](C)(CC(=O)[O-])C(CC[N-]S(=O)(=O)C(C(C(C(C(C(C(C(F)(F)F)(F)F)(F)F)(F)F)(F)F)(F)F)(F)F)(F)F)O,,C(C(C(C(C(F)(F)S(=O)(=O)[O-])(F)F)(F)F)(F)F)(C(C(C(F)(F)F)(F)F)(F)F)(F)F,12.7,7.2,22,biotransformation,,4,18.9,,,,23,,,aerobic,150
PFOSB,,C[N+](C)(CC(C[N-]S(=O)(=O)C(C(C(C(C(C(C(C(F)(F)F)(F)F)(F)F)(F)F)(F)F)(F)F)(F)F)(F)F)O)CC(=O)[O-],,C[N+](C)(CCC([N-]S(=O)(=O)C(C(C(C(C(C(C(C(F)(F)F)(F)F)(F)F)(F)F)(F)F)(F)F)(F)F)(F)F)O)CC(=O)[O-],12.7,7.2,22,biotransformation,,4,18.9,,,,23,,,aerobic,150
PFOSB,,C(C[N-]S(=O)(=O)C(C(C(C(C(C(C(C(F)(F)F)(F)F)(F)F)(F)F)(F)F)(F)F)(F)F)(F)F)C(=O)[O-],,C(C(C(C(C(F)(F)S(=O)(=O)[NH-])(F)F)(F)F)(F)F)(C(C(C(F)(F)F)(F)F)(F)F)(F)F,12.7,7.2,22,biotransformation,,4,18.9,,,,23,,,aerobic,150
PFOSB,,C(C(C(C(C(F)(F)S(=O)(=O)[NH-])(F)F)(F)F)(F)F)(C(C(C(F)(F)F)(F)F)(F)F)(F)F,,C(C(C(C(C(F)(F)[S-](=O)=O)(F)F)(F)F)(F)F)(C(C(C(F)(F)F)(F)F)(F)F)(F)F,12.7,7.2,22,biotransformation,,4,18.9,,,,23,,,aerobic,150
PFOSB,,C[N+](C)(CCC([N-]S(=O)(=O)C(C(C(C(C(C(C(C(F)(F)F)(F)F)(F)F)(F)F)(F)F)(F)F)(F)F)(F)F)O)CC(=O)[O-],,C(C(C(C(C(F)(F)S(=O)(=O)[O-])(F)F)(F)F)(F)F)(C(C(C(F)(F)F)(F)F)(F)F)(F)F,12.7,7.2,22,biotransformation,,4,18.9,,,,23,,,aerobic,150
PFOSB,,C(C[N-]S(=O)(=O)C(C(C(C(C(C(C(C(F)(F)F)(F)F)(F)F)(F)F)(F)F)(F)F)(F)F)(F)F)C(=O)[O-],,C(C(=O)[O-])[N-]S(=O)(=O)C(C(C(C(C(C(C(C(F)(F)F)(F)F)(F)F)(F)F)(F)F)(F)F)(F)F)(F)F,12.7,7.2,22,biotransformation,,4,18.9,,,,23,,,aerobic,150
PFOSB,,C[NH+](C)CCC[N-]S(=O)(=O)C(C(C(C(C(C(C(C(F)(F)F)(F)F)(F)F)(F)F)(F)F)(F)F)(F)F)(F)F,,C[NH2+]CCC[N-]S(=O)(=O)C(C(C(C(C(C(C(C(F)(F)F)(F)F)(F)F)(F)F)(F)F)(F)F)(F)F)(F)F,12.7,7.2,22,biotransformation,,4,18.9,,,,23,,,aerobic,150
PFOSB,,C(C(C(C(C(F)(F)[S-](=O)=O)(F)F)(F)F)(F)F)(C(C(C(F)(F)F)(F)F)(F)F)(F)F,,C(C(C(C(C(F)(F)S(=O)(=O)[O-])(F)F)(F)F)(F)F)(C(C(C(F)(F)F)(F)F)(F)F)(F)F,12.7,7.2,22,biotransformation,,4,18.9,,,,23,,,aerobic,150
PFOSB,,C[N+](C)(CC(C[N-]S(=O)(=O)C(C(C(C(C(C(C(C(F)(F)F)(F)F)(F)F)(F)F)(F)F)(F)F)(F)F)(F)F)O)CC(=O)[O-],,C[N+](C)(CC(=O)[O-])C(CC[N-]S(=O)(=O)C(C(C(C(C(C(C(C(F)(F)F)(F)F)(F)F)(F)F)(F)F)(F)F)(F)F)(F)F)O,12.7,7.2,22,biotransformation,,4,18.9,,,,23,,,aerobic,150
PFOSB,,C(C(=O)[O-])[N-]S(=O)(=O)C(C(C(C(C(C(C(C(F)(F)F)(F)F)(F)F)(F)F)(F)F)(F)F)(F)F)(F)F,,C(C(C(C(C(F)(F)S(=O)(=O)[NH-])(F)F)(F)F)(F)F)(C(C(C(F)(F)F)(F)F)(F)F)(F)F,12.7,7.2,22,biotransformation,,4,18.9,,,,23,,,aerobic,150
PFOSB,,C[N+](C)(CCC[N-]S(=O)(=O)C(C(C(C(C(C(C(C(F)(F)F)(F)F)(F)F)(F)F)(F)F)(F)F)(F)F)(F)F)CC(=O)[O-],,C[NH+](CCC[N-]S(=O)(=O)C(C(C(C(C(C(C(C(F)(F)F)(F)F)(F)F)(F)F)(F)F)(F)F)(F)F)(F)F)CC(=O)[O-],12.7,7.2,22,biotransformation,,4,18.9,,,,23,,,aerobic,150
PFOSB,,C(C[NH3+])C[N-]S(=O)(=O)C(C(C(C(C(C(C(C(F)(F)F)(F)F)(F)F)(F)F)(F)F)(F)F)(F)F)(F)F,,C(C[N-]S(=O)(=O)C(C(C(C(C(C(C(C(F)(F)F)(F)F)(F)F)(F)F)(F)F)(F)F)(F)F)(F)F)C(=O)[O-],12.7,7.2,22,biotransformation,,4,18.9,,,,23,,,aerobic,150
PFOSB,,C[NH2+]CCC[N-]S(=O)(=O)C(C(C(C(C(C(C(C(F)(F)F)(F)F)(F)F)(F)F)(F)F)(F)F)(F)F)(F)F,,C(C[NH3+])C[N-]S(=O)(=O)C(C(C(C(C(C(C(C(F)(F)F)(F)F)(F)F)(F)F)(F)F)(F)F)(F)F)(F)F,12.7,7.2,22,biotransformation,,4,18.9,,,,23,,,aerobic,150
PFOSB,,C[NH+](CCC[N-]S(=O)(=O)C(C(C(C(C(C(C(C(F)(F)F)(F)F)(F)F)(F)F)(F)F)(F)F)(F)F)(F)F)CC(=O)[O-],,C(C(C(C(C(F)(F)S(=O)(=O)[O-])(F)F)(F)F)(F)F)(C(C(C(F)(F)F)(F)F)(F)F)(F)F,12.7,7.2,22,biotransformation,,4,18.9,,,,23,,,aerobic,150
PFUPA,,C(=C(\C(C(F)(F)F)(F)F)/F)(/C(=O)O)\F,,C(=C(\C(C(F)(F)F)(F)F)/F)/C(=O)O,80,7,20,biotransformation,,,,,,,,,,anaerobic,
PFUPA,,C(=C(\C(C(F)(F)F)(F)F)/F)(/C(=O)O)\F,,C(C(C(C(F)(F)F)(F)F)F)(C(=O)O)F,80,7,20,biotransformation,,,,,,,,,,anaerobic,
PFUPA,,C(=C(\C(C(F)(F)F)(F)F)/F)/C(=O)O,,C(C(C(C(F)(F)F)(F)F)F)C(=O)O,80,7,20,biotransformation,,,,,,,,,,anaerobic,
S-OHPrAmPr-FHxSA,,C(C(C(C(F)(F)S(=O)=O)(F)F)(F)F)(C(C(F)(F)F)(F)F)(F)F,,C(C(C(C(F)(F)S(=O)(=O)O)(F)F)(F)F)(C(C(F)(F)F)(F)F)(F)F,,,22,biotransformation,,,,,,,,,,aerobic,
S-OHPrAmPr-FHxSA,,C[N+](C)(CCCNS(=O)(=O)C(C(C(C(C(C(F)(F)F)(F)F)(F)F)(F)F)(F)F)(F)F)CC(CS(=O)(=O)O)O,,CCN(CC(=O)O)S(=O)(=O)C(C(C(C(C(C(F)(F)F)(F)F)(F)F)(F)F)(F)F)(F)F,,,22,biotransformation,,,,,,,,,,aerobic,
S-OHPrAmPr-FHxSA,,CCN(CC(=O)O)S(=O)(=O)C(C(C(C(C(C(F)(F)F)(F)F)(F)F)(F)F)(F)F)(F)F,,C(C(C(C(F)(F)S(=O)=O)(F)F)(F)F)(C(C(F)(F)F)(F)F)(F)F,,,22,biotransformation,,,,,,,,,,aerobic,
S-OHPrAmPr-FHxSA-OHPrS,,CCN(CC(=O)O)S(=O)(=O)C(C(C(C(C(C(F)(F)F)(F)F)(F)F)(F)F)(F)F)(F)F,,C(C(C(C(F)(F)S(=O)=O)(F)F)(F)F)(C(C(F)(F)F)(F)F)(F)F,,,22,biotransformation,,,,,,,,,,aerobic,56
S-OHPrAmPr-FHxSA-OHPrS,,CN(C)S(=O)(=O)C(C(C(C(C(C(F)(F)F)(F)F)(F)F)(F)F)(F)F)(F)F,,C(C(C(C(F)(F)S(=O)=O)(F)F)(F)F)(C(C(F)(F)F)(F)F)(F)F,,,22,biotransformation,,,,,,,,,,aerobic,56
S-OHPrAmPr-FHxSA-OHPrS,,C[N+](C)(CCCN(CC(CS(=O)(=O)O)O)S(=O)(=O)C(C(C(C(C(C(F)(F)F)(F)F)(F)F)(F)F)(F)F)(F)F)CC(CS(=O)(=O)O)O,,CN(C)S(=O)(=O)C(C(C(C(C(C(F)(F)F)(F)F)(F)F)(F)F)(F)F)(F)F,,,22,biotransformation,,,,,,,,,,aerobic,56
S-OHPrAmPr-FHxSA-OHPrS,,C[N+](C)(CCCN(CC(CS(=O)(=O)O)O)S(=O)(=O)C(C(C(C(C(C(F)(F)F)(F)F)(F)F)(F)F)(F)F)(F)F)CC(CS(=O)(=O)O)O,,CN(CC(=O)O)S(=O)(=O)C(C(C(C(C(C(F)(F)F)(F)F)(F)F)(F)F)(F)F)(F)F,,,22,biotransformation,,,,,,,,,,aerobic,56
S-OHPrAmPr-FHxSA-OHPrS,,CN(CC(=O)O)S(=O)(=O)C(C(C(C(C(C(F)(F)F)(F)F)(F)F)(F)F)(F)F)(F)F,,C(C(C(C(F)(F)S(=O)=O)(F)F)(F)F)(C(C(F)(F)F)(F)F)(F)F,,,22,biotransformation,,,,,,,,,,aerobic,56
S-OHPrAmPr-FHxSA-OHPrS,,C(C(C(C(F)(F)S(=O)=O)(F)F)(F)F)(C(C(F)(F)F)(F)F)(F)F,,C(C(C(C(F)(F)S(=O)(=O)O)(F)F)(F)F)(C(C(F)(F)F)(F)F)(F)F,,,22,biotransformation,,,,,,,,,,aerobic,56
S-OHPrAmPr-FHxSA-OHPrS,,C[N+](C)(CCCN(CC(CS(=O)(=O)O)O)S(=O)(=O)C(C(C(C(C(C(F)(F)F)(F)F)(F)F)(F)F)(F)F)(F)F)CC(CS(=O)(=O)O)O,,CCN(CC(=O)O)S(=O)(=O)C(C(C(C(C(C(F)(F)F)(F)F)(F)F)(F)F)(F)F)(F)F,,,22,biotransformation,,,,,,,,,,aerobic,56
SAmPAP Diester,,CCN(CC=O)S(=O)(=O)C(C(C(C(C(C(C(C(F)(F)F)(F)F)(F)F)(F)F)(F)F)(F)F)(F)F)(F)F,,CCN(CC(=O)O)S(=O)(=O)C(C(C(C(C(C(C(C(F)(F)F)(F)F)(F)F)(F)F)(F)F)(F)F)(F)F)(F)F,,,25,biotransformation,,,,,,,,,,aerobic,120
SAmPAP Diester,,C(C=O)NS(=O)(=O)C(C(C(C(C(C(C(C(F)(F)F)(F)F)(F)F)(F)F)(F)F)(F)F)(F)F)(F)F,,C(C(=O)O)NS(=O)(=O)C(C(C(C(C(C(C(C(F)(F)F)(F)F)(F)F)(F)F)(F)F)(F)F)(F)F)(F)F,,,25,biotransformation,,,,,,,,,,aerobic,120
SAmPAP Diester,,C(C(=O)O)NS(=O)(=O)C(C(C(C(C(C(C(C(F)(F)F)(F)F)(F)F)(F)F)(F)F)(F)F)(F)F)(F)F,,C(C(C(C(C(F)(F)S(=O)(=O)N)(F)F)(F)F)(F)F)(C(C(C(F)(F)F)(F)F)(F)F)(F)F,,,25,biotransformation,,,,,,,,,,aerobic,120
SAmPAP Diester,,CCN(CC(=O)O)S(=O)(=O)C(C(C(C(C(C(C(C(F)(F)F)(F)F)(F)F)(F)F)(F)F)(F)F)(F)F)(F)F,,CCNS(=O)(=O)C(C(C(C(C(C(C(C(F)(F)F)(F)F)(F)F)(F)F)(F)F)(F)F)(F)F)(F)F,,,25,biotransformation,,,,,,,,,,aerobic,120
SAmPAP Diester,,CCN(CCO)S(=O)(=O)C(C(C(C(C(C(C(C(F)(F)F)(F)F)(F)F)(F)F)(F)F)(F)F)(F)F)(F)F,,CCN(CC=O)S(=O)(=O)C(C(C(C(C(C(C(C(F)(F)F)(F)F)(F)F)(F)F)(F)F)(F)F)(F)F)(F)F,,,25,biotransformation,,,,,,,,,,aerobic,120
SAmPAP Diester,,C(C(C(C(C(F)(F)S(=O)=O)(F)F)(F)F)(F)F)(C(C(C(F)(F)F)(F)F)(F)F)(F)F,,C(C(C(C(C(F)(F)S(=O)(=O)O)(F)F)(F)F)(F)F)(C(C(C(F)(F)F)(F)F)(F)F)(F)F,,,25,biotransformation,,,,,,,,,,aerobic,120
SAmPAP Diester,,C(C(C(C(C(F)(F)S(=O)(=O)N)(F)F)(F)F)(F)F)(C(C(C(F)(F)F)(F)F)(F)F)(F)F,,C(C(C(C(C(F)(F)S(=O)=O)(F)F)(F)F)(F)F)(C(C(C(F)(F)F)(F)F)(F)F)(F)F,,,25,biotransformation,,,,,,,,,,aerobic,120
SAmPAP Diester,,C(CO)NS(=O)(=O)C(C(C(C(C(C(C(C(F)(F)F)(F)F)(F)F)(F)F)(F)F)(F)F)(F)F)(F)F,,C(C=O)NS(=O)(=O)C(C(C(C(C(C(C(C(F)(F)F)(F)F)(F)F)(F)F)(F)F)(F)F)(F)F)(F)F,,,25,biotransformation,,,,,,,,,,aerobic,120
SAmPAP Diester,,CCN(CCOP(=O)(O)O)S(=O)(=O)C(C(C(C(C(C(C(C(F)(F)F)(F)F)(F)F)(F)F)(F)F)(F)F)(F)F)(F)F,,CCN(CCO)S(=O)(=O)C(C(C(C(C(C(C(C(F)(F)F)(F)F)(F)F)(F)F)(F)F)(F)F)(F)F)(F)F,,,25,biotransformation,,,,,,,,,,aerobic,120
SAmPAP Diester,,CCN(CCOP(=O)(O)OCCN(CC)S(=O)(=O)C(C(C(C(C(C(C(C(F)(F)F)(F)F)(F)F)(F)F)(F)F)(F)F)(F)F)(F)F)S(=O)(=O)C(C(C(C(C(C(C(C(F)(F)F)(F)F)(F)F)(F)F)(F)F)(F)F)(F)F)(F)F,,CCN(CCO)S(=O)(=O)C(C(C(C(C(C(C(C(F)(F)F)(F)F)(F)F)(F)F)(F)F)(F)F)(F)F)(F)F,,,25,biotransformation,,,,,,,,,,aerobic,120
SAmPAP Diester,,CCNS(=O)(=O)C(C(C(C(C(C(C(C(F)(F)F)(F)F)(F)F)(F)F)(F)F)(F)F)(F)F)(F)F,,C(CO)NS(=O)(=O)C(C(C(C(C(C(C(C(F)(F)F)(F)F)(F)F)(F)F)(F)F)(F)F)(F)F)(F)F,,,25,biotransformation,,,,,,,,,,aerobic,120
SAmPAP Diester,,CCN(CCOP(=O)(O)OCCN(CC)S(=O)(=O)C(C(C(C(C(C(C(C(F)(F)F)(F)F)(F)F)(F)F)(F)F)(F)F)(F)F)(F)F)S(=O)(=O)C(C(C(C(C(C(C(C(F)(F)F)(F)F)(F)F)(F)F)(F)F)(F)F)(F)F)(F)F,,CCN(CCOP(=O)(O)O)S(=O)(=O)C(C(C(C(C(C(C(C(F)(F)F)(F)F)(F)F)(F)F)(F)F)(F)F)(F)F)(F)F,,,25,biotransformation,,,,,,,,,,aerobic,120
SPr-FHxSA,,C(CNS(=O)(=O)C(C(C(C(C(C(F)(F)F)(F)F)(F)F)(F)F)(F)F)(F)F)CS(=O)(=O)O,,C(C(=O)O)NS(=O)(=O)C(C(C(C(C(C(F)(F)F)(F)F)(F)F)(F)F)(F)F)(F)F,,,22,biotransformation,,,,,,,,,,aerobic,56
SPr-FHxSA,,CCN(CC(=O)O)S(=O)(=O)C(C(C(C(C(C(F)(F)F)(F)F)(F)F)(F)F)(F)F)(F)F,,C(C(C(C(F)(F)S(=O)=O)(F)F)(F)F)(C(C(F)(F)F)(F)F)(F)F,,,22,biotransformation,,,,,,,,,,aerobic,56
SPr-FHxSA,,C(CNS(=O)(=O)C(C(C(C(C(C(F)(F)F)(F)F)(F)F)(F)F)(F)F)(F)F)CS(=O)(=O)O,,CCN(CC(=O)O)S(=O)(=O)C(C(C(C(C(C(F)(F)F)(F)F)(F)F)(F)F)(F)F)(F)F,,,22,biotransformation,,,,,,,,,,aerobic,56
SPr-FHxSA,,C(C(=O)O)NS(=O)(=O)C(C(C(C(C(C(F)(F)F)(F)F)(F)F)(F)F)(F)F)(F)F,,C(C(C(C(F)(F)S(=O)=O)(F)F)(F)F)(C(C(F)(F)F)(F)F)(F)F,,,22,biotransformation,,,,,,,,,,aerobic,56
SPr-FHxSA,,C(C(C(C(F)(F)S(=O)=O)(F)F)(F)F)(C(C(F)(F)F)(F)F)(F)F,,C(C(C(C(F)(F)S(=O)(=O)O)(F)F)(F)F)(C(C(F)(F)F)(F)F)(F)F,,,22,biotransformation,,,,,,,,,,aerobic,56
SPrAmPr-FHxSA,,C(C(C(C(F)(F)S(=O)=O)(F)F)(F)F)(C(C(F)(F)F)(F)F)(F)F,,C(C(C(C(F)(F)S(=O)(=O)O)(F)F)(F)F)(C(C(F)(F)F)(F)F)(F)F,,,22,biotransformation,,,,,,,,,,aerobic,56
SPrAmPr-FHxSA,,CCN(CC(=O)O)S(=O)(=O)C(C(C(C(C(C(F)(F)F)(F)F)(F)F)(F)F)(F)F)(F)F,,C(C(C(C(F)(F)S(=O)=O)(F)F)(F)F)(C(C(F)(F)F)(F)F)(F)F,,,22,biotransformation,,,,,,,,,,aerobic,56
SPrAmPr-FHxSA,,C[N+](C)(CCCNS(=O)(=O)C(C(C(C(C(C(F)(F)F)(F)F)(F)F)(F)F)(F)F)(F)F)CCCS(=O)(=O)O,,CCN(CC(=O)O)S(=O)(=O)C(C(C(C(C(C(F)(F)F)(F)F)(F)F)(F)F)(F)F)(F)F,,,22,biotransformation,,,,,,,,,,aerobic,56
SPrAmPr-FHxSAA,,CCN(CC(=O)O)S(=O)(=O)C(C(C(C(C(C(F)(F)F)(F)F)(F)F)(F)F)(F)F)(F)F,,C(C(C(C(F)(F)S(=O)=O)(F)F)(F)F)(C(C(F)(F)F)(F)F)(F)F,,,22,biotransformation,,,,,,,,,,aerobic,56
SPrAmPr-FHxSAA,,C[N+](C)(CCCN(CC(=O)O)S(=O)(=O)C(C(C(C(C(C(F)(F)F)(F)F)(F)F)(F)F)(F)F)(F)F)CCCS(=O)(=O)O,,CCN(CC(=O)O)S(=O)(=O)C(C(C(C(C(C(F)(F)F)(F)F)(F)F)(F)F)(F)F)(F)F,,,22,biotransformation,,,,,,,,,,aerobic,56
SPrAmPr-FHxSAA,,CN(C)S(=O)(=O)C(C(C(C(C(C(F)(F)F)(F)F)(F)F)(F)F)(F)F)(F)F,,C(C(C(C(F)(F)S(=O)=O)(F)F)(F)F)(C(C(F)(F)F)(F)F)(F)F,,,22,biotransformation,,,,,,,,,,aerobic,56
SPrAmPr-FHxSAA,,C[N+](C)(CCCN(CC(=O)O)S(=O)(=O)C(C(C(C(C(C(F)(F)F)(F)F)(F)F)(F)F)(F)F)(F)F)CCCS(=O)(=O)O,,CN(C)S(=O)(=O)C(C(C(C(C(C(F)(F)F)(F)F)(F)F)(F)F)(F)F)(F)F,,,22,biotransformation,,,,,,,,,,aerobic,56
SPrAmPr-FHxSAA,,C(C(C(C(F)(F)S(=O)=O)(F)F)(F)F)(C(C(F)(F)F)(F)F)(F)F,,C(C(C(C(F)(F)S(=O)(=O)O)(F)F)(F)F)(C(C(F)(F)F)(F)F)(F)F,,,22,biotransformation,,,,,,,,,,aerobic,56
SPrAmPr-FHxSAA,,CN(CC(=O)O)S(=O)(=O)C(C(C(C(C(C(F)(F)F)(F)F)(F)F)(F)F)(F)F)(F)F,,C(C(C(C(F)(F)S(=O)=O)(F)F)(F)F)(C(C(F)(F)F)(F)F)(F)F,,,22,biotransformation,,,,,,,,,,aerobic,56
SPrAmPr-FHxSAA,,C[N+](C)(CCCN(CC(=O)O)S(=O)(=O)C(C(C(C(C(C(F)(F)F)(F)F)(F)F)(F)F)(F)F)(F)F)CCCS(=O)(=O)O,,CN(CC(=O)O)S(=O)(=O)C(C(C(C(C(C(F)(F)F)(F)F)(F)F)(F)F)(F)F)(F)F,,,22,biotransformation,,,,,,,,,,aerobic,56
SPrAmPr-FHxSAPrS,,CN(CC(=O)O)S(=O)(=O)C(C(C(C(C(C(F)(F)F)(F)F)(F)F)(F)F)(F)F)(F)F,,C(C(C(C(F)(F)S(=O)=O)(F)F)(F)F)(C(C(F)(F)F)(F)F)(F)F,,,22,biotransformation,,,,,,,,,,aerobic,56
SPrAmPr-FHxSAPrS,,C[N+](C)(CCCN(CCCS(=O)(=O)O)S(=O)(=O)C(C(C(C(C(C(F)(F)F)(F)F)(F)F)(F)F)(F)F)(F)F)CCCS(=O)(=O)O,,CN(C)S(=O)(=O)C(C(C(C(C(C(F)(F)F)(F)F)(F)F)(F)F)(F)F)(F)F,,,22,biotransformation,,,,,,,,,,aerobic,56
SPrAmPr-FHxSAPrS,,C(C(C(C(F)(F)S(=O)=O)(F)F)(F)F)(C(C(F)(F)F)(F)F)(F)F,,C(C(C(C(F)(F)S(=O)(=O)O)(F)F)(F)F)(C(C(F)(F)F)(F)F)(F)F,,,22,biotransformation,,,,,,,,,,aerobic,56
SPrAmPr-FHxSAPrS,,CN(C)S(=O)(=O)C(C(C(C(C(C(F)(F)F)(F)F)(F)F)(F)F)(F)F)(F)F,,C(C(C(C(F)(F)S(=O)=O)(F)F)(F)F)(C(C(F)(F)F)(F)F)(F)F,,,22,biotransformation,,,,,,,,,,aerobic,56
SPrAmPr-FHxSAPrS,,CCN(CC(=O)O)S(=O)(=O)C(C(C(C(C(C(F)(F)F)(F)F)(F)F)(F)F)(F)F)(F)F,,C(C(C(C(F)(F)S(=O)=O)(F)F)(F)F)(C(C(F)(F)F)(F)F)(F)F,,,22,biotransformation,,,,,,,,,,aerobic,56
SPrAmPr-FHxSAPrS,,C[N+](C)(CCCN(CCCS(=O)(=O)O)S(=O)(=O)C(C(C(C(C(C(F)(F)F)(F)F)(F)F)(F)F)(F)F)(F)F)CCCS(=O)(=O)O,,CN(CC(=O)O)S(=O)(=O)C(C(C(C(C(C(F)(F)F)(F)F)(F)F)(F)F)(F)F)(F)F,,,22,biotransformation,,,,,,,,,,aerobic,56
SPrAmPr-FHxSAPrS,,C[N+](C)(CCCN(CCCS(=O)(=O)O)S(=O)(=O)C(C(C(C(C(C(F)(F)F)(F)F)(F)F)(F)F)(F)F)(F)F)CCCS(=O)(=O)O,,CCN(CC(=O)O)S(=O)(=O)C(C(C(C(C(C(F)(F)F)(F)F)(F)F)(F)F)(F)F)(F)F,,,22,biotransformation,,,,,,,,,,aerobic,56
TAmPr-FBSA-AA,,C[NH+](C)CCC[N-]S(=O)(=O)C(C(C(C(F)(F)F)(F)F)(F)F)(F)F,,C[NH2+]CCC[N-]S(=O)(=O)C(C(C(C(F)(F)F)(F)F)(F)F)(F)F,,,25,biotransformation,,,,,,,,,,aerobic,308
TAmPr-FBSA-AA,,C[N+](C)(C)CCC[N-]S(=O)(=O)C(C(C(C(F)(F)F)(F)F)(F)F)(F)F,,C[NH+](C)CCC[N-]S(=O)(=O)C(C(C(C(F)(F)F)(F)F)(F)F)(F)F,,,25,biotransformation,,,,,,,,,,aerobic,308
TAmPr-FBSA-AA,,C[N+](C)(C)CCCN(CC(=O)[O-])S(=O)(=O)C(C(C(C(F)(F)F)(F)F)(F)F)(F)F,,C[N+](C)(C)CCC[N-]S(=O)(=O)C(C(C(C(F)(F)F)(F)F)(F)F)(F)F,,,25,biotransformation,,,,,,,,,,aerobic,308
TAmPr-FBSA-AA,,C(C(C(F)(F)S(=O)(=O)N)(F)F)(C(F)(F)F)(F)F,,C(C(C(F)(F)S(=O)=O)(F)F)(C(F)(F)F)(F)F,,,25,biotransformation,,,,,,,,,,aerobic,308
TAmPr-FBSA-AA,,C[NH2+]CCC[N-]S(=O)(=O)C(C(C(C(F)(F)F)(F)F)(F)F)(F)F,,C(C[N+])C[N-]S(=O)(=O)C(C(C(C(F)(F)F)(F)F)(F)F)(F)F,,,25,biotransformation,,,,,,,,,,aerobic,308
TAmPr-FBSA-AA,,C(C(C(F)(F)S(=O)=O)(F)F)(C(F)(F)F)(F)F,,C(C(C(F)(F)S(=O)(=O)O)(F)F)(C(F)(F)F)(F)F,,,25,biotransformation,,,,,,,,,,aerobic,308
TAmPr-FBSA-AA,,C(C[N+])C[N-]S(=O)(=O)C(C(C(C(F)(F)F)(F)F)(F)F)(F)F,,C(CNS(=O)(=O)C(C(C(C(F)(F)F)(F)F)(F)F)(F)F)C(=O)O,,,25,biotransformation,,,,,,,,,,aerobic,308
TAmPr-FBSA-AA,,C(C(=O)O)NS(=O)(=O)C(C(C(C(F)(F)F)(F)F)(F)F)(F)F,,C(C(C(F)(F)S(=O)(=O)N)(F)F)(C(F)(F)F)(F)F,,,25,biotransformation,,,,,,,,,,aerobic,308
TAmPr-FBSA-AA,,C(CNS(=O)(=O)C(C(C(C(F)(F)F)(F)F)(F)F)(F)F)C(=O)O,,C(C(=O)O)NS(=O)(=O)C(C(C(C(F)(F)F)(F)F)(F)F)(F)F,,,25,biotransformation,,,,,,,,,,aerobic,308
TAmPr-FBSA-AA,,C[NH+](C)CCC[N-]S(=O)(=O)C(C(C(C(F)(F)F)(F)F)(F)F)(F)F,,C[N+](C)(CCC[N-]S(=O)(=O)C(C(C(C(F)(F)F)(F)F)(F)F)(F)F)[O-],,,25,biotransformation,,,,,,,,,,aerobic,308
TAmPr-FBSA-AA,,C(C(C(F)(F)S(=O)(=O)N)(F)F)(C(F)(F)F)(F)F,,C(C(C(F)(F)S(=O)(=O)O)(F)F)(C(F)(F)F)(F)F,,,25,biotransformation,,,,,,,,,,aerobic,308
TAmPr-FBSA-AA,,C(CNS(=O)(=O)C(C(C(C(F)(F)F)(F)F)(F)F)(F)F)C(=O)O,,C(C(C(F)(F)S(=O)(=O)N)(F)F)(C(F)(F)F)(F)F,,,25,biotransformation,,,,,,,,,,aerobic,308
TAmPr-FHxSA-AA,,C[NH+](C)CCC[N-]S(=O)(=O)C(C(C(C(C(C(F)(F)F)(F)F)(F)F)(F)F)(F)F)(F)F,,C[N+](C)(CCC[N-]S(=O)(=O)C(C(C(C(C(C(F)(F)F)(F)F)(F)F)(F)F)(F)F)(F)F)[O-],,,25,biotransformation,,,,,,,,,,aerobic,308
TAmPr-FHxSA-AA,,C(CNS(=O)(=O)C(C(C(C(C(C(F)(F)F)(F)F)(F)F)(F)F)(F)F)(F)F)C(=O)O,,C(C(=O)O)NS(=O)(=O)C(C(C(C(C(C(F)(F)F)(F)F)(F)F)(F)F)(F)F)(F)F,,,25,biotransformation,,,,,,,,,,aerobic,308
TAmPr-FHxSA-AA,,C(C(C(C(F)(F)S(=O)=O)(F)F)(F)F)(C(C(F)(F)F)(F)F)(F)F,,C(C(C(C(F)(F)S(=O)(=O)O)(F)F)(F)F)(C(C(F)(F)F)(F)F)(F)F,,,25,biotransformation,,,,,,,,,,aerobic,308
TAmPr-FHxSA-AA,,C[N+](C)(C)CCC[N-]S(=O)(=O)C(C(C(C(C(C(F)(F)F)(F)F)(F)F)(F)F)(F)F)(F)F,,C[NH+](C)CCC[N-]S(=O)(=O)C(C(C(C(C(C(F)(F)F)(F)F)(F)F)(F)F)(F)F)(F)F,,,25,biotransformation,,,,,,,,,,aerobic,308
TAmPr-FHxSA-AA,,C[NH+](C)CCC[N-]S(=O)(=O)C(C(C(C(C(C(F)(F)F)(F)F)(F)F)(F)F)(F)F)(F)F,,C[NH2+]CCC[N-]S(=O)(=O)C(C(C(C(C(C(F)(F)F)(F)F)(F)F)(F)F)(F)F)(F)F,,,25,biotransformation,,,,,,,,,,aerobic,308
TAmPr-FHxSA-AA,,C(CNS(=O)(=O)C(C(C(C(C(C(F)(F)F)(F)F)(F)F)(F)F)(F)F)(F)F)C(=O)O,,C(C(C(C(F)(F)S(=O)(=O)N)(F)F)(F)F)(C(C(F)(F)F)(F)F)(F)F,,,25,biotransformation,,,,,,,,,,aerobic,308
TAmPr-FHxSA-AA,,C(C(=O)O)NS(=O)(=O)C(C(C(C(C(C(F)(F)F)(F)F)(F)F)(F)F)(F)F)(F)F,,C(C(C(C(F)(F)S(=O)(=O)N)(F)F)(F)F)(C(C(F)(F)F)(F)F)(F)F,,,25,biotransformation,,,,,,,,,,aerobic,308
TAmPr-FHxSA-AA,,C(C[N+])C[N-]S(=O)(=O)C(C(C(C(C(C(F)(F)F)(F)F)(F)F)(F)F)(F)F)(F)F,,C(CNS(=O)(=O)C(C(C(C(C(C(F)(F)F)(F)F)(F)F)(F)F)(F)F)(F)F)C(=O)O,,,25,biotransformation,,,,,,,,,,aerobic,308
TAmPr-FHxSA-AA,,C(C(C(C(F)(F)S(=O)(=O)N)(F)F)(F)F)(C(C(F)(F)F)(F)F)(F)F,,C(C(C(C(F)(F)S(=O)(=O)O)(F)F)(F)F)(C(C(F)(F)F)(F)F)(F)F,,,25,biotransformation,,,,,,,,,,aerobic,308
TAmPr-FHxSA-AA,,C(C(C(C(F)(F)S(=O)(=O)N)(F)F)(F)F)(C(C(F)(F)F)(F)F)(F)F,,C(C(C(C(F)(F)S(=O)=O)(F)F)(F)F)(C(C(F)(F)F)(F)F)(F)F,,,25,biotransformation,,,,,,,,,,aerobic,308
TAmPr-FHxSA-AA,,C[NH2+]CCC[N-]S(=O)(=O)C(C(C(C(C(C(F)(F)F)(F)F)(F)F)(F)F)(F)F)(F)F,,C(C[N+])C[N-]S(=O)(=O)C(C(C(C(C(C(F)(F)F)(F)F)(F)F)(F)F)(F)F)(F)F,,,25,biotransformation,,,,,,,,,,aerobic,308
TAmPr-FHxSA-AA,,C[N+](C)(C)CCCN(CC(=O)[O-])S(=O)(=O)C(C(C(C(C(C(F)(F)F)(F)F)(F)F)(F)F)(F)F)(F)F,,C[N+](C)(C)CCC[N-]S(=O)(=O)C(C(C(C(C(C(F)(F)F)(F)F)(F)F)(F)F)(F)F)(F)F,,,25,biotransformation,,,,,,,,,,aerobic,308
TAmPr-FPeSA-AA,,C(CNS(=O)(=O)C(C(C(C(C(F)(F)F)(F)F)(F)F)(F)F)(F)F)C(=O)O,,C(C(=O)O)NS(=O)(=O)C(C(C(C(C(F)(F)F)(F)F)(F)F)(F)F)(F)F,,,25,biotransformation,,,,,,,,,,aerobic,308
TAmPr-FPeSA-AA,,C(C(C(F)(F)F)(F)F)(C(C(F)(F)S(=O)(=O)N)(F)F)(F)F,,C(C(C(F)(F)F)(F)F)(C(C(F)(F)S(=O)=O)(F)F)(F)F,,,25,biotransformation,,,,,,,,,,aerobic,308
TAmPr-FPeSA-AA,,C[NH+](C)CCC[N-]S(=O)(=O)C(C(C(C(C(F)(F)F)(F)F)(F)F)(F)F)(F)F,,C[N+](C)(CCC[N-]S(=O)(=O)C(C(C(C(C(F)(F)F)(F)F)(F)F)(F)F)(F)F)[O-],,,25,biotransformation,,,,,,,,,,aerobic,308
TAmPr-FPeSA-AA,,C(CNS(=O)(=O)C(C(C(C(C(F)(F)F)(F)F)(F)F)(F)F)(F)F)C(=O)O,,C(C(C(F)(F)F)(F)F)(C(C(F)(F)S(=O)(=O)N)(F)F)(F)F,,,25,biotransformation,,,,,,,,,,aerobic,308
TAmPr-FPeSA-AA,,C[N+]CCC[N-]S(=O)(=O)C(C(C(C(C(F)(F)F)(F)F)(F)F)(F)F)(F)F,,C(C[N+])C[N-]S(=O)(=O)C(C(C(C(C(F)(F)F)(F)F)(F)F)(F)F)(F)F,,,25,biotransformation,,,,,,,,,,aerobic,308
TAmPr-FPeSA-AA,,C(C[N+])C[N-]S(=O)(=O)C(C(C(C(C(F)(F)F)(F)F)(F)F)(F)F)(F)F,,C(CNS(=O)(=O)C(C(C(C(C(F)(F)F)(F)F)(F)F)(F)F)(F)F)C(=O)O,,,25,biotransformation,,,,,,,,,,aerobic,308
TAmPr-FPeSA-AA,,C[N+](C)(C)CCC[N-]S(=O)(=O)C(C(C(C(C(F)(F)F)(F)F)(F)F)(F)F)(F)F,,C[NH+](C)CCC[N-]S(=O)(=O)C(C(C(C(C(F)(F)F)(F)F)(F)F)(F)F)(F)F,,,25,biotransformation,,,,,,,,,,aerobic,308
TAmPr-FPeSA-AA,,C[NH+](C)CCC[N-]S(=O)(=O)C(C(C(C(C(F)(F)F)(F)F)(F)F)(F)F)(F)F,,C[N+]CCC[N-]S(=O)(=O)C(C(C(C(C(F)(F)F)(F)F)(F)F)(F)F)(F)F,,,25,biotransformation,,,,,,,,,,aerobic,308
TAmPr-FPeSA-AA,,C(C(C(F)(F)F)(F)F)(C(C(F)(F)S(=O)=O)(F)F)(F)F,,C(C(C(F)(F)F)(F)F)(C(C(F)(F)S(=O)(=O)O)(F)F)(F)F,,,25,biotransformation,,,,,,,,,,aerobic,308
TAmPr-FPeSA-AA,,C[N+](C)(C)CCCN(CC(=O)[O-])S(=O)(=O)C(C(C(C(C(F)(F)F)(F)F)(F)F)(F)F)(F)F,,C[N+](C)(C)CCC[N-]S(=O)(=O)C(C(C(C(C(F)(F)F)(F)F)(F)F)(F)F)(F)F,,,25,biotransformation,,,,,,,,,,aerobic,308
TAmPr-FPeSA-AA,,C(C(=O)O)NS(=O)(=O)C(C(C(C(C(F)(F)F)(F)F)(F)F)(F)F)(F)F,,C(C(C(F)(F)F)(F)F)(C(C(F)(F)S(=O)(=O)N)(F)F)(F)F,,,25,biotransformation,,,,,,,,,,aerobic,308
TAmPr-FPeSA-AA,,C(C(C(F)(F)F)(F)F)(C(C(F)(F)S(=O)(=O)N)(F)F)(F)F,,C(C(C(F)(F)F)(F)F)(C(C(F)(F)S(=O)(=O)O)(F)F)(F)F,,,25,biotransformation,,,,,,,,,,aerobic,308
"Toluene-2,4-di(8:2 fluorotelomer urethane)",,CC1=CC=C(C=C1NC(=O)OCCC(C(C(C(C(C(C(C(F)(F)F)(F)F)(F)F)(F)F)(F)F)(F)F)(F)F)(F)F)NC(=O)OCCC(C(C(C(C(C(C(C(F)(F)F)(F)F)(F)F)(F)F)(F)F)(F)F)(F)F)(F)F,,C(CO)C(C(C(C(C(C(C(C(F)(F)F)(F)F)(F)F)(F)F)(F)F)(F)F)(F)F)(F)F,,6.4,22,biotransformation,,3.8,,,,,24,,,aerobic,
diFESOS,,C(C(=O)O)SC(C(F)OC(C(C(F)(F)F)(F)F)(F)F)(F)F,,C(C(F)(F)S(=O)(=O)O)(F)OC(C(C(F)(F)F)(F)F)(F)F,600,,20,biotransformation,,,,,,,,3.42,150,aerobic,38
diFESOS,,C(CSC(C(F)OC(C(C(F)(F)F)(F)F)(F)F)(F)F)OC(=O)C(CC(=O)O)S(=O)(=O)O,,C(CSC(C(F)OC(C(C(F)(F)F)(F)F)(F)F)(F)F)O,600,,20,biotransformation,,,,,,,,3.42,150,aerobic,38
diFESOS,,C(=O)(C(F)OC(C(C(F)(F)F)(F)F)(F)F)F,,C(C(=O)O)(F)OC(C(C(F)(F)F)(F)F)(F)F,600,,20,biotransformation,,,,,,,,3.42,150,aerobic,38
diFESOS,,C(CSC(C(F)OC(C(C(F)(F)F)(F)F)(F)F)(F)F)OC(=O)CC(C(=O)OCCSC(C(F)OC(C(C(F)(F)F)(F)F)(F)F)(F)F)S(=O)(=O)O,,C(CSC(C(F)OC(C(C(F)(F)F)(F)F)(F)F)(F)F)OC(=O)C(CC(=O)O)S(=O)(=O)O,600,,20,biotransformation,,,,,,,,3.42,150,aerobic,38
diFESOS,,C(C(F)(F)O)(F)OC(C(C(F)(F)F)(F)F)(F)F,,C(=O)(C(F)OC(C(C(F)(F)F)(F)F)(F)F)F,600,,20,biotransformation,,,,,,,,3.42,150,aerobic,38
diFESOS,,C(CSC(C(F)OC(C(C(F)(F)F)(F)F)(F)F)(F)F)OC(=O)CC(C(=O)OCCSC(C(F)OC(C(C(F)(F)F)(F)F)(F)F)(F)F)S(=O)(=O)O,,C(CSC(C(F)OC(C(C(F)(F)F)(F)F)(F)F)(F)F)O,600,,20,biotransformation,,,,,,,,3.42,150,aerobic,38
diFESOS,,C(C(=O)O)SC(C(F)OC(C(C(F)(F)F)(F)F)(F)F)(F)F,,C(C(F)(F)O)(F)OC(C(C(F)(F)F)(F)F)(F)F,600,,20,biotransformation,,,,,,,,3.42,150,aerobic,38
diFESOS,,C(CSC(C(F)OC(C(C(F)(F)F)(F)F)(F)F)(F)F)O,,C(C(=O)O)SC(C(F)OC(C(C(F)(F)F)(F)F)(F)F)(F)F,600,,20,biotransformation,,,,,,,,3.42,150,aerobic,38
6:2 FTS ,1,O=S(CCC(F)(C(F)(C(F)(C(F)(C(F)(C(F)(F)F)F)F)F)F)F)([O-])=O,,O=S(C(O)C(O)C(F)(C(F)(C(F)(C(F)(C(F)(C(F)(F)F)F)F)F)F)F)([O-])=O,96.6,,,UV/H2O2,,,,,,,,,,,
6:2 FTS ,2,O=S(C(O)C(O)C(F)(C(F)(C(F)(C(F)(C(F)(C(F)(F)F)F)F)F)F)F)([O-])=O,,O=C(O)C(F)(C(F)(C(F)(C(F)(C(F)(C(F)(F)F)F)F)F)F)F,96.6,,,UV/H2O2,,,,,,,,,,,
6:2 FTS ,3,O=C(O)C(F)(C(F)(C(F)(C(F)(C(F)(C(F)(F)F)F)F)F)F)F,,FC(C(F)(C(F)(C(F)(C(F)(C(F)(F)F)F)F)F)F)(O)F,96.6,,,UV/H2O2,,,,,,,,,,,
6:2 FTS ,4,FC(C(F)(C(F)(C(F)(C(F)(C(F)(F)F)F)F)F)F)(O)F,,FC(F)(C(F)(C(F)(C(F)(C(F)(F)F)F)F)F)C(F)=O,96.6,,,UV/H2O2,,,,,,,,,,,
6:2 FTS ,5,FC(F)(C(F)(C(F)(C(F)(C(F)(F)F)F)F)F)C(F)=O,PFHxA,FC(F)(C(F)(C(F)(C(F)(C(F)(F)F)F)F)F)C(O)=O,96.6,,,UV/H2O2,,,,,,,,,,,
6:2 FTS ,6,FC(F)(C(F)(C(F)(C(F)(C(F)(F)F)F)F)F)C(O)=O,,FC(F)(C(F)(C(F)(C(F)(F)F)F)F)C(O)=O,96.6,,,UV/H2O2,,,,,,,,,,,
6:2 FTS ,7,FC(F)(C(F)(C(F)(C(F)(F)F)F)F)C(O)=O,PFBA,FC(F)(C(F)(C(F)(F)F)F)C(O)=O,96.6,,,UV/H2O2,,,,,,,,,,,
6:2 FTS ,8,FC(F)(C(F)(C(F)(F)F)F)C(O)=O,PFPrA,FC(F)(C(F)(F)F)C(O)=O,96.6,,,UV/H2O2,,,,,,,,,,,
6:2 FTS ,9,FC(F)(C(F)(F)F)C(O)=O,,FC(F)(F)C(O)=O,96.6,,,UV/H2O2,,,,,,,,,,,
6:2 FTS ,10,FC(F)(F)C(O)=O,F-,[F-],96.6,,,UV/H2O2,,,,,,,,,,,
6:2 FTS ,11,FC(F)(F)C(O)=O,CO2,C(=O)=O,96.6,,,UV/H2O2,,,,,,,,,,,
6:2 FTS ,12,FC(F)(F)C(O)=O,H2O,O,96.6,,,UV/H2O2,,,,,,,,,,,
